Migrant region one year ago code,Migrant region one year ago label,Migration Region (outflow) (3 categories) code,Migration Region (outflow) (3 categories) label,National Statistics Socio-economic Classification (NS-SeC) (10 categories) code,National Statistics Socio-economic Classification (NS-SeC) (10 categories) label,Count
-8,Does not apply,-8,Does not apply,-8,Does not apply,9438209
-8,Does not apply,-8,Does not apply,1,"L1, L2 and L3: Higher managerial, administrative and professional occupations",5554887
-8,Does not apply,-8,Does not apply,2,"L4, L5 and L6: Lower managerial, administrative and professional occupations",8599825
-8,Does not apply,-8,Does not apply,3,L7: Intermediate occupations,5042701
-8,Does not apply,-8,Does not apply,4,L8 and L9: Small employers and own account workers,4688028
-8,Does not apply,-8,Does not apply,5,L10 and L11: Lower supervisory and technical occupations,2381220
-8,Does not apply,-8,Does not apply,6,L12: Semi-routine occupations,5046943
-8,Does not apply,-8,Does not apply,7,L13: Routine occupations,5332321
-8,Does not apply,-8,Does not apply,8,L14.1 and L14.2: Never worked and long-term unemployed,3798980
-8,Does not apply,-8,Does not apply,9,L15: Full-time students,2648935
-8,Does not apply,1,"Outflow: moved out of the area, but within the associated area",-8,Does not apply,0
-8,Does not apply,1,"Outflow: moved out of the area, but within the associated area",1,"L1, L2 and L3: Higher managerial, administrative and professional occupations",0
-8,Does not apply,1,"Outflow: moved out of the area, but within the associated area",2,"L4, L5 and L6: Lower managerial, administrative and professional occupations",0
-8,Does not apply,1,"Outflow: moved out of the area, but within the associated area",3,L7: Intermediate occupations,0
-8,Does not apply,1,"Outflow: moved out of the area, but within the associated area",4,L8 and L9: Small employers and own account workers,0
-8,Does not apply,1,"Outflow: moved out of the area, but within the associated area",5,L10 and L11: Lower supervisory and technical occupations,0
-8,Does not apply,1,"Outflow: moved out of the area, but within the associated area",6,L12: Semi-routine occupations,0
-8,Does not apply,1,"Outflow: moved out of the area, but within the associated area",7,L13: Routine occupations,0
-8,Does not apply,1,"Outflow: moved out of the area, but within the associated area",8,L14.1 and L14.2: Never worked and long-term unemployed,0
-8,Does not apply,1,"Outflow: moved out of the area, but within the associated area",9,L15: Full-time students,0
-8,Does not apply,2,"Outflow: moved out of the associated area, but within England and Wales",-8,Does not apply,0
-8,Does not apply,2,"Outflow: moved out of the associated area, but within England and Wales",1,"L1, L2 and L3: Higher managerial, administrative and professional occupations",0
-8,Does not apply,2,"Outflow: moved out of the associated area, but within England and Wales",2,"L4, L5 and L6: Lower managerial, administrative and professional occupations",0
-8,Does not apply,2,"Outflow: moved out of the associated area, but within England and Wales",3,L7: Intermediate occupations,0
-8,Does not apply,2,"Outflow: moved out of the associated area, but within England and Wales",4,L8 and L9: Small employers and own account workers,0
-8,Does not apply,2,"Outflow: moved out of the associated area, but within England and Wales",5,L10 and L11: Lower supervisory and technical occupations,0
-8,Does not apply,2,"Outflow: moved out of the associated area, but within England and Wales",6,L12: Semi-routine occupations,0
-8,Does not apply,2,"Outflow: moved out of the associated area, but within England and Wales",7,L13: Routine occupations,0
-8,Does not apply,2,"Outflow: moved out of the associated area, but within England and Wales",8,L14.1 and L14.2: Never worked and long-term unemployed,0
-8,Does not apply,2,"Outflow: moved out of the associated area, but within England and Wales",9,L15: Full-time students,0
999999999,Person with migrant origin outside the UK,-8,Does not apply,-8,Does not apply,77790
999999999,Person with migrant origin outside the UK,-8,Does not apply,1,"L1, L2 and L3: Higher managerial, administrative and professional occupations",69654
999999999,Person with migrant origin outside the UK,-8,Does not apply,2,"L4, L5 and L6: Lower managerial, administrative and professional occupations",73641
999999999,Person with migrant origin outside the UK,-8,Does not apply,3,L7: Intermediate occupations,26886
999999999,Person with migrant origin outside the UK,-8,Does not apply,4,L8 and L9: Small employers and own account workers,32473
999999999,Person with migrant origin outside the UK,-8,Does not apply,5,L10 and L11: Lower supervisory and technical occupations,11624
999999999,Person with migrant origin outside the UK,-8,Does not apply,6,L12: Semi-routine occupations,24329
999999999,Person with migrant origin outside the UK,-8,Does not apply,7,L13: Routine occupations,42954
999999999,Person with migrant origin outside the UK,-8,Does not apply,8,L14.1 and L14.2: Never worked and long-term unemployed,53959
999999999,Person with migrant origin outside the UK,-8,Does not apply,9,L15: Full-time students,131786
999999999,Person with migrant origin outside the UK,1,"Outflow: moved out of the area, but within the associated area",-8,Does not apply,0
999999999,Person with migrant origin outside the UK,1,"Outflow: moved out of the area, but within the associated area",1,"L1, L2 and L3: Higher managerial, administrative and professional occupations",0
999999999,Person with migrant origin outside the UK,1,"Outflow: moved out of the area, but within the associated area",2,"L4, L5 and L6: Lower managerial, administrative and professional occupations",0
999999999,Person with migrant origin outside the UK,1,"Outflow: moved out of the area, but within the associated area",3,L7: Intermediate occupations,0
999999999,Person with migrant origin outside the UK,1,"Outflow: moved out of the area, but within the associated area",4,L8 and L9: Small employers and own account workers,0
999999999,Person with migrant origin outside the UK,1,"Outflow: moved out of the area, but within the associated area",5,L10 and L11: Lower supervisory and technical occupations,0
999999999,Person with migrant origin outside the UK,1,"Outflow: moved out of the area, but within the associated area",6,L12: Semi-routine occupations,0
999999999,Person with migrant origin outside the UK,1,"Outflow: moved out of the area, but within the associated area",7,L13: Routine occupations,0
999999999,Person with migrant origin outside the UK,1,"Outflow: moved out of the area, but within the associated area",8,L14.1 and L14.2: Never worked and long-term unemployed,0
999999999,Person with migrant origin outside the UK,1,"Outflow: moved out of the area, but within the associated area",9,L15: Full-time students,0
999999999,Person with migrant origin outside the UK,2,"Outflow: moved out of the associated area, but within England and Wales",-8,Does not apply,0
999999999,Person with migrant origin outside the UK,2,"Outflow: moved out of the associated area, but within England and Wales",1,"L1, L2 and L3: Higher managerial, administrative and professional occupations",0
999999999,Person with migrant origin outside the UK,2,"Outflow: moved out of the associated area, but within England and Wales",2,"L4, L5 and L6: Lower managerial, administrative and professional occupations",0
999999999,Person with migrant origin outside the UK,2,"Outflow: moved out of the associated area, but within England and Wales",3,L7: Intermediate occupations,0
999999999,Person with migrant origin outside the UK,2,"Outflow: moved out of the associated area, but within England and Wales",4,L8 and L9: Small employers and own account workers,0
999999999,Person with migrant origin outside the UK,2,"Outflow: moved out of the associated area, but within England and Wales",5,L10 and L11: Lower supervisory and technical occupations,0
999999999,Person with migrant origin outside the UK,2,"Outflow: moved out of the associated area, but within England and Wales",6,L12: Semi-routine occupations,0
999999999,Person with migrant origin outside the UK,2,"Outflow: moved out of the associated area, but within England and Wales",7,L13: Routine occupations,0
999999999,Person with migrant origin outside the UK,2,"Outflow: moved out of the associated area, but within England and Wales",8,L14.1 and L14.2: Never worked and long-term unemployed,0
999999999,Person with migrant origin outside the UK,2,"Outflow: moved out of the associated area, but within England and Wales",9,L15: Full-time students,0
E12000001,North East,-8,Does not apply,-8,Does not apply,35775
E12000001,North East,-8,Does not apply,1,"L1, L2 and L3: Higher managerial, administrative and professional occupations",15905
E12000001,North East,-8,Does not apply,2,"L4, L5 and L6: Lower managerial, administrative and professional occupations",28413
E12000001,North East,-8,Does not apply,3,L7: Intermediate occupations,17884
E12000001,North East,-8,Does not apply,4,L8 and L9: Small employers and own account workers,10105
E12000001,North East,-8,Does not apply,5,L10 and L11: Lower supervisory and technical occupations,8602
E12000001,North East,-8,Does not apply,6,L12: Semi-routine occupations,19301
E12000001,North East,-8,Does not apply,7,L13: Routine occupations,18521
E12000001,North East,-8,Does not apply,8,L14.1 and L14.2: Never worked and long-term unemployed,15402
E12000001,North East,-8,Does not apply,9,L15: Full-time students,35598
E12000001,North East,1,"Outflow: moved out of the area, but within the associated area",-8,Does not apply,2074
E12000001,North East,1,"Outflow: moved out of the area, but within the associated area",1,"L1, L2 and L3: Higher managerial, administrative and professional occupations",3659
E12000001,North East,1,"Outflow: moved out of the area, but within the associated area",2,"L4, L5 and L6: Lower managerial, administrative and professional occupations",4245
E12000001,North East,1,"Outflow: moved out of the area, but within the associated area",3,L7: Intermediate occupations,2213
E12000001,North East,1,"Outflow: moved out of the area, but within the associated area",4,L8 and L9: Small employers and own account workers,1096
E12000001,North East,1,"Outflow: moved out of the area, but within the associated area",5,L10 and L11: Lower supervisory and technical occupations,655
E12000001,North East,1,"Outflow: moved out of the area, but within the associated area",6,L12: Semi-routine occupations,1583
E12000001,North East,1,"Outflow: moved out of the area, but within the associated area",7,L13: Routine occupations,1510
E12000001,North East,1,"Outflow: moved out of the area, but within the associated area",8,L14.1 and L14.2: Never worked and long-term unemployed,1579
E12000001,North East,1,"Outflow: moved out of the area, but within the associated area",9,L15: Full-time students,9013
E12000001,North East,2,"Outflow: moved out of the associated area, but within England and Wales",-8,Does not apply,48
E12000001,North East,2,"Outflow: moved out of the associated area, but within England and Wales",1,"L1, L2 and L3: Higher managerial, administrative and professional occupations",61
E12000001,North East,2,"Outflow: moved out of the associated area, but within England and Wales",2,"L4, L5 and L6: Lower managerial, administrative and professional occupations",90
E12000001,North East,2,"Outflow: moved out of the associated area, but within England and Wales",3,L7: Intermediate occupations,44
E12000001,North East,2,"Outflow: moved out of the associated area, but within England and Wales",4,L8 and L9: Small employers and own account workers,14
E12000001,North East,2,"Outflow: moved out of the associated area, but within England and Wales",5,L10 and L11: Lower supervisory and technical occupations,25
E12000001,North East,2,"Outflow: moved out of the associated area, but within England and Wales",6,L12: Semi-routine occupations,54
E12000001,North East,2,"Outflow: moved out of the associated area, but within England and Wales",7,L13: Routine occupations,32
E12000001,North East,2,"Outflow: moved out of the associated area, but within England and Wales",8,L14.1 and L14.2: Never worked and long-term unemployed,28
E12000001,North East,2,"Outflow: moved out of the associated area, but within England and Wales",9,L15: Full-time students,211
E12000002,North West,-8,Does not apply,-8,Does not apply,96771
E12000002,North West,-8,Does not apply,1,"L1, L2 and L3: Higher managerial, administrative and professional occupations",54772
E12000002,North West,-8,Does not apply,2,"L4, L5 and L6: Lower managerial, administrative and professional occupations",91820
E12000002,North West,-8,Does not apply,3,L7: Intermediate occupations,50528
E12000002,North West,-8,Does not apply,4,L8 and L9: Small employers and own account workers,35143
E12000002,North West,-8,Does not apply,5,L10 and L11: Lower supervisory and technical occupations,23533
E12000002,North West,-8,Does not apply,6,L12: Semi-routine occupations,47508
E12000002,North West,-8,Does not apply,7,L13: Routine occupations,51957
E12000002,North West,-8,Does not apply,8,L14.1 and L14.2: Never worked and long-term unemployed,32562
E12000002,North West,-8,Does not apply,9,L15: Full-time students,83007
E12000002,North West,1,"Outflow: moved out of the area, but within the associated area",-8,Does not apply,5442
E12000002,North West,1,"Outflow: moved out of the area, but within the associated area",1,"L1, L2 and L3: Higher managerial, administrative and professional occupations",9955
E12000002,North West,1,"Outflow: moved out of the area, but within the associated area",2,"L4, L5 and L6: Lower managerial, administrative and professional occupations",11715
E12000002,North West,1,"Outflow: moved out of the area, but within the associated area",3,L7: Intermediate occupations,5649
E12000002,North West,1,"Outflow: moved out of the area, but within the associated area",4,L8 and L9: Small employers and own account workers,3424
E12000002,North West,1,"Outflow: moved out of the area, but within the associated area",5,L10 and L11: Lower supervisory and technical occupations,1855
E12000002,North West,1,"Outflow: moved out of the area, but within the associated area",6,L12: Semi-routine occupations,4675
E12000002,North West,1,"Outflow: moved out of the area, but within the associated area",7,L13: Routine occupations,4835
E12000002,North West,1,"Outflow: moved out of the area, but within the associated area",8,L14.1 and L14.2: Never worked and long-term unemployed,3974
E12000002,North West,1,"Outflow: moved out of the area, but within the associated area",9,L15: Full-time students,24058
E12000002,North West,2,"Outflow: moved out of the associated area, but within England and Wales",-8,Does not apply,846
E12000002,North West,2,"Outflow: moved out of the associated area, but within England and Wales",1,"L1, L2 and L3: Higher managerial, administrative and professional occupations",1170
E12000002,North West,2,"Outflow: moved out of the associated area, but within England and Wales",2,"L4, L5 and L6: Lower managerial, administrative and professional occupations",1521
E12000002,North West,2,"Outflow: moved out of the associated area, but within England and Wales",3,L7: Intermediate occupations,701
E12000002,North West,2,"Outflow: moved out of the associated area, but within England and Wales",4,L8 and L9: Small employers and own account workers,667
E12000002,North West,2,"Outflow: moved out of the associated area, but within England and Wales",5,L10 and L11: Lower supervisory and technical occupations,341
E12000002,North West,2,"Outflow: moved out of the associated area, but within England and Wales",6,L12: Semi-routine occupations,752
E12000002,North West,2,"Outflow: moved out of the associated area, but within England and Wales",7,L13: Routine occupations,735
E12000002,North West,2,"Outflow: moved out of the associated area, but within England and Wales",8,L14.1 and L14.2: Never worked and long-term unemployed,512
E12000002,North West,2,"Outflow: moved out of the associated area, but within England and Wales",9,L15: Full-time students,1570
E12000003,Yorkshire and The Humber,-8,Does not apply,-8,Does not apply,71549
E12000003,Yorkshire and The Humber,-8,Does not apply,1,"L1, L2 and L3: Higher managerial, administrative and professional occupations",38188
E12000003,Yorkshire and The Humber,-8,Does not apply,2,"L4, L5 and L6: Lower managerial, administrative and professional occupations",64559
E12000003,Yorkshire and The Humber,-8,Does not apply,3,L7: Intermediate occupations,36236
E12000003,Yorkshire and The Humber,-8,Does not apply,4,L8 and L9: Small employers and own account workers,25608
E12000003,Yorkshire and The Humber,-8,Does not apply,5,L10 and L11: Lower supervisory and technical occupations,18768
E12000003,Yorkshire and The Humber,-8,Does not apply,6,L12: Semi-routine occupations,36526
E12000003,Yorkshire and The Humber,-8,Does not apply,7,L13: Routine occupations,44221
E12000003,Yorkshire and The Humber,-8,Does not apply,8,L14.1 and L14.2: Never worked and long-term unemployed,23327
E12000003,Yorkshire and The Humber,-8,Does not apply,9,L15: Full-time students,68102
E12000003,Yorkshire and The Humber,1,"Outflow: moved out of the area, but within the associated area",-8,Does not apply,6012
E12000003,Yorkshire and The Humber,1,"Outflow: moved out of the area, but within the associated area",1,"L1, L2 and L3: Higher managerial, administrative and professional occupations",9748
E12000003,Yorkshire and The Humber,1,"Outflow: moved out of the area, but within the associated area",2,"L4, L5 and L6: Lower managerial, administrative and professional occupations",12341
E12000003,Yorkshire and The Humber,1,"Outflow: moved out of the area, but within the associated area",3,L7: Intermediate occupations,6994
E12000003,Yorkshire and The Humber,1,"Outflow: moved out of the area, but within the associated area",4,L8 and L9: Small employers and own account workers,3272
E12000003,Yorkshire and The Humber,1,"Outflow: moved out of the area, but within the associated area",5,L10 and L11: Lower supervisory and technical occupations,2137
E12000003,Yorkshire and The Humber,1,"Outflow: moved out of the area, but within the associated area",6,L12: Semi-routine occupations,5024
E12000003,Yorkshire and The Humber,1,"Outflow: moved out of the area, but within the associated area",7,L13: Routine occupations,5130
E12000003,Yorkshire and The Humber,1,"Outflow: moved out of the area, but within the associated area",8,L14.1 and L14.2: Never worked and long-term unemployed,4025
E12000003,Yorkshire and The Humber,1,"Outflow: moved out of the area, but within the associated area",9,L15: Full-time students,23177
E12000003,Yorkshire and The Humber,2,"Outflow: moved out of the associated area, but within England and Wales",-8,Does not apply,140
E12000003,Yorkshire and The Humber,2,"Outflow: moved out of the associated area, but within England and Wales",1,"L1, L2 and L3: Higher managerial, administrative and professional occupations",204
E12000003,Yorkshire and The Humber,2,"Outflow: moved out of the associated area, but within England and Wales",2,"L4, L5 and L6: Lower managerial, administrative and professional occupations",343
E12000003,Yorkshire and The Humber,2,"Outflow: moved out of the associated area, but within England and Wales",3,L7: Intermediate occupations,159
E12000003,Yorkshire and The Humber,2,"Outflow: moved out of the associated area, but within England and Wales",4,L8 and L9: Small employers and own account workers,94
E12000003,Yorkshire and The Humber,2,"Outflow: moved out of the associated area, but within England and Wales",5,L10 and L11: Lower supervisory and technical occupations,61
E12000003,Yorkshire and The Humber,2,"Outflow: moved out of the associated area, but within England and Wales",6,L12: Semi-routine occupations,136
E12000003,Yorkshire and The Humber,2,"Outflow: moved out of the associated area, but within England and Wales",7,L13: Routine occupations,139
E12000003,Yorkshire and The Humber,2,"Outflow: moved out of the associated area, but within England and Wales",8,L14.1 and L14.2: Never worked and long-term unemployed,112
E12000003,Yorkshire and The Humber,2,"Outflow: moved out of the associated area, but within England and Wales",9,L15: Full-time students,507
E12000004,East Midlands,-8,Does not apply,-8,Does not apply,63236
E12000004,East Midlands,-8,Does not apply,1,"L1, L2 and L3: Higher managerial, administrative and professional occupations",30661
E12000004,East Midlands,-8,Does not apply,2,"L4, L5 and L6: Lower managerial, administrative and professional occupations",53491
E12000004,East Midlands,-8,Does not apply,3,L7: Intermediate occupations,29890
E12000004,East Midlands,-8,Does not apply,4,L8 and L9: Small employers and own account workers,23634
E12000004,East Midlands,-8,Does not apply,5,L10 and L11: Lower supervisory and technical occupations,16431
E12000004,East Midlands,-8,Does not apply,6,L12: Semi-routine occupations,31302
E12000004,East Midlands,-8,Does not apply,7,L13: Routine occupations,42416
E12000004,East Midlands,-8,Does not apply,8,L14.1 and L14.2: Never worked and long-term unemployed,16165
E12000004,East Midlands,-8,Does not apply,9,L15: Full-time students,61098
E12000004,East Midlands,1,"Outflow: moved out of the area, but within the associated area",-8,Does not apply,7004
E12000004,East Midlands,1,"Outflow: moved out of the area, but within the associated area",1,"L1, L2 and L3: Higher managerial, administrative and professional occupations",11041
E12000004,East Midlands,1,"Outflow: moved out of the area, but within the associated area",2,"L4, L5 and L6: Lower managerial, administrative and professional occupations",14243
E12000004,East Midlands,1,"Outflow: moved out of the area, but within the associated area",3,L7: Intermediate occupations,7637
E12000004,East Midlands,1,"Outflow: moved out of the area, but within the associated area",4,L8 and L9: Small employers and own account workers,4452
E12000004,East Midlands,1,"Outflow: moved out of the area, but within the associated area",5,L10 and L11: Lower supervisory and technical occupations,2602
E12000004,East Midlands,1,"Outflow: moved out of the area, but within the associated area",6,L12: Semi-routine occupations,5953
E12000004,East Midlands,1,"Outflow: moved out of the area, but within the associated area",7,L13: Routine occupations,6347
E12000004,East Midlands,1,"Outflow: moved out of the area, but within the associated area",8,L14.1 and L14.2: Never worked and long-term unemployed,4511
E12000004,East Midlands,1,"Outflow: moved out of the area, but within the associated area",9,L15: Full-time students,25162
E12000004,East Midlands,2,"Outflow: moved out of the associated area, but within England and Wales",-8,Does not apply,207
E12000004,East Midlands,2,"Outflow: moved out of the associated area, but within England and Wales",1,"L1, L2 and L3: Higher managerial, administrative and professional occupations",363
E12000004,East Midlands,2,"Outflow: moved out of the associated area, but within England and Wales",2,"L4, L5 and L6: Lower managerial, administrative and professional occupations",414
E12000004,East Midlands,2,"Outflow: moved out of the associated area, but within England and Wales",3,L7: Intermediate occupations,219
E12000004,East Midlands,2,"Outflow: moved out of the associated area, but within England and Wales",4,L8 and L9: Small employers and own account workers,179
E12000004,East Midlands,2,"Outflow: moved out of the associated area, but within England and Wales",5,L10 and L11: Lower supervisory and technical occupations,78
E12000004,East Midlands,2,"Outflow: moved out of the associated area, but within England and Wales",6,L12: Semi-routine occupations,177
E12000004,East Midlands,2,"Outflow: moved out of the associated area, but within England and Wales",7,L13: Routine occupations,200
E12000004,East Midlands,2,"Outflow: moved out of the associated area, but within England and Wales",8,L14.1 and L14.2: Never worked and long-term unemployed,135
E12000004,East Midlands,2,"Outflow: moved out of the associated area, but within England and Wales",9,L15: Full-time students,837
E12000005,West Midlands,-8,Does not apply,-8,Does not apply,81603
E12000005,West Midlands,-8,Does not apply,1,"L1, L2 and L3: Higher managerial, administrative and professional occupations",37940
E12000005,West Midlands,-8,Does not apply,2,"L4, L5 and L6: Lower managerial, administrative and professional occupations",63000
E12000005,West Midlands,-8,Does not apply,3,L7: Intermediate occupations,34885
E12000005,West Midlands,-8,Does not apply,4,L8 and L9: Small employers and own account workers,27218
E12000005,West Midlands,-8,Does not apply,5,L10 and L11: Lower supervisory and technical occupations,18155
E12000005,West Midlands,-8,Does not apply,6,L12: Semi-routine occupations,37385
E12000005,West Midlands,-8,Does not apply,7,L13: Routine occupations,43953
E12000005,West Midlands,-8,Does not apply,8,L14.1 and L14.2: Never worked and long-term unemployed,26601
E12000005,West Midlands,-8,Does not apply,9,L15: Full-time students,53917
E12000005,West Midlands,1,"Outflow: moved out of the area, but within the associated area",-8,Does not apply,6947
E12000005,West Midlands,1,"Outflow: moved out of the area, but within the associated area",1,"L1, L2 and L3: Higher managerial, administrative and professional occupations",11068
E12000005,West Midlands,1,"Outflow: moved out of the area, but within the associated area",2,"L4, L5 and L6: Lower managerial, administrative and professional occupations",13547
E12000005,West Midlands,1,"Outflow: moved out of the area, but within the associated area",3,L7: Intermediate occupations,6580
E12000005,West Midlands,1,"Outflow: moved out of the area, but within the associated area",4,L8 and L9: Small employers and own account workers,4007
E12000005,West Midlands,1,"Outflow: moved out of the area, but within the associated area",5,L10 and L11: Lower supervisory and technical occupations,2290
E12000005,West Midlands,1,"Outflow: moved out of the area, but within the associated area",6,L12: Semi-routine occupations,5185
E12000005,West Midlands,1,"Outflow: moved out of the area, but within the associated area",7,L13: Routine occupations,5477
E12000005,West Midlands,1,"Outflow: moved out of the area, but within the associated area",8,L14.1 and L14.2: Never worked and long-term unemployed,4046
E12000005,West Midlands,1,"Outflow: moved out of the area, but within the associated area",9,L15: Full-time students,27273
E12000005,West Midlands,2,"Outflow: moved out of the associated area, but within England and Wales",-8,Does not apply,747
E12000005,West Midlands,2,"Outflow: moved out of the associated area, but within England and Wales",1,"L1, L2 and L3: Higher managerial, administrative and professional occupations",881
E12000005,West Midlands,2,"Outflow: moved out of the associated area, but within England and Wales",2,"L4, L5 and L6: Lower managerial, administrative and professional occupations",1197
E12000005,West Midlands,2,"Outflow: moved out of the associated area, but within England and Wales",3,L7: Intermediate occupations,575
E12000005,West Midlands,2,"Outflow: moved out of the associated area, but within England and Wales",4,L8 and L9: Small employers and own account workers,589
E12000005,West Midlands,2,"Outflow: moved out of the associated area, but within England and Wales",5,L10 and L11: Lower supervisory and technical occupations,236
E12000005,West Midlands,2,"Outflow: moved out of the associated area, but within England and Wales",6,L12: Semi-routine occupations,575
E12000005,West Midlands,2,"Outflow: moved out of the associated area, but within England and Wales",7,L13: Routine occupations,540
E12000005,West Midlands,2,"Outflow: moved out of the associated area, but within England and Wales",8,L14.1 and L14.2: Never worked and long-term unemployed,351
E12000005,West Midlands,2,"Outflow: moved out of the associated area, but within England and Wales",9,L15: Full-time students,2462
E12000006,East of England,-8,Does not apply,-8,Does not apply,84487
E12000006,East of England,-8,Does not apply,1,"L1, L2 and L3: Higher managerial, administrative and professional occupations",50633
E12000006,East of England,-8,Does not apply,2,"L4, L5 and L6: Lower managerial, administrative and professional occupations",79353
E12000006,East of England,-8,Does not apply,3,L7: Intermediate occupations,42239
E12000006,East of England,-8,Does not apply,4,L8 and L9: Small employers and own account workers,37671
E12000006,East of England,-8,Does not apply,5,L10 and L11: Lower supervisory and technical occupations,20290
E12000006,East of England,-8,Does not apply,6,L12: Semi-routine occupations,38469
E12000006,East of England,-8,Does not apply,7,L13: Routine occupations,41623
E12000006,East of England,-8,Does not apply,8,L14.1 and L14.2: Never worked and long-term unemployed,18288
E12000006,East of England,-8,Does not apply,9,L15: Full-time students,39065
E12000006,East of England,1,"Outflow: moved out of the area, but within the associated area",-8,Does not apply,11920
E12000006,East of England,1,"Outflow: moved out of the area, but within the associated area",1,"L1, L2 and L3: Higher managerial, administrative and professional occupations",17882
E12000006,East of England,1,"Outflow: moved out of the area, but within the associated area",2,"L4, L5 and L6: Lower managerial, administrative and professional occupations",20685
E12000006,East of England,1,"Outflow: moved out of the area, but within the associated area",3,L7: Intermediate occupations,9539
E12000006,East of England,1,"Outflow: moved out of the area, but within the associated area",4,L8 and L9: Small employers and own account workers,7405
E12000006,East of England,1,"Outflow: moved out of the area, but within the associated area",5,L10 and L11: Lower supervisory and technical occupations,3204
E12000006,East of England,1,"Outflow: moved out of the area, but within the associated area",6,L12: Semi-routine occupations,6600
E12000006,East of England,1,"Outflow: moved out of the area, but within the associated area",7,L13: Routine occupations,6735
E12000006,East of England,1,"Outflow: moved out of the area, but within the associated area",8,L14.1 and L14.2: Never worked and long-term unemployed,4634
E12000006,East of England,1,"Outflow: moved out of the area, but within the associated area",9,L15: Full-time students,38842
E12000006,East of England,2,"Outflow: moved out of the associated area, but within England and Wales",-8,Does not apply,319
E12000006,East of England,2,"Outflow: moved out of the associated area, but within England and Wales",1,"L1, L2 and L3: Higher managerial, administrative and professional occupations",473
E12000006,East of England,2,"Outflow: moved out of the associated area, but within England and Wales",2,"L4, L5 and L6: Lower managerial, administrative and professional occupations",528
E12000006,East of England,2,"Outflow: moved out of the associated area, but within England and Wales",3,L7: Intermediate occupations,266
E12000006,East of England,2,"Outflow: moved out of the associated area, but within England and Wales",4,L8 and L9: Small employers and own account workers,219
E12000006,East of England,2,"Outflow: moved out of the associated area, but within England and Wales",5,L10 and L11: Lower supervisory and technical occupations,89
E12000006,East of England,2,"Outflow: moved out of the associated area, but within England and Wales",6,L12: Semi-routine occupations,244
E12000006,East of England,2,"Outflow: moved out of the associated area, but within England and Wales",7,L13: Routine occupations,206
E12000006,East of England,2,"Outflow: moved out of the associated area, but within England and Wales",8,L14.1 and L14.2: Never worked and long-term unemployed,107
E12000006,East of England,2,"Outflow: moved out of the associated area, but within England and Wales",9,L15: Full-time students,1170
E12000007,London,-8,Does not apply,-8,Does not apply,120484
E12000007,London,-8,Does not apply,1,"L1, L2 and L3: Higher managerial, administrative and professional occupations",166924
E12000007,London,-8,Does not apply,2,"L4, L5 and L6: Lower managerial, administrative and professional occupations",167848
E12000007,London,-8,Does not apply,3,L7: Intermediate occupations,54052
E12000007,London,-8,Does not apply,4,L8 and L9: Small employers and own account workers,70584
E12000007,London,-8,Does not apply,5,L10 and L11: Lower supervisory and technical occupations,27035
E12000007,London,-8,Does not apply,6,L12: Semi-routine occupations,47152
E12000007,London,-8,Does not apply,7,L13: Routine occupations,56924
E12000007,London,-8,Does not apply,8,L14.1 and L14.2: Never worked and long-term unemployed,44442
E12000007,London,-8,Does not apply,9,L15: Full-time students,88055
E12000007,London,1,"Outflow: moved out of the area, but within the associated area",-8,Does not apply,41779
E12000007,London,1,"Outflow: moved out of the area, but within the associated area",1,"L1, L2 and L3: Higher managerial, administrative and professional occupations",63623
E12000007,London,1,"Outflow: moved out of the area, but within the associated area",2,"L4, L5 and L6: Lower managerial, administrative and professional occupations",63553
E12000007,London,1,"Outflow: moved out of the area, but within the associated area",3,L7: Intermediate occupations,22832
E12000007,London,1,"Outflow: moved out of the area, but within the associated area",4,L8 and L9: Small employers and own account workers,25188
E12000007,London,1,"Outflow: moved out of the area, but within the associated area",5,L10 and L11: Lower supervisory and technical occupations,8291
E12000007,London,1,"Outflow: moved out of the area, but within the associated area",6,L12: Semi-routine occupations,15110
E12000007,London,1,"Outflow: moved out of the area, but within the associated area",7,L13: Routine occupations,16297
E12000007,London,1,"Outflow: moved out of the area, but within the associated area",8,L14.1 and L14.2: Never worked and long-term unemployed,11355
E12000007,London,1,"Outflow: moved out of the area, but within the associated area",9,L15: Full-time students,56827
E12000007,London,2,"Outflow: moved out of the associated area, but within England and Wales",-8,Does not apply,497
E12000007,London,2,"Outflow: moved out of the associated area, but within England and Wales",1,"L1, L2 and L3: Higher managerial, administrative and professional occupations",1356
E12000007,London,2,"Outflow: moved out of the associated area, but within England and Wales",2,"L4, L5 and L6: Lower managerial, administrative and professional occupations",1427
E12000007,London,2,"Outflow: moved out of the associated area, but within England and Wales",3,L7: Intermediate occupations,465
E12000007,London,2,"Outflow: moved out of the associated area, but within England and Wales",4,L8 and L9: Small employers and own account workers,496
E12000007,London,2,"Outflow: moved out of the associated area, but within England and Wales",5,L10 and L11: Lower supervisory and technical occupations,170
E12000007,London,2,"Outflow: moved out of the associated area, but within England and Wales",6,L12: Semi-routine occupations,311
E12000007,London,2,"Outflow: moved out of the associated area, but within England and Wales",7,L13: Routine occupations,326
E12000007,London,2,"Outflow: moved out of the associated area, but within England and Wales",8,L14.1 and L14.2: Never worked and long-term unemployed,271
E12000007,London,2,"Outflow: moved out of the associated area, but within England and Wales",9,L15: Full-time students,1568
E12000008,South East,-8,Does not apply,-8,Does not apply,129271
E12000008,South East,-8,Does not apply,1,"L1, L2 and L3: Higher managerial, administrative and professional occupations",87147
E12000008,South East,-8,Does not apply,2,"L4, L5 and L6: Lower managerial, administrative and professional occupations",129824
E12000008,South East,-8,Does not apply,3,L7: Intermediate occupations,64507
E12000008,South East,-8,Does not apply,4,L8 and L9: Small employers and own account workers,58653
E12000008,South East,-8,Does not apply,5,L10 and L11: Lower supervisory and technical occupations,30973
E12000008,South East,-8,Does not apply,6,L12: Semi-routine occupations,58398
E12000008,South East,-8,Does not apply,7,L13: Routine occupations,55026
E12000008,South East,-8,Does not apply,8,L14.1 and L14.2: Never worked and long-term unemployed,27266
E12000008,South East,-8,Does not apply,9,L15: Full-time students,94077
E12000008,South East,1,"Outflow: moved out of the area, but within the associated area",-8,Does not apply,16536
E12000008,South East,1,"Outflow: moved out of the area, but within the associated area",1,"L1, L2 and L3: Higher managerial, administrative and professional occupations",29200
E12000008,South East,1,"Outflow: moved out of the area, but within the associated area",2,"L4, L5 and L6: Lower managerial, administrative and professional occupations",34095
E12000008,South East,1,"Outflow: moved out of the area, but within the associated area",3,L7: Intermediate occupations,15331
E12000008,South East,1,"Outflow: moved out of the area, but within the associated area",4,L8 and L9: Small employers and own account workers,11534
E12000008,South East,1,"Outflow: moved out of the area, but within the associated area",5,L10 and L11: Lower supervisory and technical occupations,5314
E12000008,South East,1,"Outflow: moved out of the area, but within the associated area",6,L12: Semi-routine occupations,10681
E12000008,South East,1,"Outflow: moved out of the area, but within the associated area",7,L13: Routine occupations,10133
E12000008,South East,1,"Outflow: moved out of the area, but within the associated area",8,L14.1 and L14.2: Never worked and long-term unemployed,6983
E12000008,South East,1,"Outflow: moved out of the area, but within the associated area",9,L15: Full-time students,55257
E12000008,South East,2,"Outflow: moved out of the associated area, but within England and Wales",-8,Does not apply,726
E12000008,South East,2,"Outflow: moved out of the associated area, but within England and Wales",1,"L1, L2 and L3: Higher managerial, administrative and professional occupations",1063
E12000008,South East,2,"Outflow: moved out of the associated area, but within England and Wales",2,"L4, L5 and L6: Lower managerial, administrative and professional occupations",1367
E12000008,South East,2,"Outflow: moved out of the associated area, but within England and Wales",3,L7: Intermediate occupations,714
E12000008,South East,2,"Outflow: moved out of the associated area, but within England and Wales",4,L8 and L9: Small employers and own account workers,596
E12000008,South East,2,"Outflow: moved out of the associated area, but within England and Wales",5,L10 and L11: Lower supervisory and technical occupations,234
E12000008,South East,2,"Outflow: moved out of the associated area, but within England and Wales",6,L12: Semi-routine occupations,577
E12000008,South East,2,"Outflow: moved out of the associated area, but within England and Wales",7,L13: Routine occupations,469
E12000008,South East,2,"Outflow: moved out of the associated area, but within England and Wales",8,L14.1 and L14.2: Never worked and long-term unemployed,285
E12000008,South East,2,"Outflow: moved out of the associated area, but within England and Wales",9,L15: Full-time students,3654
E12000009,South West,-8,Does not apply,-8,Does not apply,74816
E12000009,South West,-8,Does not apply,1,"L1, L2 and L3: Higher managerial, administrative and professional occupations",49965
E12000009,South West,-8,Does not apply,2,"L4, L5 and L6: Lower managerial, administrative and professional occupations",81404
E12000009,South West,-8,Does not apply,3,L7: Intermediate occupations,41154
E12000009,South West,-8,Does not apply,4,L8 and L9: Small employers and own account workers,38393
E12000009,South West,-8,Does not apply,5,L10 and L11: Lower supervisory and technical occupations,22346
E12000009,South West,-8,Does not apply,6,L12: Semi-routine occupations,43153
E12000009,South West,-8,Does not apply,7,L13: Routine occupations,41660
E12000009,South West,-8,Does not apply,8,L14.1 and L14.2: Never worked and long-term unemployed,15899
E12000009,South West,-8,Does not apply,9,L15: Full-time students,71879
E12000009,South West,1,"Outflow: moved out of the area, but within the associated area",-8,Does not apply,6211
E12000009,South West,1,"Outflow: moved out of the area, but within the associated area",1,"L1, L2 and L3: Higher managerial, administrative and professional occupations",12565
E12000009,South West,1,"Outflow: moved out of the area, but within the associated area",2,"L4, L5 and L6: Lower managerial, administrative and professional occupations",15301
E12000009,South West,1,"Outflow: moved out of the area, but within the associated area",3,L7: Intermediate occupations,7756
E12000009,South West,1,"Outflow: moved out of the area, but within the associated area",4,L8 and L9: Small employers and own account workers,4894
E12000009,South West,1,"Outflow: moved out of the area, but within the associated area",5,L10 and L11: Lower supervisory and technical occupations,2681
E12000009,South West,1,"Outflow: moved out of the area, but within the associated area",6,L12: Semi-routine occupations,5648
E12000009,South West,1,"Outflow: moved out of the area, but within the associated area",7,L13: Routine occupations,5396
E12000009,South West,1,"Outflow: moved out of the area, but within the associated area",8,L14.1 and L14.2: Never worked and long-term unemployed,3439
E12000009,South West,1,"Outflow: moved out of the area, but within the associated area",9,L15: Full-time students,24223
E12000009,South West,2,"Outflow: moved out of the associated area, but within England and Wales",-8,Does not apply,870
E12000009,South West,2,"Outflow: moved out of the associated area, but within England and Wales",1,"L1, L2 and L3: Higher managerial, administrative and professional occupations",1464
E12000009,South West,2,"Outflow: moved out of the associated area, but within England and Wales",2,"L4, L5 and L6: Lower managerial, administrative and professional occupations",1995
E12000009,South West,2,"Outflow: moved out of the associated area, but within England and Wales",3,L7: Intermediate occupations,1069
E12000009,South West,2,"Outflow: moved out of the associated area, but within England and Wales",4,L8 and L9: Small employers and own account workers,739
E12000009,South West,2,"Outflow: moved out of the associated area, but within England and Wales",5,L10 and L11: Lower supervisory and technical occupations,399
E12000009,South West,2,"Outflow: moved out of the associated area, but within England and Wales",6,L12: Semi-routine occupations,882
E12000009,South West,2,"Outflow: moved out of the associated area, but within England and Wales",7,L13: Routine occupations,819
E12000009,South West,2,"Outflow: moved out of the associated area, but within England and Wales",8,L14.1 and L14.2: Never worked and long-term unemployed,404
E12000009,South West,2,"Outflow: moved out of the associated area, but within England and Wales",9,L15: Full-time students,4860
W92000004,Wales,-8,Does not apply,-8,Does not apply,38827
W92000004,Wales,-8,Does not apply,1,"L1, L2 and L3: Higher managerial, administrative and professional occupations",16586
W92000004,Wales,-8,Does not apply,2,"L4, L5 and L6: Lower managerial, administrative and professional occupations",31657
W92000004,Wales,-8,Does not apply,3,L7: Intermediate occupations,18401
W92000004,Wales,-8,Does not apply,4,L8 and L9: Small employers and own account workers,13225
W92000004,Wales,-8,Does not apply,5,L10 and L11: Lower supervisory and technical occupations,9727
W92000004,Wales,-8,Does not apply,6,L12: Semi-routine occupations,21147
W92000004,Wales,-8,Does not apply,7,L13: Routine occupations,20393
W92000004,Wales,-8,Does not apply,8,L14.1 and L14.2: Never worked and long-term unemployed,12285
W92000004,Wales,-8,Does not apply,9,L15: Full-time students,36612
W92000004,Wales,1,"Outflow: moved out of the area, but within the associated area",-8,Does not apply,0
W92000004,Wales,1,"Outflow: moved out of the area, but within the associated area",1,"L1, L2 and L3: Higher managerial, administrative and professional occupations",0
W92000004,Wales,1,"Outflow: moved out of the area, but within the associated area",2,"L4, L5 and L6: Lower managerial, administrative and professional occupations",0
W92000004,Wales,1,"Outflow: moved out of the area, but within the associated area",3,L7: Intermediate occupations,0
W92000004,Wales,1,"Outflow: moved out of the area, but within the associated area",4,L8 and L9: Small employers and own account workers,0
W92000004,Wales,1,"Outflow: moved out of the area, but within the associated area",5,L10 and L11: Lower supervisory and technical occupations,0
W92000004,Wales,1,"Outflow: moved out of the area, but within the associated area",6,L12: Semi-routine occupations,0
W92000004,Wales,1,"Outflow: moved out of the area, but within the associated area",7,L13: Routine occupations,0
W92000004,Wales,1,"Outflow: moved out of the area, but within the associated area",8,L14.1 and L14.2: Never worked and long-term unemployed,0
W92000004,Wales,1,"Outflow: moved out of the area, but within the associated area",9,L15: Full-time students,0
W92000004,Wales,2,"Outflow: moved out of the associated area, but within England and Wales",-8,Does not apply,2702
W92000004,Wales,2,"Outflow: moved out of the associated area, but within England and Wales",1,"L1, L2 and L3: Higher managerial, administrative and professional occupations",4859
W92000004,Wales,2,"Outflow: moved out of the associated area, but within England and Wales",2,"L4, L5 and L6: Lower managerial, administrative and professional occupations",6371
W92000004,Wales,2,"Outflow: moved out of the associated area, but within England and Wales",3,L7: Intermediate occupations,3314
W92000004,Wales,2,"Outflow: moved out of the associated area, but within England and Wales",4,L8 and L9: Small employers and own account workers,1958
W92000004,Wales,2,"Outflow: moved out of the associated area, but within England and Wales",5,L10 and L11: Lower supervisory and technical occupations,1233
W92000004,Wales,2,"Outflow: moved out of the associated area, but within England and Wales",6,L12: Semi-routine occupations,2936
W92000004,Wales,2,"Outflow: moved out of the associated area, but within England and Wales",7,L13: Routine occupations,2671
W92000004,Wales,2,"Outflow: moved out of the associated area, but within England and Wales",8,L14.1 and L14.2: Never worked and long-term unemployed,2030
W92000004,Wales,2,"Outflow: moved out of the associated area, but within England and Wales",9,L15: Full-time students,13653
