England and Wales code,England and Wales label,Migration National (inflow) (4 categories) code,Migration National (inflow) (4 categories) label,National Statistics Socio-economic Classification (NS-SeC) (10 categories) code,National Statistics Socio-economic Classification (NS-SeC) (10 categories) label,Count
K04000001,England and Wales,-8,Does not apply,-8,Does not apply,0
K04000001,England and Wales,-8,Does not apply,1,"L1, L2 and L3: Higher managerial, administrative and professional occupations",0
K04000001,England and Wales,-8,Does not apply,2,"L4, L5 and L6: Lower managerial, administrative and professional occupations",0
K04000001,England and Wales,-8,Does not apply,3,L7: Intermediate occupations,0
K04000001,England and Wales,-8,Does not apply,4,L8 and L9: Small employers and own account workers,0
K04000001,England and Wales,-8,Does not apply,5,L10 and L11: Lower supervisory and technical occupations,0
K04000001,England and Wales,-8,Does not apply,6,L12: Semi-routine occupations,0
K04000001,England and Wales,-8,Does not apply,7,L13: Routine occupations,0
K04000001,England and Wales,-8,Does not apply,8,L14.1 and L14.2: Never worked and long-term unemployed,0
K04000001,England and Wales,-8,Does not apply,9,L15: Full-time students,0
K04000001,England and Wales,1,Lived at the same address one year ago,-8,Does not apply,9435436
K04000001,England and Wales,1,Lived at the same address one year ago,1,"L1, L2 and L3: Higher managerial, administrative and professional occupations",5548608
K04000001,England and Wales,1,Lived at the same address one year ago,2,"L4, L5 and L6: Lower managerial, administrative and professional occupations",8593880
K04000001,England and Wales,1,Lived at the same address one year ago,3,L7: Intermediate occupations,5039847
K04000001,England and Wales,1,Lived at the same address one year ago,4,L8 and L9: Small employers and own account workers,4686348
K04000001,England and Wales,1,Lived at the same address one year ago,5,L10 and L11: Lower supervisory and technical occupations,2380118
K04000001,England and Wales,1,Lived at the same address one year ago,6,L12: Semi-routine occupations,5044889
K04000001,England and Wales,1,Lived at the same address one year ago,7,L13: Routine occupations,5330320
K04000001,England and Wales,1,Lived at the same address one year ago,8,L14.1 and L14.2: Never worked and long-term unemployed,3797224
K04000001,England and Wales,1,Lived at the same address one year ago,9,L15: Full-time students,2639857
K04000001,England and Wales,2,"Inflow: lived elsewhere one year ago, but within the same area",-8,Does not apply,910619
K04000001,England and Wales,2,"Inflow: lived elsewhere one year ago, but within the same area",1,"L1, L2 and L3: Higher managerial, administrative and professional occupations",735636
K04000001,England and Wales,2,"Inflow: lived elsewhere one year ago, but within the same area",2,"L4, L5 and L6: Lower managerial, administrative and professional occupations",1002290
K04000001,England and Wales,2,"Inflow: lived elsewhere one year ago, but within the same area",3,L7: Intermediate occupations,484682
K04000001,England and Wales,2,"Inflow: lived elsewhere one year ago, but within the same area",4,L8 and L9: Small employers and own account workers,412733
K04000001,England and Wales,2,"Inflow: lived elsewhere one year ago, but within the same area",5,L10 and L11: Lower supervisory and technical occupations,228862
K04000001,England and Wales,2,"Inflow: lived elsewhere one year ago, but within the same area",6,L12: Semi-routine occupations,449497
K04000001,England and Wales,2,"Inflow: lived elsewhere one year ago, but within the same area",7,L13: Routine occupations,486687
K04000001,England and Wales,2,"Inflow: lived elsewhere one year ago, but within the same area",8,L14.1 and L14.2: Never worked and long-term unemployed,282775
K04000001,England and Wales,2,"Inflow: lived elsewhere one year ago, but within the same area",9,L15: Full-time students,954811
K04000001,England and Wales,3,Inflow: lived elsewhere one year ago outside the UK,-8,Does not apply,77790
K04000001,England and Wales,3,Inflow: lived elsewhere one year ago outside the UK,1,"L1, L2 and L3: Higher managerial, administrative and professional occupations",69654
K04000001,England and Wales,3,Inflow: lived elsewhere one year ago outside the UK,2,"L4, L5 and L6: Lower managerial, administrative and professional occupations",73641
K04000001,England and Wales,3,Inflow: lived elsewhere one year ago outside the UK,3,L7: Intermediate occupations,26886
K04000001,England and Wales,3,Inflow: lived elsewhere one year ago outside the UK,4,L8 and L9: Small employers and own account workers,32473
K04000001,England and Wales,3,Inflow: lived elsewhere one year ago outside the UK,5,L10 and L11: Lower supervisory and technical occupations,11624
K04000001,England and Wales,3,Inflow: lived elsewhere one year ago outside the UK,6,L12: Semi-routine occupations,24329
K04000001,England and Wales,3,Inflow: lived elsewhere one year ago outside the UK,7,L13: Routine occupations,42954
K04000001,England and Wales,3,Inflow: lived elsewhere one year ago outside the UK,8,L14.1 and L14.2: Never worked and long-term unemployed,53959
K04000001,England and Wales,3,Inflow: lived elsewhere one year ago outside the UK,9,L15: Full-time students,131786
