Migrant country one year ago code,Migrant country one year ago label,Migration Country (outflow) (2 categories) code,Migration Country (outflow) (2 categories) label,National Statistics Socio-economic Classification (NS-SeC) (10 categories) code,National Statistics Socio-economic Classification (NS-SeC) (10 categories) label,Count
-8,Does not apply,-8,Does not apply,-8,Does not apply,9438209
-8,Does not apply,-8,Does not apply,1,"L1, L2 and L3: Higher managerial, administrative and professional occupations",5554887
-8,Does not apply,-8,Does not apply,2,"L4, L5 and L6: Lower managerial, administrative and professional occupations",8599825
-8,Does not apply,-8,Does not apply,3,L7: Intermediate occupations,5042701
-8,Does not apply,-8,Does not apply,4,L8 and L9: Small employers and own account workers,4688028
-8,Does not apply,-8,Does not apply,5,L10 and L11: Lower supervisory and technical occupations,2381220
-8,Does not apply,-8,Does not apply,6,L12: Semi-routine occupations,5046943
-8,Does not apply,-8,Does not apply,7,L13: Routine occupations,5332321
-8,Does not apply,-8,Does not apply,8,L14.1 and L14.2: Never worked and long-term unemployed,3798980
-8,Does not apply,-8,Does not apply,9,L15: Full-time students,2648935
-8,Does not apply,1,"Outflow: moved out of the area, but within the associated area",-8,Does not apply,0
-8,Does not apply,1,"Outflow: moved out of the area, but within the associated area",1,"L1, L2 and L3: Higher managerial, administrative and professional occupations",0
-8,Does not apply,1,"Outflow: moved out of the area, but within the associated area",2,"L4, L5 and L6: Lower managerial, administrative and professional occupations",0
-8,Does not apply,1,"Outflow: moved out of the area, but within the associated area",3,L7: Intermediate occupations,0
-8,Does not apply,1,"Outflow: moved out of the area, but within the associated area",4,L8 and L9: Small employers and own account workers,0
-8,Does not apply,1,"Outflow: moved out of the area, but within the associated area",5,L10 and L11: Lower supervisory and technical occupations,0
-8,Does not apply,1,"Outflow: moved out of the area, but within the associated area",6,L12: Semi-routine occupations,0
-8,Does not apply,1,"Outflow: moved out of the area, but within the associated area",7,L13: Routine occupations,0
-8,Does not apply,1,"Outflow: moved out of the area, but within the associated area",8,L14.1 and L14.2: Never worked and long-term unemployed,0
-8,Does not apply,1,"Outflow: moved out of the area, but within the associated area",9,L15: Full-time students,0
999999999,Person with migrant origin outside the UK,-8,Does not apply,-8,Does not apply,77790
999999999,Person with migrant origin outside the UK,-8,Does not apply,1,"L1, L2 and L3: Higher managerial, administrative and professional occupations",69654
999999999,Person with migrant origin outside the UK,-8,Does not apply,2,"L4, L5 and L6: Lower managerial, administrative and professional occupations",73641
999999999,Person with migrant origin outside the UK,-8,Does not apply,3,L7: Intermediate occupations,26886
999999999,Person with migrant origin outside the UK,-8,Does not apply,4,L8 and L9: Small employers and own account workers,32473
999999999,Person with migrant origin outside the UK,-8,Does not apply,5,L10 and L11: Lower supervisory and technical occupations,11624
999999999,Person with migrant origin outside the UK,-8,Does not apply,6,L12: Semi-routine occupations,24329
999999999,Person with migrant origin outside the UK,-8,Does not apply,7,L13: Routine occupations,42954
999999999,Person with migrant origin outside the UK,-8,Does not apply,8,L14.1 and L14.2: Never worked and long-term unemployed,53959
999999999,Person with migrant origin outside the UK,-8,Does not apply,9,L15: Full-time students,131786
999999999,Person with migrant origin outside the UK,1,"Outflow: moved out of the area, but within the associated area",-8,Does not apply,0
999999999,Person with migrant origin outside the UK,1,"Outflow: moved out of the area, but within the associated area",1,"L1, L2 and L3: Higher managerial, administrative and professional occupations",0
999999999,Person with migrant origin outside the UK,1,"Outflow: moved out of the area, but within the associated area",2,"L4, L5 and L6: Lower managerial, administrative and professional occupations",0
999999999,Person with migrant origin outside the UK,1,"Outflow: moved out of the area, but within the associated area",3,L7: Intermediate occupations,0
999999999,Person with migrant origin outside the UK,1,"Outflow: moved out of the area, but within the associated area",4,L8 and L9: Small employers and own account workers,0
999999999,Person with migrant origin outside the UK,1,"Outflow: moved out of the area, but within the associated area",5,L10 and L11: Lower supervisory and technical occupations,0
999999999,Person with migrant origin outside the UK,1,"Outflow: moved out of the area, but within the associated area",6,L12: Semi-routine occupations,0
999999999,Person with migrant origin outside the UK,1,"Outflow: moved out of the area, but within the associated area",7,L13: Routine occupations,0
999999999,Person with migrant origin outside the UK,1,"Outflow: moved out of the area, but within the associated area",8,L14.1 and L14.2: Never worked and long-term unemployed,0
999999999,Person with migrant origin outside the UK,1,"Outflow: moved out of the area, but within the associated area",9,L15: Full-time students,0
E92000001,England,-8,Does not apply,-8,Does not apply,861917
E92000001,England,-8,Does not apply,1,"L1, L2 and L3: Higher managerial, administrative and professional occupations",700877
E92000001,England,-8,Does not apply,2,"L4, L5 and L6: Lower managerial, administrative and professional occupations",949435
E92000001,England,-8,Does not apply,3,L7: Intermediate occupations,455903
E92000001,England,-8,Does not apply,4,L8 and L9: Small employers and own account workers,392275
E92000001,England,-8,Does not apply,5,L10 and L11: Lower supervisory and technical occupations,215167
E92000001,England,-8,Does not apply,6,L12: Semi-routine occupations,419652
E92000001,England,-8,Does not apply,7,L13: Routine occupations,458159
E92000001,England,-8,Does not apply,8,L14.1 and L14.2: Never worked and long-term unemployed,264499
E92000001,England,-8,Does not apply,9,L15: Full-time students,878630
E92000001,England,1,"Outflow: moved out of the area, but within the associated area",-8,Does not apply,4400
E92000001,England,1,"Outflow: moved out of the area, but within the associated area",1,"L1, L2 and L3: Higher managerial, administrative and professional occupations",7035
E92000001,England,1,"Outflow: moved out of the area, but within the associated area",2,"L4, L5 and L6: Lower managerial, administrative and professional occupations",8882
E92000001,England,1,"Outflow: moved out of the area, but within the associated area",3,L7: Intermediate occupations,4212
E92000001,England,1,"Outflow: moved out of the area, but within the associated area",4,L8 and L9: Small employers and own account workers,3593
E92000001,England,1,"Outflow: moved out of the area, but within the associated area",5,L10 and L11: Lower supervisory and technical occupations,1633
E92000001,England,1,"Outflow: moved out of the area, but within the associated area",6,L12: Semi-routine occupations,3708
E92000001,England,1,"Outflow: moved out of the area, but within the associated area",7,L13: Routine occupations,3466
E92000001,England,1,"Outflow: moved out of the area, but within the associated area",8,L14.1 and L14.2: Never worked and long-term unemployed,2205
E92000001,England,1,"Outflow: moved out of the area, but within the associated area",9,L15: Full-time students,16838
W92000004,Wales,-8,Does not apply,-8,Does not apply,38827
W92000004,Wales,-8,Does not apply,1,"L1, L2 and L3: Higher managerial, administrative and professional occupations",16586
W92000004,Wales,-8,Does not apply,2,"L4, L5 and L6: Lower managerial, administrative and professional occupations",31657
W92000004,Wales,-8,Does not apply,3,L7: Intermediate occupations,18401
W92000004,Wales,-8,Does not apply,4,L8 and L9: Small employers and own account workers,13225
W92000004,Wales,-8,Does not apply,5,L10 and L11: Lower supervisory and technical occupations,9727
W92000004,Wales,-8,Does not apply,6,L12: Semi-routine occupations,21147
W92000004,Wales,-8,Does not apply,7,L13: Routine occupations,20393
W92000004,Wales,-8,Does not apply,8,L14.1 and L14.2: Never worked and long-term unemployed,12285
W92000004,Wales,-8,Does not apply,9,L15: Full-time students,36612
W92000004,Wales,1,"Outflow: moved out of the area, but within the associated area",-8,Does not apply,2702
W92000004,Wales,1,"Outflow: moved out of the area, but within the associated area",1,"L1, L2 and L3: Higher managerial, administrative and professional occupations",4859
W92000004,Wales,1,"Outflow: moved out of the area, but within the associated area",2,"L4, L5 and L6: Lower managerial, administrative and professional occupations",6371
W92000004,Wales,1,"Outflow: moved out of the area, but within the associated area",3,L7: Intermediate occupations,3314
W92000004,Wales,1,"Outflow: moved out of the area, but within the associated area",4,L8 and L9: Small employers and own account workers,1958
W92000004,Wales,1,"Outflow: moved out of the area, but within the associated area",5,L10 and L11: Lower supervisory and technical occupations,1233
W92000004,Wales,1,"Outflow: moved out of the area, but within the associated area",6,L12: Semi-routine occupations,2936
W92000004,Wales,1,"Outflow: moved out of the area, but within the associated area",7,L13: Routine occupations,2671
W92000004,Wales,1,"Outflow: moved out of the area, but within the associated area",8,L14.1 and L14.2: Never worked and long-term unemployed,2030
W92000004,Wales,1,"Outflow: moved out of the area, but within the associated area",9,L15: Full-time students,13653
