Regions code,Regions label,Migration Region (inflow) (6 categories) code,Migration Region (inflow) (6 categories) label,National Statistics Socio-economic Classification (NS-SeC) (10 categories) code,National Statistics Socio-economic Classification (NS-SeC) (10 categories) label,Count
E12000001,North East,-8,Does not apply,-8,Does not apply,0
E12000001,North East,-8,Does not apply,1,"L1, L2 and L3: Higher managerial, administrative and professional occupations",0
E12000001,North East,-8,Does not apply,2,"L4, L5 and L6: Lower managerial, administrative and professional occupations",0
E12000001,North East,-8,Does not apply,3,L7: Intermediate occupations,0
E12000001,North East,-8,Does not apply,4,L8 and L9: Small employers and own account workers,0
E12000001,North East,-8,Does not apply,5,L10 and L11: Lower supervisory and technical occupations,0
E12000001,North East,-8,Does not apply,6,L12: Semi-routine occupations,0
E12000001,North East,-8,Does not apply,7,L13: Routine occupations,0
E12000001,North East,-8,Does not apply,8,L14.1 and L14.2: Never worked and long-term unemployed,0
E12000001,North East,-8,Does not apply,9,L15: Full-time students,0
E12000001,North East,1,Lived at the same address one year ago,-8,Does not apply,401983
E12000001,North East,1,Lived at the same address one year ago,1,"L1, L2 and L3: Higher managerial, administrative and professional occupations",188385
E12000001,North East,1,Lived at the same address one year ago,2,"L4, L5 and L6: Lower managerial, administrative and professional occupations",357980
E12000001,North East,1,Lived at the same address one year ago,3,L7: Intermediate occupations,235478
E12000001,North East,1,Lived at the same address one year ago,4,L8 and L9: Small employers and own account workers,157151
E12000001,North East,1,Lived at the same address one year ago,5,L10 and L11: Lower supervisory and technical occupations,126577
E12000001,North East,1,Lived at the same address one year ago,6,L12: Semi-routine occupations,265792
E12000001,North East,1,Lived at the same address one year ago,7,L13: Routine occupations,280248
E12000001,North East,1,Lived at the same address one year ago,8,L14.1 and L14.2: Never worked and long-term unemployed,230762
E12000001,North East,1,Lived at the same address one year ago,9,L15: Full-time students,110618
E12000001,North East,2,"Inflow: lived elsewhere one year ago, but within the same area",-8,Does not apply,35775
E12000001,North East,2,"Inflow: lived elsewhere one year ago, but within the same area",1,"L1, L2 and L3: Higher managerial, administrative and professional occupations",15905
E12000001,North East,2,"Inflow: lived elsewhere one year ago, but within the same area",2,"L4, L5 and L6: Lower managerial, administrative and professional occupations",28413
E12000001,North East,2,"Inflow: lived elsewhere one year ago, but within the same area",3,L7: Intermediate occupations,17884
E12000001,North East,2,"Inflow: lived elsewhere one year ago, but within the same area",4,L8 and L9: Small employers and own account workers,10105
E12000001,North East,2,"Inflow: lived elsewhere one year ago, but within the same area",5,L10 and L11: Lower supervisory and technical occupations,8602
E12000001,North East,2,"Inflow: lived elsewhere one year ago, but within the same area",6,L12: Semi-routine occupations,19301
E12000001,North East,2,"Inflow: lived elsewhere one year ago, but within the same area",7,L13: Routine occupations,18521
E12000001,North East,2,"Inflow: lived elsewhere one year ago, but within the same area",8,L14.1 and L14.2: Never worked and long-term unemployed,15402
E12000001,North East,2,"Inflow: lived elsewhere one year ago, but within the same area",9,L15: Full-time students,35598
E12000001,North East,3,"Inflow: lived elsewhere one year ago outside the area, but within the associated area",-8,Does not apply,3125
E12000001,North East,3,"Inflow: lived elsewhere one year ago outside the area, but within the associated area",1,"L1, L2 and L3: Higher managerial, administrative and professional occupations",4228
E12000001,North East,3,"Inflow: lived elsewhere one year ago outside the area, but within the associated area",2,"L4, L5 and L6: Lower managerial, administrative and professional occupations",5376
E12000001,North East,3,"Inflow: lived elsewhere one year ago outside the area, but within the associated area",3,L7: Intermediate occupations,2659
E12000001,North East,3,"Inflow: lived elsewhere one year ago outside the area, but within the associated area",4,L8 and L9: Small employers and own account workers,1618
E12000001,North East,3,"Inflow: lived elsewhere one year ago outside the area, but within the associated area",5,L10 and L11: Lower supervisory and technical occupations,993
E12000001,North East,3,"Inflow: lived elsewhere one year ago outside the area, but within the associated area",6,L12: Semi-routine occupations,2224
E12000001,North East,3,"Inflow: lived elsewhere one year ago outside the area, but within the associated area",7,L13: Routine occupations,2474
E12000001,North East,3,"Inflow: lived elsewhere one year ago outside the area, but within the associated area",8,L14.1 and L14.2: Never worked and long-term unemployed,1965
E12000001,North East,3,"Inflow: lived elsewhere one year ago outside the area, but within the associated area",9,L15: Full-time students,16206
E12000001,North East,4,"Inflow: lived elsewhere one year ago outside the associated area, but within the UK",-8,Does not apply,307
E12000001,North East,4,"Inflow: lived elsewhere one year ago outside the associated area, but within the UK",1,"L1, L2 and L3: Higher managerial, administrative and professional occupations",622
E12000001,North East,4,"Inflow: lived elsewhere one year ago outside the associated area, but within the UK",2,"L4, L5 and L6: Lower managerial, administrative and professional occupations",633
E12000001,North East,4,"Inflow: lived elsewhere one year ago outside the associated area, but within the UK",3,L7: Intermediate occupations,329
E12000001,North East,4,"Inflow: lived elsewhere one year ago outside the associated area, but within the UK",4,L8 and L9: Small employers and own account workers,191
E12000001,North East,4,"Inflow: lived elsewhere one year ago outside the associated area, but within the UK",5,L10 and L11: Lower supervisory and technical occupations,125
E12000001,North East,4,"Inflow: lived elsewhere one year ago outside the associated area, but within the UK",6,L12: Semi-routine occupations,276
E12000001,North East,4,"Inflow: lived elsewhere one year ago outside the associated area, but within the UK",7,L13: Routine occupations,253
E12000001,North East,4,"Inflow: lived elsewhere one year ago outside the associated area, but within the UK",8,L14.1 and L14.2: Never worked and long-term unemployed,200
E12000001,North East,4,"Inflow: lived elsewhere one year ago outside the associated area, but within the UK",9,L15: Full-time students,1312
E12000001,North East,5,Inflow: lived elsewhere one year ago outside the UK,-8,Does not apply,2089
E12000001,North East,5,Inflow: lived elsewhere one year ago outside the UK,1,"L1, L2 and L3: Higher managerial, administrative and professional occupations",1664
E12000001,North East,5,Inflow: lived elsewhere one year ago outside the UK,2,"L4, L5 and L6: Lower managerial, administrative and professional occupations",1922
E12000001,North East,5,Inflow: lived elsewhere one year ago outside the UK,3,L7: Intermediate occupations,709
E12000001,North East,5,Inflow: lived elsewhere one year ago outside the UK,4,L8 and L9: Small employers and own account workers,712
E12000001,North East,5,Inflow: lived elsewhere one year ago outside the UK,5,L10 and L11: Lower supervisory and technical occupations,365
E12000001,North East,5,Inflow: lived elsewhere one year ago outside the UK,6,L12: Semi-routine occupations,636
E12000001,North East,5,Inflow: lived elsewhere one year ago outside the UK,7,L13: Routine occupations,896
E12000001,North East,5,Inflow: lived elsewhere one year ago outside the UK,8,L14.1 and L14.2: Never worked and long-term unemployed,1547
E12000001,North East,5,Inflow: lived elsewhere one year ago outside the UK,9,L15: Full-time students,6105
E12000002,North West,-8,Does not apply,-8,Does not apply,0
E12000002,North West,-8,Does not apply,1,"L1, L2 and L3: Higher managerial, administrative and professional occupations",0
E12000002,North West,-8,Does not apply,2,"L4, L5 and L6: Lower managerial, administrative and professional occupations",0
E12000002,North West,-8,Does not apply,3,L7: Intermediate occupations,0
E12000002,North West,-8,Does not apply,4,L8 and L9: Small employers and own account workers,0
E12000002,North West,-8,Does not apply,5,L10 and L11: Lower supervisory and technical occupations,0
E12000002,North West,-8,Does not apply,6,L12: Semi-routine occupations,0
E12000002,North West,-8,Does not apply,7,L13: Routine occupations,0
E12000002,North West,-8,Does not apply,8,L14.1 and L14.2: Never worked and long-term unemployed,0
E12000002,North West,-8,Does not apply,9,L15: Full-time students,0
E12000002,North West,1,Lived at the same address one year ago,-8,Does not apply,1200165
E12000002,North West,1,Lived at the same address one year ago,1,"L1, L2 and L3: Higher managerial, administrative and professional occupations",603587
E12000002,North West,1,Lived at the same address one year ago,2,"L4, L5 and L6: Lower managerial, administrative and professional occupations",1039352
E12000002,North West,1,Lived at the same address one year ago,3,L7: Intermediate occupations,657924
E12000002,North West,1,Lived at the same address one year ago,4,L8 and L9: Small employers and own account workers,523020
E12000002,North West,1,Lived at the same address one year ago,5,L10 and L11: Lower supervisory and technical occupations,309127
E12000002,North West,1,Lived at the same address one year ago,6,L12: Semi-routine occupations,657779
E12000002,North West,1,Lived at the same address one year ago,7,L13: Routine occupations,730986
E12000002,North West,1,Lived at the same address one year ago,8,L14.1 and L14.2: Never worked and long-term unemployed,548971
E12000002,North West,1,Lived at the same address one year ago,9,L15: Full-time students,333737
E12000002,North West,2,"Inflow: lived elsewhere one year ago, but within the same area",-8,Does not apply,96771
E12000002,North West,2,"Inflow: lived elsewhere one year ago, but within the same area",1,"L1, L2 and L3: Higher managerial, administrative and professional occupations",54772
E12000002,North West,2,"Inflow: lived elsewhere one year ago, but within the same area",2,"L4, L5 and L6: Lower managerial, administrative and professional occupations",91820
E12000002,North West,2,"Inflow: lived elsewhere one year ago, but within the same area",3,L7: Intermediate occupations,50528
E12000002,North West,2,"Inflow: lived elsewhere one year ago, but within the same area",4,L8 and L9: Small employers and own account workers,35143
E12000002,North West,2,"Inflow: lived elsewhere one year ago, but within the same area",5,L10 and L11: Lower supervisory and technical occupations,23533
E12000002,North West,2,"Inflow: lived elsewhere one year ago, but within the same area",6,L12: Semi-routine occupations,47508
E12000002,North West,2,"Inflow: lived elsewhere one year ago, but within the same area",7,L13: Routine occupations,51957
E12000002,North West,2,"Inflow: lived elsewhere one year ago, but within the same area",8,L14.1 and L14.2: Never worked and long-term unemployed,32562
E12000002,North West,2,"Inflow: lived elsewhere one year ago, but within the same area",9,L15: Full-time students,83007
E12000002,North West,3,"Inflow: lived elsewhere one year ago outside the area, but within the associated area",-8,Does not apply,7596
E12000002,North West,3,"Inflow: lived elsewhere one year ago outside the area, but within the associated area",1,"L1, L2 and L3: Higher managerial, administrative and professional occupations",12659
E12000002,North West,3,"Inflow: lived elsewhere one year ago outside the area, but within the associated area",2,"L4, L5 and L6: Lower managerial, administrative and professional occupations",14635
E12000002,North West,3,"Inflow: lived elsewhere one year ago outside the area, but within the associated area",3,L7: Intermediate occupations,6544
E12000002,North West,3,"Inflow: lived elsewhere one year ago outside the area, but within the associated area",4,L8 and L9: Small employers and own account workers,4583
E12000002,North West,3,"Inflow: lived elsewhere one year ago outside the area, but within the associated area",5,L10 and L11: Lower supervisory and technical occupations,2315
E12000002,North West,3,"Inflow: lived elsewhere one year ago outside the area, but within the associated area",6,L12: Semi-routine occupations,5258
E12000002,North West,3,"Inflow: lived elsewhere one year ago outside the area, but within the associated area",7,L13: Routine occupations,5753
E12000002,North West,3,"Inflow: lived elsewhere one year ago outside the area, but within the associated area",8,L14.1 and L14.2: Never worked and long-term unemployed,4195
E12000002,North West,3,"Inflow: lived elsewhere one year ago outside the area, but within the associated area",9,L15: Full-time students,29993
E12000002,North West,4,"Inflow: lived elsewhere one year ago outside the associated area, but within the UK",-8,Does not apply,1087
E12000002,North West,4,"Inflow: lived elsewhere one year ago outside the associated area, but within the UK",1,"L1, L2 and L3: Higher managerial, administrative and professional occupations",1746
E12000002,North West,4,"Inflow: lived elsewhere one year ago outside the associated area, but within the UK",2,"L4, L5 and L6: Lower managerial, administrative and professional occupations",1995
E12000002,North West,4,"Inflow: lived elsewhere one year ago outside the associated area, but within the UK",3,L7: Intermediate occupations,1021
E12000002,North West,4,"Inflow: lived elsewhere one year ago outside the associated area, but within the UK",4,L8 and L9: Small employers and own account workers,674
E12000002,North West,4,"Inflow: lived elsewhere one year ago outside the associated area, but within the UK",5,L10 and L11: Lower supervisory and technical occupations,510
E12000002,North West,4,"Inflow: lived elsewhere one year ago outside the associated area, but within the UK",6,L12: Semi-routine occupations,984
E12000002,North West,4,"Inflow: lived elsewhere one year ago outside the associated area, but within the UK",7,L13: Routine occupations,956
E12000002,North West,4,"Inflow: lived elsewhere one year ago outside the associated area, but within the UK",8,L14.1 and L14.2: Never worked and long-term unemployed,702
E12000002,North West,4,"Inflow: lived elsewhere one year ago outside the associated area, but within the UK",9,L15: Full-time students,5258
E12000002,North West,5,Inflow: lived elsewhere one year ago outside the UK,-8,Does not apply,9663
E12000002,North West,5,Inflow: lived elsewhere one year ago outside the UK,1,"L1, L2 and L3: Higher managerial, administrative and professional occupations",5645
E12000002,North West,5,Inflow: lived elsewhere one year ago outside the UK,2,"L4, L5 and L6: Lower managerial, administrative and professional occupations",7915
E12000002,North West,5,Inflow: lived elsewhere one year ago outside the UK,3,L7: Intermediate occupations,3177
E12000002,North West,5,Inflow: lived elsewhere one year ago outside the UK,4,L8 and L9: Small employers and own account workers,3199
E12000002,North West,5,Inflow: lived elsewhere one year ago outside the UK,5,L10 and L11: Lower supervisory and technical occupations,1380
E12000002,North West,5,Inflow: lived elsewhere one year ago outside the UK,6,L12: Semi-routine occupations,2919
E12000002,North West,5,Inflow: lived elsewhere one year ago outside the UK,7,L13: Routine occupations,5785
E12000002,North West,5,Inflow: lived elsewhere one year ago outside the UK,8,L14.1 and L14.2: Never worked and long-term unemployed,7220
E12000002,North West,5,Inflow: lived elsewhere one year ago outside the UK,9,L15: Full-time students,13297
E12000003,Yorkshire and The Humber,-8,Does not apply,-8,Does not apply,0
E12000003,Yorkshire and The Humber,-8,Does not apply,1,"L1, L2 and L3: Higher managerial, administrative and professional occupations",0
E12000003,Yorkshire and The Humber,-8,Does not apply,2,"L4, L5 and L6: Lower managerial, administrative and professional occupations",0
E12000003,Yorkshire and The Humber,-8,Does not apply,3,L7: Intermediate occupations,0
E12000003,Yorkshire and The Humber,-8,Does not apply,4,L8 and L9: Small employers and own account workers,0
E12000003,Yorkshire and The Humber,-8,Does not apply,5,L10 and L11: Lower supervisory and technical occupations,0
E12000003,Yorkshire and The Humber,-8,Does not apply,6,L12: Semi-routine occupations,0
E12000003,Yorkshire and The Humber,-8,Does not apply,7,L13: Routine occupations,0
E12000003,Yorkshire and The Humber,-8,Does not apply,8,L14.1 and L14.2: Never worked and long-term unemployed,0
E12000003,Yorkshire and The Humber,-8,Does not apply,9,L15: Full-time students,0
E12000003,Yorkshire and The Humber,1,Lived at the same address one year ago,-8,Does not apply,880207
E12000003,Yorkshire and The Humber,1,Lived at the same address one year ago,1,"L1, L2 and L3: Higher managerial, administrative and professional occupations",429590
E12000003,Yorkshire and The Humber,1,Lived at the same address one year ago,2,"L4, L5 and L6: Lower managerial, administrative and professional occupations",740388
E12000003,Yorkshire and The Humber,1,Lived at the same address one year ago,3,L7: Intermediate occupations,453178
E12000003,Yorkshire and The Humber,1,Lived at the same address one year ago,4,L8 and L9: Small employers and own account workers,395903
E12000003,Yorkshire and The Humber,1,Lived at the same address one year ago,5,L10 and L11: Lower supervisory and technical occupations,244264
E12000003,Yorkshire and The Humber,1,Lived at the same address one year ago,6,L12: Semi-routine occupations,492413
E12000003,Yorkshire and The Humber,1,Lived at the same address one year ago,7,L13: Routine occupations,595257
E12000003,Yorkshire and The Humber,1,Lived at the same address one year ago,8,L14.1 and L14.2: Never worked and long-term unemployed,392189
E12000003,Yorkshire and The Humber,1,Lived at the same address one year ago,9,L15: Full-time students,237392
E12000003,Yorkshire and The Humber,2,"Inflow: lived elsewhere one year ago, but within the same area",-8,Does not apply,71549
E12000003,Yorkshire and The Humber,2,"Inflow: lived elsewhere one year ago, but within the same area",1,"L1, L2 and L3: Higher managerial, administrative and professional occupations",38188
E12000003,Yorkshire and The Humber,2,"Inflow: lived elsewhere one year ago, but within the same area",2,"L4, L5 and L6: Lower managerial, administrative and professional occupations",64559
E12000003,Yorkshire and The Humber,2,"Inflow: lived elsewhere one year ago, but within the same area",3,L7: Intermediate occupations,36236
E12000003,Yorkshire and The Humber,2,"Inflow: lived elsewhere one year ago, but within the same area",4,L8 and L9: Small employers and own account workers,25608
E12000003,Yorkshire and The Humber,2,"Inflow: lived elsewhere one year ago, but within the same area",5,L10 and L11: Lower supervisory and technical occupations,18768
E12000003,Yorkshire and The Humber,2,"Inflow: lived elsewhere one year ago, but within the same area",6,L12: Semi-routine occupations,36526
E12000003,Yorkshire and The Humber,2,"Inflow: lived elsewhere one year ago, but within the same area",7,L13: Routine occupations,44221
E12000003,Yorkshire and The Humber,2,"Inflow: lived elsewhere one year ago, but within the same area",8,L14.1 and L14.2: Never worked and long-term unemployed,23327
E12000003,Yorkshire and The Humber,2,"Inflow: lived elsewhere one year ago, but within the same area",9,L15: Full-time students,68102
E12000003,Yorkshire and The Humber,3,"Inflow: lived elsewhere one year ago outside the area, but within the associated area",-8,Does not apply,7170
E12000003,Yorkshire and The Humber,3,"Inflow: lived elsewhere one year ago outside the area, but within the associated area",1,"L1, L2 and L3: Higher managerial, administrative and professional occupations",10689
E12000003,Yorkshire and The Humber,3,"Inflow: lived elsewhere one year ago outside the area, but within the associated area",2,"L4, L5 and L6: Lower managerial, administrative and professional occupations",12996
E12000003,Yorkshire and The Humber,3,"Inflow: lived elsewhere one year ago outside the area, but within the associated area",3,L7: Intermediate occupations,6401
E12000003,Yorkshire and The Humber,3,"Inflow: lived elsewhere one year ago outside the area, but within the associated area",4,L8 and L9: Small employers and own account workers,3939
E12000003,Yorkshire and The Humber,3,"Inflow: lived elsewhere one year ago outside the area, but within the associated area",5,L10 and L11: Lower supervisory and technical occupations,2401
E12000003,Yorkshire and The Humber,3,"Inflow: lived elsewhere one year ago outside the area, but within the associated area",6,L12: Semi-routine occupations,5061
E12000003,Yorkshire and The Humber,3,"Inflow: lived elsewhere one year ago outside the area, but within the associated area",7,L13: Routine occupations,5693
E12000003,Yorkshire and The Humber,3,"Inflow: lived elsewhere one year ago outside the area, but within the associated area",8,L14.1 and L14.2: Never worked and long-term unemployed,3884
E12000003,Yorkshire and The Humber,3,"Inflow: lived elsewhere one year ago outside the area, but within the associated area",9,L15: Full-time students,34260
E12000003,Yorkshire and The Humber,4,"Inflow: lived elsewhere one year ago outside the associated area, but within the UK",-8,Does not apply,421
E12000003,Yorkshire and The Humber,4,"Inflow: lived elsewhere one year ago outside the associated area, but within the UK",1,"L1, L2 and L3: Higher managerial, administrative and professional occupations",765
E12000003,Yorkshire and The Humber,4,"Inflow: lived elsewhere one year ago outside the associated area, but within the UK",2,"L4, L5 and L6: Lower managerial, administrative and professional occupations",780
E12000003,Yorkshire and The Humber,4,"Inflow: lived elsewhere one year ago outside the associated area, but within the UK",3,L7: Intermediate occupations,457
E12000003,Yorkshire and The Humber,4,"Inflow: lived elsewhere one year ago outside the associated area, but within the UK",4,L8 and L9: Small employers and own account workers,233
E12000003,Yorkshire and The Humber,4,"Inflow: lived elsewhere one year ago outside the associated area, but within the UK",5,L10 and L11: Lower supervisory and technical occupations,163
E12000003,Yorkshire and The Humber,4,"Inflow: lived elsewhere one year ago outside the associated area, but within the UK",6,L12: Semi-routine occupations,348
E12000003,Yorkshire and The Humber,4,"Inflow: lived elsewhere one year ago outside the associated area, but within the UK",7,L13: Routine occupations,415
E12000003,Yorkshire and The Humber,4,"Inflow: lived elsewhere one year ago outside the associated area, but within the UK",8,L14.1 and L14.2: Never worked and long-term unemployed,300
E12000003,Yorkshire and The Humber,4,"Inflow: lived elsewhere one year ago outside the associated area, but within the UK",9,L15: Full-time students,1483
E12000003,Yorkshire and The Humber,5,Inflow: lived elsewhere one year ago outside the UK,-8,Does not apply,5191
E12000003,Yorkshire and The Humber,5,Inflow: lived elsewhere one year ago outside the UK,1,"L1, L2 and L3: Higher managerial, administrative and professional occupations",3230
E12000003,Yorkshire and The Humber,5,Inflow: lived elsewhere one year ago outside the UK,2,"L4, L5 and L6: Lower managerial, administrative and professional occupations",4120
E12000003,Yorkshire and The Humber,5,Inflow: lived elsewhere one year ago outside the UK,3,L7: Intermediate occupations,2039
E12000003,Yorkshire and The Humber,5,Inflow: lived elsewhere one year ago outside the UK,4,L8 and L9: Small employers and own account workers,1775
E12000003,Yorkshire and The Humber,5,Inflow: lived elsewhere one year ago outside the UK,5,L10 and L11: Lower supervisory and technical occupations,981
E12000003,Yorkshire and The Humber,5,Inflow: lived elsewhere one year ago outside the UK,6,L12: Semi-routine occupations,1784
E12000003,Yorkshire and The Humber,5,Inflow: lived elsewhere one year ago outside the UK,7,L13: Routine occupations,4010
E12000003,Yorkshire and The Humber,5,Inflow: lived elsewhere one year ago outside the UK,8,L14.1 and L14.2: Never worked and long-term unemployed,4376
E12000003,Yorkshire and The Humber,5,Inflow: lived elsewhere one year ago outside the UK,9,L15: Full-time students,11610
E12000004,East Midlands,-8,Does not apply,-8,Does not apply,0
E12000004,East Midlands,-8,Does not apply,1,"L1, L2 and L3: Higher managerial, administrative and professional occupations",0
E12000004,East Midlands,-8,Does not apply,2,"L4, L5 and L6: Lower managerial, administrative and professional occupations",0
E12000004,East Midlands,-8,Does not apply,3,L7: Intermediate occupations,0
E12000004,East Midlands,-8,Does not apply,4,L8 and L9: Small employers and own account workers,0
E12000004,East Midlands,-8,Does not apply,5,L10 and L11: Lower supervisory and technical occupations,0
E12000004,East Midlands,-8,Does not apply,6,L12: Semi-routine occupations,0
E12000004,East Midlands,-8,Does not apply,7,L13: Routine occupations,0
E12000004,East Midlands,-8,Does not apply,8,L14.1 and L14.2: Never worked and long-term unemployed,0
E12000004,East Midlands,-8,Does not apply,9,L15: Full-time students,0
E12000004,East Midlands,1,Lived at the same address one year ago,-8,Does not apply,755791
E12000004,East Midlands,1,Lived at the same address one year ago,1,"L1, L2 and L3: Higher managerial, administrative and professional occupations",400475
E12000004,East Midlands,1,Lived at the same address one year ago,2,"L4, L5 and L6: Lower managerial, administrative and professional occupations",676976
E12000004,East Midlands,1,Lived at the same address one year ago,3,L7: Intermediate occupations,410279
E12000004,East Midlands,1,Lived at the same address one year ago,4,L8 and L9: Small employers and own account workers,363868
E12000004,East Midlands,1,Lived at the same address one year ago,5,L10 and L11: Lower supervisory and technical occupations,221579
E12000004,East Midlands,1,Lived at the same address one year ago,6,L12: Semi-routine occupations,434058
E12000004,East Midlands,1,Lived at the same address one year ago,7,L13: Routine occupations,553056
E12000004,East Midlands,1,Lived at the same address one year ago,8,L14.1 and L14.2: Never worked and long-term unemployed,287886
E12000004,East Midlands,1,Lived at the same address one year ago,9,L15: Full-time students,200659
E12000004,East Midlands,2,"Inflow: lived elsewhere one year ago, but within the same area",-8,Does not apply,63236
E12000004,East Midlands,2,"Inflow: lived elsewhere one year ago, but within the same area",1,"L1, L2 and L3: Higher managerial, administrative and professional occupations",30661
E12000004,East Midlands,2,"Inflow: lived elsewhere one year ago, but within the same area",2,"L4, L5 and L6: Lower managerial, administrative and professional occupations",53491
E12000004,East Midlands,2,"Inflow: lived elsewhere one year ago, but within the same area",3,L7: Intermediate occupations,29890
E12000004,East Midlands,2,"Inflow: lived elsewhere one year ago, but within the same area",4,L8 and L9: Small employers and own account workers,23634
E12000004,East Midlands,2,"Inflow: lived elsewhere one year ago, but within the same area",5,L10 and L11: Lower supervisory and technical occupations,16431
E12000004,East Midlands,2,"Inflow: lived elsewhere one year ago, but within the same area",6,L12: Semi-routine occupations,31302
E12000004,East Midlands,2,"Inflow: lived elsewhere one year ago, but within the same area",7,L13: Routine occupations,42416
E12000004,East Midlands,2,"Inflow: lived elsewhere one year ago, but within the same area",8,L14.1 and L14.2: Never worked and long-term unemployed,16165
E12000004,East Midlands,2,"Inflow: lived elsewhere one year ago, but within the same area",9,L15: Full-time students,61098
E12000004,East Midlands,3,"Inflow: lived elsewhere one year ago outside the area, but within the associated area",-8,Does not apply,10336
E12000004,East Midlands,3,"Inflow: lived elsewhere one year ago outside the area, but within the associated area",1,"L1, L2 and L3: Higher managerial, administrative and professional occupations",13037
E12000004,East Midlands,3,"Inflow: lived elsewhere one year ago outside the area, but within the associated area",2,"L4, L5 and L6: Lower managerial, administrative and professional occupations",16868
E12000004,East Midlands,3,"Inflow: lived elsewhere one year ago outside the area, but within the associated area",3,L7: Intermediate occupations,8078
E12000004,East Midlands,3,"Inflow: lived elsewhere one year ago outside the area, but within the associated area",4,L8 and L9: Small employers and own account workers,5886
E12000004,East Midlands,3,"Inflow: lived elsewhere one year ago outside the area, but within the associated area",5,L10 and L11: Lower supervisory and technical occupations,3416
E12000004,East Midlands,3,"Inflow: lived elsewhere one year ago outside the area, but within the associated area",6,L12: Semi-routine occupations,6688
E12000004,East Midlands,3,"Inflow: lived elsewhere one year ago outside the area, but within the associated area",7,L13: Routine occupations,8273
E12000004,East Midlands,3,"Inflow: lived elsewhere one year ago outside the area, but within the associated area",8,L14.1 and L14.2: Never worked and long-term unemployed,4119
E12000004,East Midlands,3,"Inflow: lived elsewhere one year ago outside the area, but within the associated area",9,L15: Full-time students,41813
E12000004,East Midlands,4,"Inflow: lived elsewhere one year ago outside the associated area, but within the UK",-8,Does not apply,334
E12000004,East Midlands,4,"Inflow: lived elsewhere one year ago outside the associated area, but within the UK",1,"L1, L2 and L3: Higher managerial, administrative and professional occupations",596
E12000004,East Midlands,4,"Inflow: lived elsewhere one year ago outside the associated area, but within the UK",2,"L4, L5 and L6: Lower managerial, administrative and professional occupations",614
E12000004,East Midlands,4,"Inflow: lived elsewhere one year ago outside the associated area, but within the UK",3,L7: Intermediate occupations,303
E12000004,East Midlands,4,"Inflow: lived elsewhere one year ago outside the associated area, but within the UK",4,L8 and L9: Small employers and own account workers,188
E12000004,East Midlands,4,"Inflow: lived elsewhere one year ago outside the associated area, but within the UK",5,L10 and L11: Lower supervisory and technical occupations,170
E12000004,East Midlands,4,"Inflow: lived elsewhere one year ago outside the associated area, but within the UK",6,L12: Semi-routine occupations,303
E12000004,East Midlands,4,"Inflow: lived elsewhere one year ago outside the associated area, but within the UK",7,L13: Routine occupations,374
E12000004,East Midlands,4,"Inflow: lived elsewhere one year ago outside the associated area, but within the UK",8,L14.1 and L14.2: Never worked and long-term unemployed,254
E12000004,East Midlands,4,"Inflow: lived elsewhere one year ago outside the associated area, but within the UK",9,L15: Full-time students,1332
E12000004,East Midlands,5,Inflow: lived elsewhere one year ago outside the UK,-8,Does not apply,5432
E12000004,East Midlands,5,Inflow: lived elsewhere one year ago outside the UK,1,"L1, L2 and L3: Higher managerial, administrative and professional occupations",3365
E12000004,East Midlands,5,Inflow: lived elsewhere one year ago outside the UK,2,"L4, L5 and L6: Lower managerial, administrative and professional occupations",4224
E12000004,East Midlands,5,Inflow: lived elsewhere one year ago outside the UK,3,L7: Intermediate occupations,1662
E12000004,East Midlands,5,Inflow: lived elsewhere one year ago outside the UK,4,L8 and L9: Small employers and own account workers,1838
E12000004,East Midlands,5,Inflow: lived elsewhere one year ago outside the UK,5,L10 and L11: Lower supervisory and technical occupations,808
E12000004,East Midlands,5,Inflow: lived elsewhere one year ago outside the UK,6,L12: Semi-routine occupations,1722
E12000004,East Midlands,5,Inflow: lived elsewhere one year ago outside the UK,7,L13: Routine occupations,5068
E12000004,East Midlands,5,Inflow: lived elsewhere one year ago outside the UK,8,L14.1 and L14.2: Never worked and long-term unemployed,3569
E12000004,East Midlands,5,Inflow: lived elsewhere one year ago outside the UK,9,L15: Full-time students,9555
E12000005,West Midlands,-8,Does not apply,-8,Does not apply,0
E12000005,West Midlands,-8,Does not apply,1,"L1, L2 and L3: Higher managerial, administrative and professional occupations",0
E12000005,West Midlands,-8,Does not apply,2,"L4, L5 and L6: Lower managerial, administrative and professional occupations",0
E12000005,West Midlands,-8,Does not apply,3,L7: Intermediate occupations,0
E12000005,West Midlands,-8,Does not apply,4,L8 and L9: Small employers and own account workers,0
E12000005,West Midlands,-8,Does not apply,5,L10 and L11: Lower supervisory and technical occupations,0
E12000005,West Midlands,-8,Does not apply,6,L12: Semi-routine occupations,0
E12000005,West Midlands,-8,Does not apply,7,L13: Routine occupations,0
E12000005,West Midlands,-8,Does not apply,8,L14.1 and L14.2: Never worked and long-term unemployed,0
E12000005,West Midlands,-8,Does not apply,9,L15: Full-time students,0
E12000005,West Midlands,1,Lived at the same address one year ago,-8,Does not apply,987082
E12000005,West Midlands,1,Lived at the same address one year ago,1,"L1, L2 and L3: Higher managerial, administrative and professional occupations",468992
E12000005,West Midlands,1,Lived at the same address one year ago,2,"L4, L5 and L6: Lower managerial, administrative and professional occupations",791610
E12000005,West Midlands,1,Lived at the same address one year ago,3,L7: Intermediate occupations,492620
E12000005,West Midlands,1,Lived at the same address one year ago,4,L8 and L9: Small employers and own account workers,429693
E12000005,West Midlands,1,Lived at the same address one year ago,5,L10 and L11: Lower supervisory and technical occupations,251036
E12000005,West Midlands,1,Lived at the same address one year ago,6,L12: Semi-routine occupations,543617
E12000005,West Midlands,1,Lived at the same address one year ago,7,L13: Routine occupations,620315
E12000005,West Midlands,1,Lived at the same address one year ago,8,L14.1 and L14.2: Never worked and long-term unemployed,443622
E12000005,West Midlands,1,Lived at the same address one year ago,9,L15: Full-time students,285192
E12000005,West Midlands,2,"Inflow: lived elsewhere one year ago, but within the same area",-8,Does not apply,81603
E12000005,West Midlands,2,"Inflow: lived elsewhere one year ago, but within the same area",1,"L1, L2 and L3: Higher managerial, administrative and professional occupations",37940
E12000005,West Midlands,2,"Inflow: lived elsewhere one year ago, but within the same area",2,"L4, L5 and L6: Lower managerial, administrative and professional occupations",63000
E12000005,West Midlands,2,"Inflow: lived elsewhere one year ago, but within the same area",3,L7: Intermediate occupations,34885
E12000005,West Midlands,2,"Inflow: lived elsewhere one year ago, but within the same area",4,L8 and L9: Small employers and own account workers,27218
E12000005,West Midlands,2,"Inflow: lived elsewhere one year ago, but within the same area",5,L10 and L11: Lower supervisory and technical occupations,18155
E12000005,West Midlands,2,"Inflow: lived elsewhere one year ago, but within the same area",6,L12: Semi-routine occupations,37385
E12000005,West Midlands,2,"Inflow: lived elsewhere one year ago, but within the same area",7,L13: Routine occupations,43953
E12000005,West Midlands,2,"Inflow: lived elsewhere one year ago, but within the same area",8,L14.1 and L14.2: Never worked and long-term unemployed,26601
E12000005,West Midlands,2,"Inflow: lived elsewhere one year ago, but within the same area",9,L15: Full-time students,53917
E12000005,West Midlands,3,"Inflow: lived elsewhere one year ago outside the area, but within the associated area",-8,Does not apply,9042
E12000005,West Midlands,3,"Inflow: lived elsewhere one year ago outside the area, but within the associated area",1,"L1, L2 and L3: Higher managerial, administrative and professional occupations",12190
E12000005,West Midlands,3,"Inflow: lived elsewhere one year ago outside the area, but within the associated area",2,"L4, L5 and L6: Lower managerial, administrative and professional occupations",14144
E12000005,West Midlands,3,"Inflow: lived elsewhere one year ago outside the area, but within the associated area",3,L7: Intermediate occupations,6842
E12000005,West Midlands,3,"Inflow: lived elsewhere one year ago outside the area, but within the associated area",4,L8 and L9: Small employers and own account workers,4891
E12000005,West Midlands,3,"Inflow: lived elsewhere one year ago outside the area, but within the associated area",5,L10 and L11: Lower supervisory and technical occupations,2455
E12000005,West Midlands,3,"Inflow: lived elsewhere one year ago outside the area, but within the associated area",6,L12: Semi-routine occupations,5599
E12000005,West Midlands,3,"Inflow: lived elsewhere one year ago outside the area, but within the associated area",7,L13: Routine occupations,6211
E12000005,West Midlands,3,"Inflow: lived elsewhere one year ago outside the area, but within the associated area",8,L14.1 and L14.2: Never worked and long-term unemployed,4628
E12000005,West Midlands,3,"Inflow: lived elsewhere one year ago outside the area, but within the associated area",9,L15: Full-time students,28365
E12000005,West Midlands,4,"Inflow: lived elsewhere one year ago outside the associated area, but within the UK",-8,Does not apply,798
E12000005,West Midlands,4,"Inflow: lived elsewhere one year ago outside the associated area, but within the UK",1,"L1, L2 and L3: Higher managerial, administrative and professional occupations",1008
E12000005,West Midlands,4,"Inflow: lived elsewhere one year ago outside the associated area, but within the UK",2,"L4, L5 and L6: Lower managerial, administrative and professional occupations",1379
E12000005,West Midlands,4,"Inflow: lived elsewhere one year ago outside the associated area, but within the UK",3,L7: Intermediate occupations,726
E12000005,West Midlands,4,"Inflow: lived elsewhere one year ago outside the associated area, but within the UK",4,L8 and L9: Small employers and own account workers,532
E12000005,West Midlands,4,"Inflow: lived elsewhere one year ago outside the associated area, but within the UK",5,L10 and L11: Lower supervisory and technical occupations,325
E12000005,West Midlands,4,"Inflow: lived elsewhere one year ago outside the associated area, but within the UK",6,L12: Semi-routine occupations,685
E12000005,West Midlands,4,"Inflow: lived elsewhere one year ago outside the associated area, but within the UK",7,L13: Routine occupations,675
E12000005,West Midlands,4,"Inflow: lived elsewhere one year ago outside the associated area, but within the UK",8,L14.1 and L14.2: Never worked and long-term unemployed,553
E12000005,West Midlands,4,"Inflow: lived elsewhere one year ago outside the associated area, but within the UK",9,L15: Full-time students,2103
E12000005,West Midlands,5,Inflow: lived elsewhere one year ago outside the UK,-8,Does not apply,7735
E12000005,West Midlands,5,Inflow: lived elsewhere one year ago outside the UK,1,"L1, L2 and L3: Higher managerial, administrative and professional occupations",4054
E12000005,West Midlands,5,Inflow: lived elsewhere one year ago outside the UK,2,"L4, L5 and L6: Lower managerial, administrative and professional occupations",4635
E12000005,West Midlands,5,Inflow: lived elsewhere one year ago outside the UK,3,L7: Intermediate occupations,1847
E12000005,West Midlands,5,Inflow: lived elsewhere one year ago outside the UK,4,L8 and L9: Small employers and own account workers,2050
E12000005,West Midlands,5,Inflow: lived elsewhere one year ago outside the UK,5,L10 and L11: Lower supervisory and technical occupations,924
E12000005,West Midlands,5,Inflow: lived elsewhere one year ago outside the UK,6,L12: Semi-routine occupations,2130
E12000005,West Midlands,5,Inflow: lived elsewhere one year ago outside the UK,7,L13: Routine occupations,5041
E12000005,West Midlands,5,Inflow: lived elsewhere one year ago outside the UK,8,L14.1 and L14.2: Never worked and long-term unemployed,5941
E12000005,West Midlands,5,Inflow: lived elsewhere one year ago outside the UK,9,L15: Full-time students,11645
E12000006,East of England,-8,Does not apply,-8,Does not apply,0
E12000006,East of England,-8,Does not apply,1,"L1, L2 and L3: Higher managerial, administrative and professional occupations",0
E12000006,East of England,-8,Does not apply,2,"L4, L5 and L6: Lower managerial, administrative and professional occupations",0
E12000006,East of England,-8,Does not apply,3,L7: Intermediate occupations,0
E12000006,East of England,-8,Does not apply,4,L8 and L9: Small employers and own account workers,0
E12000006,East of England,-8,Does not apply,5,L10 and L11: Lower supervisory and technical occupations,0
E12000006,East of England,-8,Does not apply,6,L12: Semi-routine occupations,0
E12000006,East of England,-8,Does not apply,7,L13: Routine occupations,0
E12000006,East of England,-8,Does not apply,8,L14.1 and L14.2: Never worked and long-term unemployed,0
E12000006,East of England,-8,Does not apply,9,L15: Full-time students,0
E12000006,East of England,1,Lived at the same address one year ago,-8,Does not apply,1012540
E12000006,East of England,1,Lived at the same address one year ago,1,"L1, L2 and L3: Higher managerial, administrative and professional occupations",624172
E12000006,East of England,1,Lived at the same address one year ago,2,"L4, L5 and L6: Lower managerial, administrative and professional occupations",952836
E12000006,East of England,1,Lived at the same address one year ago,3,L7: Intermediate occupations,576012
E12000006,East of England,1,Lived at the same address one year ago,4,L8 and L9: Small employers and own account workers,545024
E12000006,East of England,1,Lived at the same address one year ago,5,L10 and L11: Lower supervisory and technical occupations,253094
E12000006,East of England,1,Lived at the same address one year ago,6,L12: Semi-routine occupations,535957
E12000006,East of England,1,Lived at the same address one year ago,7,L13: Routine occupations,543900
E12000006,East of England,1,Lived at the same address one year ago,8,L14.1 and L14.2: Never worked and long-term unemployed,325079
E12000006,East of England,1,Lived at the same address one year ago,9,L15: Full-time students,252440
E12000006,East of England,2,"Inflow: lived elsewhere one year ago, but within the same area",-8,Does not apply,84487
E12000006,East of England,2,"Inflow: lived elsewhere one year ago, but within the same area",1,"L1, L2 and L3: Higher managerial, administrative and professional occupations",50633
E12000006,East of England,2,"Inflow: lived elsewhere one year ago, but within the same area",2,"L4, L5 and L6: Lower managerial, administrative and professional occupations",79353
E12000006,East of England,2,"Inflow: lived elsewhere one year ago, but within the same area",3,L7: Intermediate occupations,42239
E12000006,East of England,2,"Inflow: lived elsewhere one year ago, but within the same area",4,L8 and L9: Small employers and own account workers,37671
E12000006,East of England,2,"Inflow: lived elsewhere one year ago, but within the same area",5,L10 and L11: Lower supervisory and technical occupations,20290
E12000006,East of England,2,"Inflow: lived elsewhere one year ago, but within the same area",6,L12: Semi-routine occupations,38469
E12000006,East of England,2,"Inflow: lived elsewhere one year ago, but within the same area",7,L13: Routine occupations,41623
E12000006,East of England,2,"Inflow: lived elsewhere one year ago, but within the same area",8,L14.1 and L14.2: Never worked and long-term unemployed,18288
E12000006,East of England,2,"Inflow: lived elsewhere one year ago, but within the same area",9,L15: Full-time students,39065
E12000006,East of England,3,"Inflow: lived elsewhere one year ago outside the area, but within the associated area",-8,Does not apply,16660
E12000006,East of England,3,"Inflow: lived elsewhere one year ago outside the area, but within the associated area",1,"L1, L2 and L3: Higher managerial, administrative and professional occupations",23961
E12000006,East of England,3,"Inflow: lived elsewhere one year ago outside the area, but within the associated area",2,"L4, L5 and L6: Lower managerial, administrative and professional occupations",27281
E12000006,East of England,3,"Inflow: lived elsewhere one year ago outside the area, but within the associated area",3,L7: Intermediate occupations,12332
E12000006,East of England,3,"Inflow: lived elsewhere one year ago outside the area, but within the associated area",4,L8 and L9: Small employers and own account workers,11033
E12000006,East of England,3,"Inflow: lived elsewhere one year ago outside the area, but within the associated area",5,L10 and L11: Lower supervisory and technical occupations,4358
E12000006,East of England,3,"Inflow: lived elsewhere one year ago outside the area, but within the associated area",6,L12: Semi-routine occupations,8874
E12000006,East of England,3,"Inflow: lived elsewhere one year ago outside the area, but within the associated area",7,L13: Routine occupations,8931
E12000006,East of England,3,"Inflow: lived elsewhere one year ago outside the area, but within the associated area",8,L14.1 and L14.2: Never worked and long-term unemployed,5660
E12000006,East of England,3,"Inflow: lived elsewhere one year ago outside the area, but within the associated area",9,L15: Full-time students,20962
E12000006,East of England,4,"Inflow: lived elsewhere one year ago outside the associated area, but within the UK",-8,Does not apply,369
E12000006,East of England,4,"Inflow: lived elsewhere one year ago outside the associated area, but within the UK",1,"L1, L2 and L3: Higher managerial, administrative and professional occupations",753
E12000006,East of England,4,"Inflow: lived elsewhere one year ago outside the associated area, but within the UK",2,"L4, L5 and L6: Lower managerial, administrative and professional occupations",777
E12000006,East of England,4,"Inflow: lived elsewhere one year ago outside the associated area, but within the UK",3,L7: Intermediate occupations,388
E12000006,East of England,4,"Inflow: lived elsewhere one year ago outside the associated area, but within the UK",4,L8 and L9: Small employers and own account workers,253
E12000006,East of England,4,"Inflow: lived elsewhere one year ago outside the associated area, but within the UK",5,L10 and L11: Lower supervisory and technical occupations,155
E12000006,East of England,4,"Inflow: lived elsewhere one year ago outside the associated area, but within the UK",6,L12: Semi-routine occupations,292
E12000006,East of England,4,"Inflow: lived elsewhere one year ago outside the associated area, but within the UK",7,L13: Routine occupations,281
E12000006,East of England,4,"Inflow: lived elsewhere one year ago outside the associated area, but within the UK",8,L14.1 and L14.2: Never worked and long-term unemployed,219
E12000006,East of England,4,"Inflow: lived elsewhere one year ago outside the associated area, but within the UK",9,L15: Full-time students,974
E12000006,East of England,5,Inflow: lived elsewhere one year ago outside the UK,-8,Does not apply,7924
E12000006,East of England,5,Inflow: lived elsewhere one year ago outside the UK,1,"L1, L2 and L3: Higher managerial, administrative and professional occupations",6811
E12000006,East of England,5,Inflow: lived elsewhere one year ago outside the UK,2,"L4, L5 and L6: Lower managerial, administrative and professional occupations",7889
E12000006,East of England,5,Inflow: lived elsewhere one year ago outside the UK,3,L7: Intermediate occupations,3369
E12000006,East of England,5,Inflow: lived elsewhere one year ago outside the UK,4,L8 and L9: Small employers and own account workers,3118
E12000006,East of England,5,Inflow: lived elsewhere one year ago outside the UK,5,L10 and L11: Lower supervisory and technical occupations,1361
E12000006,East of England,5,Inflow: lived elsewhere one year ago outside the UK,6,L12: Semi-routine occupations,2606
E12000006,East of England,5,Inflow: lived elsewhere one year ago outside the UK,7,L13: Routine occupations,4487
E12000006,East of England,5,Inflow: lived elsewhere one year ago outside the UK,8,L14.1 and L14.2: Never worked and long-term unemployed,4148
E12000006,East of England,5,Inflow: lived elsewhere one year ago outside the UK,9,L15: Full-time students,10867
E12000007,London,-8,Does not apply,-8,Does not apply,0
E12000007,London,-8,Does not apply,1,"L1, L2 and L3: Higher managerial, administrative and professional occupations",0
E12000007,London,-8,Does not apply,2,"L4, L5 and L6: Lower managerial, administrative and professional occupations",0
E12000007,London,-8,Does not apply,3,L7: Intermediate occupations,0
E12000007,London,-8,Does not apply,4,L8 and L9: Small employers and own account workers,0
E12000007,London,-8,Does not apply,5,L10 and L11: Lower supervisory and technical occupations,0
E12000007,London,-8,Does not apply,6,L12: Semi-routine occupations,0
E12000007,London,-8,Does not apply,7,L13: Routine occupations,0
E12000007,London,-8,Does not apply,8,L14.1 and L14.2: Never worked and long-term unemployed,0
E12000007,London,-8,Does not apply,9,L15: Full-time students,0
E12000007,London,1,Lived at the same address one year ago,-8,Does not apply,1443119
E12000007,London,1,Lived at the same address one year ago,1,"L1, L2 and L3: Higher managerial, administrative and professional occupations",1023839
E12000007,London,1,Lived at the same address one year ago,2,"L4, L5 and L6: Lower managerial, administrative and professional occupations",1241778
E12000007,London,1,Lived at the same address one year ago,3,L7: Intermediate occupations,621471
E12000007,London,1,Lived at the same address one year ago,4,L8 and L9: Small employers and own account workers,703420
E12000007,London,1,Lived at the same address one year ago,5,L10 and L11: Lower supervisory and technical occupations,242062
E12000007,London,1,Lived at the same address one year ago,6,L12: Semi-routine occupations,556140
E12000007,London,1,Lived at the same address one year ago,7,L13: Routine occupations,544150
E12000007,London,1,Lived at the same address one year ago,8,L14.1 and L14.2: Never worked and long-term unemployed,662272
E12000007,London,1,Lived at the same address one year ago,9,L15: Full-time students,509738
E12000007,London,2,"Inflow: lived elsewhere one year ago, but within the same area",-8,Does not apply,120484
E12000007,London,2,"Inflow: lived elsewhere one year ago, but within the same area",1,"L1, L2 and L3: Higher managerial, administrative and professional occupations",166924
E12000007,London,2,"Inflow: lived elsewhere one year ago, but within the same area",2,"L4, L5 and L6: Lower managerial, administrative and professional occupations",167848
E12000007,London,2,"Inflow: lived elsewhere one year ago, but within the same area",3,L7: Intermediate occupations,54052
E12000007,London,2,"Inflow: lived elsewhere one year ago, but within the same area",4,L8 and L9: Small employers and own account workers,70584
E12000007,London,2,"Inflow: lived elsewhere one year ago, but within the same area",5,L10 and L11: Lower supervisory and technical occupations,27035
E12000007,London,2,"Inflow: lived elsewhere one year ago, but within the same area",6,L12: Semi-routine occupations,47152
E12000007,London,2,"Inflow: lived elsewhere one year ago, but within the same area",7,L13: Routine occupations,56924
E12000007,London,2,"Inflow: lived elsewhere one year ago, but within the same area",8,L14.1 and L14.2: Never worked and long-term unemployed,44442
E12000007,London,2,"Inflow: lived elsewhere one year ago, but within the same area",9,L15: Full-time students,88055
E12000007,London,3,"Inflow: lived elsewhere one year ago outside the area, but within the associated area",-8,Does not apply,9092
E12000007,London,3,"Inflow: lived elsewhere one year ago outside the area, but within the associated area",1,"L1, L2 and L3: Higher managerial, administrative and professional occupations",28187
E12000007,London,3,"Inflow: lived elsewhere one year ago outside the area, but within the associated area",2,"L4, L5 and L6: Lower managerial, administrative and professional occupations",29450
E12000007,London,3,"Inflow: lived elsewhere one year ago outside the area, but within the associated area",3,L7: Intermediate occupations,11487
E12000007,London,3,"Inflow: lived elsewhere one year ago outside the area, but within the associated area",4,L8 and L9: Small employers and own account workers,8381
E12000007,London,3,"Inflow: lived elsewhere one year ago outside the area, but within the associated area",5,L10 and L11: Lower supervisory and technical occupations,3004
E12000007,London,3,"Inflow: lived elsewhere one year ago outside the area, but within the associated area",6,L12: Semi-routine occupations,6891
E12000007,London,3,"Inflow: lived elsewhere one year ago outside the area, but within the associated area",7,L13: Routine occupations,6345
E12000007,London,3,"Inflow: lived elsewhere one year ago outside the area, but within the associated area",8,L14.1 and L14.2: Never worked and long-term unemployed,7739
E12000007,London,3,"Inflow: lived elsewhere one year ago outside the area, but within the associated area",9,L15: Full-time students,33818
E12000007,London,4,"Inflow: lived elsewhere one year ago outside the associated area, but within the UK",-8,Does not apply,475
E12000007,London,4,"Inflow: lived elsewhere one year ago outside the associated area, but within the UK",1,"L1, L2 and L3: Higher managerial, administrative and professional occupations",2146
E12000007,London,4,"Inflow: lived elsewhere one year ago outside the associated area, but within the UK",2,"L4, L5 and L6: Lower managerial, administrative and professional occupations",1973
E12000007,London,4,"Inflow: lived elsewhere one year ago outside the associated area, but within the UK",3,L7: Intermediate occupations,704
E12000007,London,4,"Inflow: lived elsewhere one year ago outside the associated area, but within the UK",4,L8 and L9: Small employers and own account workers,430
E12000007,London,4,"Inflow: lived elsewhere one year ago outside the associated area, but within the UK",5,L10 and L11: Lower supervisory and technical occupations,188
E12000007,London,4,"Inflow: lived elsewhere one year ago outside the associated area, but within the UK",6,L12: Semi-routine occupations,404
E12000007,London,4,"Inflow: lived elsewhere one year ago outside the associated area, but within the UK",7,L13: Routine occupations,349
E12000007,London,4,"Inflow: lived elsewhere one year ago outside the associated area, but within the UK",8,L14.1 and L14.2: Never worked and long-term unemployed,601
E12000007,London,4,"Inflow: lived elsewhere one year ago outside the associated area, but within the UK",9,L15: Full-time students,2812
E12000007,London,5,Inflow: lived elsewhere one year ago outside the UK,-8,Does not apply,18341
E12000007,London,5,Inflow: lived elsewhere one year ago outside the UK,1,"L1, L2 and L3: Higher managerial, administrative and professional occupations",25837
E12000007,London,5,Inflow: lived elsewhere one year ago outside the UK,2,"L4, L5 and L6: Lower managerial, administrative and professional occupations",20639
E12000007,London,5,Inflow: lived elsewhere one year ago outside the UK,3,L7: Intermediate occupations,6253
E12000007,London,5,Inflow: lived elsewhere one year ago outside the UK,4,L8 and L9: Small employers and own account workers,10434
E12000007,London,5,Inflow: lived elsewhere one year ago outside the UK,5,L10 and L11: Lower supervisory and technical occupations,2420
E12000007,London,5,Inflow: lived elsewhere one year ago outside the UK,6,L12: Semi-routine occupations,5081
E12000007,London,5,Inflow: lived elsewhere one year ago outside the UK,7,L13: Routine occupations,7485
E12000007,London,5,Inflow: lived elsewhere one year ago outside the UK,8,L14.1 and L14.2: Never worked and long-term unemployed,16476
E12000007,London,5,Inflow: lived elsewhere one year ago outside the UK,9,L15: Full-time students,36566
E12000008,South East,-8,Does not apply,-8,Does not apply,0
E12000008,South East,-8,Does not apply,1,"L1, L2 and L3: Higher managerial, administrative and professional occupations",0
E12000008,South East,-8,Does not apply,2,"L4, L5 and L6: Lower managerial, administrative and professional occupations",0
E12000008,South East,-8,Does not apply,3,L7: Intermediate occupations,0
E12000008,South East,-8,Does not apply,4,L8 and L9: Small employers and own account workers,0
E12000008,South East,-8,Does not apply,5,L10 and L11: Lower supervisory and technical occupations,0
E12000008,South East,-8,Does not apply,6,L12: Semi-routine occupations,0
E12000008,South East,-8,Does not apply,7,L13: Routine occupations,0
E12000008,South East,-8,Does not apply,8,L14.1 and L14.2: Never worked and long-term unemployed,0
E12000008,South East,-8,Does not apply,9,L15: Full-time students,0
E12000008,South East,1,Lived at the same address one year ago,-8,Does not apply,1459411
E12000008,South East,1,Lived at the same address one year ago,1,"L1, L2 and L3: Higher managerial, administrative and professional occupations",1039409
E12000008,South East,1,Lived at the same address one year ago,2,"L4, L5 and L6: Lower managerial, administrative and professional occupations",1463639
E12000008,South East,1,Lived at the same address one year ago,3,L7: Intermediate occupations,822300
E12000008,South East,1,Lived at the same address one year ago,4,L8 and L9: Small employers and own account workers,796493
E12000008,South East,1,Lived at the same address one year ago,5,L10 and L11: Lower supervisory and technical occupations,344272
E12000008,South East,1,Lived at the same address one year ago,6,L12: Semi-routine occupations,729734
E12000008,South East,1,Lived at the same address one year ago,7,L13: Routine occupations,655235
E12000008,South East,1,Lived at the same address one year ago,8,L14.1 and L14.2: Never worked and long-term unemployed,441704
E12000008,South East,1,Lived at the same address one year ago,9,L15: Full-time students,369080
E12000008,South East,2,"Inflow: lived elsewhere one year ago, but within the same area",-8,Does not apply,129271
E12000008,South East,2,"Inflow: lived elsewhere one year ago, but within the same area",1,"L1, L2 and L3: Higher managerial, administrative and professional occupations",87147
E12000008,South East,2,"Inflow: lived elsewhere one year ago, but within the same area",2,"L4, L5 and L6: Lower managerial, administrative and professional occupations",129824
E12000008,South East,2,"Inflow: lived elsewhere one year ago, but within the same area",3,L7: Intermediate occupations,64507
E12000008,South East,2,"Inflow: lived elsewhere one year ago, but within the same area",4,L8 and L9: Small employers and own account workers,58653
E12000008,South East,2,"Inflow: lived elsewhere one year ago, but within the same area",5,L10 and L11: Lower supervisory and technical occupations,30973
E12000008,South East,2,"Inflow: lived elsewhere one year ago, but within the same area",6,L12: Semi-routine occupations,58398
E12000008,South East,2,"Inflow: lived elsewhere one year ago, but within the same area",7,L13: Routine occupations,55026
E12000008,South East,2,"Inflow: lived elsewhere one year ago, but within the same area",8,L14.1 and L14.2: Never worked and long-term unemployed,27266
E12000008,South East,2,"Inflow: lived elsewhere one year ago, but within the same area",9,L15: Full-time students,94077
E12000008,South East,3,"Inflow: lived elsewhere one year ago outside the area, but within the associated area",-8,Does not apply,28747
E12000008,South East,3,"Inflow: lived elsewhere one year ago outside the area, but within the associated area",1,"L1, L2 and L3: Higher managerial, administrative and professional occupations",42969
E12000008,South East,3,"Inflow: lived elsewhere one year ago outside the area, but within the associated area",2,"L4, L5 and L6: Lower managerial, administrative and professional occupations",45464
E12000008,South East,3,"Inflow: lived elsewhere one year ago outside the area, but within the associated area",3,L7: Intermediate occupations,19650
E12000008,South East,3,"Inflow: lived elsewhere one year ago outside the area, but within the associated area",4,L8 and L9: Small employers and own account workers,16154
E12000008,South East,3,"Inflow: lived elsewhere one year ago outside the area, but within the associated area",5,L10 and L11: Lower supervisory and technical occupations,6448
E12000008,South East,3,"Inflow: lived elsewhere one year ago outside the area, but within the associated area",6,L12: Semi-routine occupations,12259
E12000008,South East,3,"Inflow: lived elsewhere one year ago outside the area, but within the associated area",7,L13: Routine occupations,11283
E12000008,South East,3,"Inflow: lived elsewhere one year ago outside the area, but within the associated area",8,L14.1 and L14.2: Never worked and long-term unemployed,8290
E12000008,South East,3,"Inflow: lived elsewhere one year ago outside the area, but within the associated area",9,L15: Full-time students,43381
E12000008,South East,4,"Inflow: lived elsewhere one year ago outside the associated area, but within the UK",-8,Does not apply,737
E12000008,South East,4,"Inflow: lived elsewhere one year ago outside the associated area, but within the UK",1,"L1, L2 and L3: Higher managerial, administrative and professional occupations",1563
E12000008,South East,4,"Inflow: lived elsewhere one year ago outside the associated area, but within the UK",2,"L4, L5 and L6: Lower managerial, administrative and professional occupations",1808
E12000008,South East,4,"Inflow: lived elsewhere one year ago outside the associated area, but within the UK",3,L7: Intermediate occupations,1017
E12000008,South East,4,"Inflow: lived elsewhere one year ago outside the associated area, but within the UK",4,L8 and L9: Small employers and own account workers,460
E12000008,South East,4,"Inflow: lived elsewhere one year ago outside the associated area, but within the UK",5,L10 and L11: Lower supervisory and technical occupations,272
E12000008,South East,4,"Inflow: lived elsewhere one year ago outside the associated area, but within the UK",6,L12: Semi-routine occupations,702
E12000008,South East,4,"Inflow: lived elsewhere one year ago outside the associated area, but within the UK",7,L13: Routine occupations,514
E12000008,South East,4,"Inflow: lived elsewhere one year ago outside the associated area, but within the UK",8,L14.1 and L14.2: Never worked and long-term unemployed,430
E12000008,South East,4,"Inflow: lived elsewhere one year ago outside the associated area, but within the UK",9,L15: Full-time students,2578
E12000008,South East,5,Inflow: lived elsewhere one year ago outside the UK,-8,Does not apply,13613
E12000008,South East,5,Inflow: lived elsewhere one year ago outside the UK,1,"L1, L2 and L3: Higher managerial, administrative and professional occupations",11944
E12000008,South East,5,Inflow: lived elsewhere one year ago outside the UK,2,"L4, L5 and L6: Lower managerial, administrative and professional occupations",13310
E12000008,South East,5,Inflow: lived elsewhere one year ago outside the UK,3,L7: Intermediate occupations,4543
E12000008,South East,5,Inflow: lived elsewhere one year ago outside the UK,4,L8 and L9: Small employers and own account workers,5643
E12000008,South East,5,Inflow: lived elsewhere one year ago outside the UK,5,L10 and L11: Lower supervisory and technical occupations,1866
E12000008,South East,5,Inflow: lived elsewhere one year ago outside the UK,6,L12: Semi-routine occupations,4302
E12000008,South East,5,Inflow: lived elsewhere one year ago outside the UK,7,L13: Routine occupations,5666
E12000008,South East,5,Inflow: lived elsewhere one year ago outside the UK,8,L14.1 and L14.2: Never worked and long-term unemployed,6791
E12000008,South East,5,Inflow: lived elsewhere one year ago outside the UK,9,L15: Full-time students,17531
E12000009,South West,-8,Does not apply,-8,Does not apply,0
E12000009,South West,-8,Does not apply,1,"L1, L2 and L3: Higher managerial, administrative and professional occupations",0
E12000009,South West,-8,Does not apply,2,"L4, L5 and L6: Lower managerial, administrative and professional occupations",0
E12000009,South West,-8,Does not apply,3,L7: Intermediate occupations,0
E12000009,South West,-8,Does not apply,4,L8 and L9: Small employers and own account workers,0
E12000009,South West,-8,Does not apply,5,L10 and L11: Lower supervisory and technical occupations,0
E12000009,South West,-8,Does not apply,6,L12: Semi-routine occupations,0
E12000009,South West,-8,Does not apply,7,L13: Routine occupations,0
E12000009,South West,-8,Does not apply,8,L14.1 and L14.2: Never worked and long-term unemployed,0
E12000009,South West,-8,Does not apply,9,L15: Full-time students,0
E12000009,South West,1,Lived at the same address one year ago,-8,Does not apply,820634
E12000009,South West,1,Lived at the same address one year ago,1,"L1, L2 and L3: Higher managerial, administrative and professional occupations",534630
E12000009,South West,1,Lived at the same address one year ago,2,"L4, L5 and L6: Lower managerial, administrative and professional occupations",874925
E12000009,South West,1,Lived at the same address one year ago,3,L7: Intermediate occupations,498044
E12000009,South West,1,Lived at the same address one year ago,4,L8 and L9: Small employers and own account workers,531322
E12000009,South West,1,Lived at the same address one year ago,5,L10 and L11: Lower supervisory and technical occupations,240030
E12000009,South West,1,Lived at the same address one year ago,6,L12: Semi-routine occupations,519937
E12000009,South West,1,Lived at the same address one year ago,7,L13: Routine occupations,494572
E12000009,South West,1,Lived at the same address one year ago,8,L14.1 and L14.2: Never worked and long-term unemployed,261994
E12000009,South West,1,Lived at the same address one year ago,9,L15: Full-time students,204586
E12000009,South West,2,"Inflow: lived elsewhere one year ago, but within the same area",-8,Does not apply,74816
E12000009,South West,2,"Inflow: lived elsewhere one year ago, but within the same area",1,"L1, L2 and L3: Higher managerial, administrative and professional occupations",49965
E12000009,South West,2,"Inflow: lived elsewhere one year ago, but within the same area",2,"L4, L5 and L6: Lower managerial, administrative and professional occupations",81404
E12000009,South West,2,"Inflow: lived elsewhere one year ago, but within the same area",3,L7: Intermediate occupations,41154
E12000009,South West,2,"Inflow: lived elsewhere one year ago, but within the same area",4,L8 and L9: Small employers and own account workers,38393
E12000009,South West,2,"Inflow: lived elsewhere one year ago, but within the same area",5,L10 and L11: Lower supervisory and technical occupations,22346
E12000009,South West,2,"Inflow: lived elsewhere one year ago, but within the same area",6,L12: Semi-routine occupations,43153
E12000009,South West,2,"Inflow: lived elsewhere one year ago, but within the same area",7,L13: Routine occupations,41660
E12000009,South West,2,"Inflow: lived elsewhere one year ago, but within the same area",8,L14.1 and L14.2: Never worked and long-term unemployed,15899
E12000009,South West,2,"Inflow: lived elsewhere one year ago, but within the same area",9,L15: Full-time students,71879
E12000009,South West,3,"Inflow: lived elsewhere one year ago outside the area, but within the associated area",-8,Does not apply,12157
E12000009,South West,3,"Inflow: lived elsewhere one year ago outside the area, but within the associated area",1,"L1, L2 and L3: Higher managerial, administrative and professional occupations",20823
E12000009,South West,3,"Inflow: lived elsewhere one year ago outside the area, but within the associated area",2,"L4, L5 and L6: Lower managerial, administrative and professional occupations",23510
E12000009,South West,3,"Inflow: lived elsewhere one year ago outside the area, but within the associated area",3,L7: Intermediate occupations,10533
E12000009,South West,3,"Inflow: lived elsewhere one year ago outside the area, but within the associated area",4,L8 and L9: Small employers and own account workers,8784
E12000009,South West,3,"Inflow: lived elsewhere one year ago outside the area, but within the associated area",5,L10 and L11: Lower supervisory and technical occupations,3642
E12000009,South West,3,"Inflow: lived elsewhere one year ago outside the area, but within the associated area",6,L12: Semi-routine occupations,7602
E12000009,South West,3,"Inflow: lived elsewhere one year ago outside the area, but within the associated area",7,L13: Routine occupations,6893
E12000009,South West,3,"Inflow: lived elsewhere one year ago outside the area, but within the associated area",8,L14.1 and L14.2: Never worked and long-term unemployed,4066
E12000009,South West,3,"Inflow: lived elsewhere one year ago outside the area, but within the associated area",9,L15: Full-time students,35034
E12000009,South West,4,"Inflow: lived elsewhere one year ago outside the associated area, but within the UK",-8,Does not apply,858
E12000009,South West,4,"Inflow: lived elsewhere one year ago outside the associated area, but within the UK",1,"L1, L2 and L3: Higher managerial, administrative and professional occupations",1732
E12000009,South West,4,"Inflow: lived elsewhere one year ago outside the associated area, but within the UK",2,"L4, L5 and L6: Lower managerial, administrative and professional occupations",2170
E12000009,South West,4,"Inflow: lived elsewhere one year ago outside the associated area, but within the UK",3,L7: Intermediate occupations,1119
E12000009,South West,4,"Inflow: lived elsewhere one year ago outside the associated area, but within the UK",4,L8 and L9: Small employers and own account workers,624
E12000009,South West,4,"Inflow: lived elsewhere one year ago outside the associated area, but within the UK",5,L10 and L11: Lower supervisory and technical occupations,359
E12000009,South West,4,"Inflow: lived elsewhere one year ago outside the associated area, but within the UK",6,L12: Semi-routine occupations,914
E12000009,South West,4,"Inflow: lived elsewhere one year ago outside the associated area, but within the UK",7,L13: Routine occupations,766
E12000009,South West,4,"Inflow: lived elsewhere one year ago outside the associated area, but within the UK",8,L14.1 and L14.2: Never worked and long-term unemployed,451
E12000009,South West,4,"Inflow: lived elsewhere one year ago outside the associated area, but within the UK",9,L15: Full-time students,4566
E12000009,South West,5,Inflow: lived elsewhere one year ago outside the UK,-8,Does not apply,5883
E12000009,South West,5,Inflow: lived elsewhere one year ago outside the UK,1,"L1, L2 and L3: Higher managerial, administrative and professional occupations",5353
E12000009,South West,5,Inflow: lived elsewhere one year ago outside the UK,2,"L4, L5 and L6: Lower managerial, administrative and professional occupations",6669
E12000009,South West,5,Inflow: lived elsewhere one year ago outside the UK,3,L7: Intermediate occupations,2459
E12000009,South West,5,Inflow: lived elsewhere one year ago outside the UK,4,L8 and L9: Small employers and own account workers,2879
E12000009,South West,5,Inflow: lived elsewhere one year ago outside the UK,5,L10 and L11: Lower supervisory and technical occupations,1155
E12000009,South West,5,Inflow: lived elsewhere one year ago outside the UK,6,L12: Semi-routine occupations,2413
E12000009,South West,5,Inflow: lived elsewhere one year ago outside the UK,7,L13: Routine occupations,3373
E12000009,South West,5,Inflow: lived elsewhere one year ago outside the UK,8,L14.1 and L14.2: Never worked and long-term unemployed,2726
E12000009,South West,5,Inflow: lived elsewhere one year ago outside the UK,9,L15: Full-time students,9328
W92000004,Wales,-8,Does not apply,-8,Does not apply,0
W92000004,Wales,-8,Does not apply,1,"L1, L2 and L3: Higher managerial, administrative and professional occupations",0
W92000004,Wales,-8,Does not apply,2,"L4, L5 and L6: Lower managerial, administrative and professional occupations",0
W92000004,Wales,-8,Does not apply,3,L7: Intermediate occupations,0
W92000004,Wales,-8,Does not apply,4,L8 and L9: Small employers and own account workers,0
W92000004,Wales,-8,Does not apply,5,L10 and L11: Lower supervisory and technical occupations,0
W92000004,Wales,-8,Does not apply,6,L12: Semi-routine occupations,0
W92000004,Wales,-8,Does not apply,7,L13: Routine occupations,0
W92000004,Wales,-8,Does not apply,8,L14.1 and L14.2: Never worked and long-term unemployed,0
W92000004,Wales,-8,Does not apply,9,L15: Full-time students,0
W92000004,Wales,1,Lived at the same address one year ago,-8,Does not apply,474504
W92000004,Wales,1,Lived at the same address one year ago,1,"L1, L2 and L3: Higher managerial, administrative and professional occupations",235529
W92000004,Wales,1,Lived at the same address one year ago,2,"L4, L5 and L6: Lower managerial, administrative and professional occupations",454396
W92000004,Wales,1,Lived at the same address one year ago,3,L7: Intermediate occupations,272544
W92000004,Wales,1,Lived at the same address one year ago,4,L8 and L9: Small employers and own account workers,240453
W92000004,Wales,1,Lived at the same address one year ago,5,L10 and L11: Lower supervisory and technical occupations,148077
W92000004,Wales,1,Lived at the same address one year ago,6,L12: Semi-routine occupations,309462
W92000004,Wales,1,Lived at the same address one year ago,7,L13: Routine occupations,312599
W92000004,Wales,1,Lived at the same address one year ago,8,L14.1 and L14.2: Never worked and long-term unemployed,202745
W92000004,Wales,1,Lived at the same address one year ago,9,L15: Full-time students,136419
W92000004,Wales,2,"Inflow: lived elsewhere one year ago, but within the same area",-8,Does not apply,38827
W92000004,Wales,2,"Inflow: lived elsewhere one year ago, but within the same area",1,"L1, L2 and L3: Higher managerial, administrative and professional occupations",16586
W92000004,Wales,2,"Inflow: lived elsewhere one year ago, but within the same area",2,"L4, L5 and L6: Lower managerial, administrative and professional occupations",31657
W92000004,Wales,2,"Inflow: lived elsewhere one year ago, but within the same area",3,L7: Intermediate occupations,18401
W92000004,Wales,2,"Inflow: lived elsewhere one year ago, but within the same area",4,L8 and L9: Small employers and own account workers,13225
W92000004,Wales,2,"Inflow: lived elsewhere one year ago, but within the same area",5,L10 and L11: Lower supervisory and technical occupations,9727
W92000004,Wales,2,"Inflow: lived elsewhere one year ago, but within the same area",6,L12: Semi-routine occupations,21147
W92000004,Wales,2,"Inflow: lived elsewhere one year ago, but within the same area",7,L13: Routine occupations,20393
W92000004,Wales,2,"Inflow: lived elsewhere one year ago, but within the same area",8,L14.1 and L14.2: Never worked and long-term unemployed,12285
W92000004,Wales,2,"Inflow: lived elsewhere one year ago, but within the same area",9,L15: Full-time students,36612
W92000004,Wales,3,"Inflow: lived elsewhere one year ago outside the area, but within the associated area",-8,Does not apply,0
W92000004,Wales,3,"Inflow: lived elsewhere one year ago outside the area, but within the associated area",1,"L1, L2 and L3: Higher managerial, administrative and professional occupations",0
W92000004,Wales,3,"Inflow: lived elsewhere one year ago outside the area, but within the associated area",2,"L4, L5 and L6: Lower managerial, administrative and professional occupations",0
W92000004,Wales,3,"Inflow: lived elsewhere one year ago outside the area, but within the associated area",3,L7: Intermediate occupations,0
W92000004,Wales,3,"Inflow: lived elsewhere one year ago outside the area, but within the associated area",4,L8 and L9: Small employers and own account workers,0
W92000004,Wales,3,"Inflow: lived elsewhere one year ago outside the area, but within the associated area",5,L10 and L11: Lower supervisory and technical occupations,0
W92000004,Wales,3,"Inflow: lived elsewhere one year ago outside the area, but within the associated area",6,L12: Semi-routine occupations,0
W92000004,Wales,3,"Inflow: lived elsewhere one year ago outside the area, but within the associated area",7,L13: Routine occupations,0
W92000004,Wales,3,"Inflow: lived elsewhere one year ago outside the area, but within the associated area",8,L14.1 and L14.2: Never worked and long-term unemployed,0
W92000004,Wales,3,"Inflow: lived elsewhere one year ago outside the area, but within the associated area",9,L15: Full-time students,0
W92000004,Wales,4,"Inflow: lived elsewhere one year ago outside the associated area, but within the UK",-8,Does not apply,4489
W92000004,Wales,4,"Inflow: lived elsewhere one year ago outside the associated area, but within the UK",1,"L1, L2 and L3: Higher managerial, administrative and professional occupations",7242
W92000004,Wales,4,"Inflow: lived elsewhere one year ago outside the associated area, but within the UK",2,"L4, L5 and L6: Lower managerial, administrative and professional occupations",9069
W92000004,Wales,4,"Inflow: lived elsewhere one year ago outside the associated area, but within the UK",3,L7: Intermediate occupations,4311
W92000004,Wales,4,"Inflow: lived elsewhere one year ago outside the associated area, but within the UK",4,L8 and L9: Small employers and own account workers,3649
W92000004,Wales,4,"Inflow: lived elsewhere one year ago outside the associated area, but within the UK",5,L10 and L11: Lower supervisory and technical occupations,1701
W92000004,Wales,4,"Inflow: lived elsewhere one year ago outside the associated area, but within the UK",6,L12: Semi-routine occupations,3791
W92000004,Wales,4,"Inflow: lived elsewhere one year ago outside the associated area, but within the UK",7,L13: Routine occupations,3551
W92000004,Wales,4,"Inflow: lived elsewhere one year ago outside the associated area, but within the UK",8,L14.1 and L14.2: Never worked and long-term unemployed,2281
W92000004,Wales,4,"Inflow: lived elsewhere one year ago outside the associated area, but within the UK",9,L15: Full-time students,17151
W92000004,Wales,5,Inflow: lived elsewhere one year ago outside the UK,-8,Does not apply,1922
W92000004,Wales,5,Inflow: lived elsewhere one year ago outside the UK,1,"L1, L2 and L3: Higher managerial, administrative and professional occupations",1750
W92000004,Wales,5,Inflow: lived elsewhere one year ago outside the UK,2,"L4, L5 and L6: Lower managerial, administrative and professional occupations",2318
W92000004,Wales,5,Inflow: lived elsewhere one year ago outside the UK,3,L7: Intermediate occupations,828
W92000004,Wales,5,Inflow: lived elsewhere one year ago outside the UK,4,L8 and L9: Small employers and own account workers,827
W92000004,Wales,5,Inflow: lived elsewhere one year ago outside the UK,5,L10 and L11: Lower supervisory and technical occupations,366
W92000004,Wales,5,Inflow: lived elsewhere one year ago outside the UK,6,L12: Semi-routine occupations,736
W92000004,Wales,5,Inflow: lived elsewhere one year ago outside the UK,7,L13: Routine occupations,1143
W92000004,Wales,5,Inflow: lived elsewhere one year ago outside the UK,8,L14.1 and L14.2: Never worked and long-term unemployed,1166
W92000004,Wales,5,Inflow: lived elsewhere one year ago outside the UK,9,L15: Full-time students,5282
