Countries code,Countries label,Migration Country (inflow) (5 categories) code,Migration Country (inflow) (5 categories) label,National Statistics Socio-economic Classification (NS-SeC) (10 categories) code,National Statistics Socio-economic Classification (NS-SeC) (10 categories) label,Count
E92000001,England,-8,Does not apply,-8,Does not apply,0
E92000001,England,-8,Does not apply,1,"L1, L2 and L3: Higher managerial, administrative and professional occupations",0
E92000001,England,-8,Does not apply,2,"L4, L5 and L6: Lower managerial, administrative and professional occupations",0
E92000001,England,-8,Does not apply,3,L7: Intermediate occupations,0
E92000001,England,-8,Does not apply,4,L8 and L9: Small employers and own account workers,0
E92000001,England,-8,Does not apply,5,L10 and L11: Lower supervisory and technical occupations,0
E92000001,England,-8,Does not apply,6,L12: Semi-routine occupations,0
E92000001,England,-8,Does not apply,7,L13: Routine occupations,0
E92000001,England,-8,Does not apply,8,L14.1 and L14.2: Never worked and long-term unemployed,0
E92000001,England,-8,Does not apply,9,L15: Full-time students,0
E92000001,England,1,Lived at the same address one year ago,-8,Does not apply,8960932
E92000001,England,1,Lived at the same address one year ago,1,"L1, L2 and L3: Higher managerial, administrative and professional occupations",5313079
E92000001,England,1,Lived at the same address one year ago,2,"L4, L5 and L6: Lower managerial, administrative and professional occupations",8139484
E92000001,England,1,Lived at the same address one year ago,3,L7: Intermediate occupations,4767305
E92000001,England,1,Lived at the same address one year ago,4,L8 and L9: Small employers and own account workers,4445895
E92000001,England,1,Lived at the same address one year ago,5,L10 and L11: Lower supervisory and technical occupations,2232042
E92000001,England,1,Lived at the same address one year ago,6,L12: Semi-routine occupations,4735427
E92000001,England,1,Lived at the same address one year ago,7,L13: Routine occupations,5017721
E92000001,England,1,Lived at the same address one year ago,8,L14.1 and L14.2: Never worked and long-term unemployed,3594479
E92000001,England,1,Lived at the same address one year ago,9,L15: Full-time students,2503438
E92000001,England,2,"Inflow: lived elsewhere one year ago, but within the same area",-8,Does not apply,861917
E92000001,England,2,"Inflow: lived elsewhere one year ago, but within the same area",1,"L1, L2 and L3: Higher managerial, administrative and professional occupations",700877
E92000001,England,2,"Inflow: lived elsewhere one year ago, but within the same area",2,"L4, L5 and L6: Lower managerial, administrative and professional occupations",949435
E92000001,England,2,"Inflow: lived elsewhere one year ago, but within the same area",3,L7: Intermediate occupations,455903
E92000001,England,2,"Inflow: lived elsewhere one year ago, but within the same area",4,L8 and L9: Small employers and own account workers,392275
E92000001,England,2,"Inflow: lived elsewhere one year ago, but within the same area",5,L10 and L11: Lower supervisory and technical occupations,215167
E92000001,England,2,"Inflow: lived elsewhere one year ago, but within the same area",6,L12: Semi-routine occupations,419652
E92000001,England,2,"Inflow: lived elsewhere one year ago, but within the same area",7,L13: Routine occupations,458159
E92000001,England,2,"Inflow: lived elsewhere one year ago, but within the same area",8,L14.1 and L14.2: Never worked and long-term unemployed,264499
E92000001,England,2,"Inflow: lived elsewhere one year ago, but within the same area",9,L15: Full-time students,878630
E92000001,England,3,"Inflow: lived elsewhere one year ago outside the area, but within the associated area",-8,Does not apply,5386
E92000001,England,3,"Inflow: lived elsewhere one year ago outside the area, but within the associated area",1,"L1, L2 and L3: Higher managerial, administrative and professional occupations",10931
E92000001,England,3,"Inflow: lived elsewhere one year ago outside the area, but within the associated area",2,"L4, L5 and L6: Lower managerial, administrative and professional occupations",12129
E92000001,England,3,"Inflow: lived elsewhere one year ago outside the area, but within the associated area",3,L7: Intermediate occupations,6067
E92000001,England,3,"Inflow: lived elsewhere one year ago outside the area, but within the associated area",4,L8 and L9: Small employers and own account workers,3584
E92000001,England,3,"Inflow: lived elsewhere one year ago outside the area, but within the associated area",5,L10 and L11: Lower supervisory and technical occupations,2267
E92000001,England,3,"Inflow: lived elsewhere one year ago outside the area, but within the associated area",6,L12: Semi-routine occupations,4907
E92000001,England,3,"Inflow: lived elsewhere one year ago outside the area, but within the associated area",7,L13: Routine occupations,4584
E92000001,England,3,"Inflow: lived elsewhere one year ago outside the area, but within the associated area",8,L14.1 and L14.2: Never worked and long-term unemployed,3710
E92000001,England,3,"Inflow: lived elsewhere one year ago outside the area, but within the associated area",9,L15: Full-time students,22418
E92000001,England,4,Inflow: lived elsewhere one year ago outside the UK,-8,Does not apply,75868
E92000001,England,4,Inflow: lived elsewhere one year ago outside the UK,1,"L1, L2 and L3: Higher managerial, administrative and professional occupations",67904
E92000001,England,4,Inflow: lived elsewhere one year ago outside the UK,2,"L4, L5 and L6: Lower managerial, administrative and professional occupations",71323
E92000001,England,4,Inflow: lived elsewhere one year ago outside the UK,3,L7: Intermediate occupations,26058
E92000001,England,4,Inflow: lived elsewhere one year ago outside the UK,4,L8 and L9: Small employers and own account workers,31648
E92000001,England,4,Inflow: lived elsewhere one year ago outside the UK,5,L10 and L11: Lower supervisory and technical occupations,11258
E92000001,England,4,Inflow: lived elsewhere one year ago outside the UK,6,L12: Semi-routine occupations,23593
E92000001,England,4,Inflow: lived elsewhere one year ago outside the UK,7,L13: Routine occupations,41811
E92000001,England,4,Inflow: lived elsewhere one year ago outside the UK,8,L14.1 and L14.2: Never worked and long-term unemployed,52794
E92000001,England,4,Inflow: lived elsewhere one year ago outside the UK,9,L15: Full-time students,126504
W92000004,Wales,-8,Does not apply,-8,Does not apply,0
W92000004,Wales,-8,Does not apply,1,"L1, L2 and L3: Higher managerial, administrative and professional occupations",0
W92000004,Wales,-8,Does not apply,2,"L4, L5 and L6: Lower managerial, administrative and professional occupations",0
W92000004,Wales,-8,Does not apply,3,L7: Intermediate occupations,0
W92000004,Wales,-8,Does not apply,4,L8 and L9: Small employers and own account workers,0
W92000004,Wales,-8,Does not apply,5,L10 and L11: Lower supervisory and technical occupations,0
W92000004,Wales,-8,Does not apply,6,L12: Semi-routine occupations,0
W92000004,Wales,-8,Does not apply,7,L13: Routine occupations,0
W92000004,Wales,-8,Does not apply,8,L14.1 and L14.2: Never worked and long-term unemployed,0
W92000004,Wales,-8,Does not apply,9,L15: Full-time students,0
W92000004,Wales,1,Lived at the same address one year ago,-8,Does not apply,474504
W92000004,Wales,1,Lived at the same address one year ago,1,"L1, L2 and L3: Higher managerial, administrative and professional occupations",235529
W92000004,Wales,1,Lived at the same address one year ago,2,"L4, L5 and L6: Lower managerial, administrative and professional occupations",454396
W92000004,Wales,1,Lived at the same address one year ago,3,L7: Intermediate occupations,272544
W92000004,Wales,1,Lived at the same address one year ago,4,L8 and L9: Small employers and own account workers,240453
W92000004,Wales,1,Lived at the same address one year ago,5,L10 and L11: Lower supervisory and technical occupations,148077
W92000004,Wales,1,Lived at the same address one year ago,6,L12: Semi-routine occupations,309462
W92000004,Wales,1,Lived at the same address one year ago,7,L13: Routine occupations,312599
W92000004,Wales,1,Lived at the same address one year ago,8,L14.1 and L14.2: Never worked and long-term unemployed,202745
W92000004,Wales,1,Lived at the same address one year ago,9,L15: Full-time students,136419
W92000004,Wales,2,"Inflow: lived elsewhere one year ago, but within the same area",-8,Does not apply,38827
W92000004,Wales,2,"Inflow: lived elsewhere one year ago, but within the same area",1,"L1, L2 and L3: Higher managerial, administrative and professional occupations",16586
W92000004,Wales,2,"Inflow: lived elsewhere one year ago, but within the same area",2,"L4, L5 and L6: Lower managerial, administrative and professional occupations",31657
W92000004,Wales,2,"Inflow: lived elsewhere one year ago, but within the same area",3,L7: Intermediate occupations,18401
W92000004,Wales,2,"Inflow: lived elsewhere one year ago, but within the same area",4,L8 and L9: Small employers and own account workers,13225
W92000004,Wales,2,"Inflow: lived elsewhere one year ago, but within the same area",5,L10 and L11: Lower supervisory and technical occupations,9727
W92000004,Wales,2,"Inflow: lived elsewhere one year ago, but within the same area",6,L12: Semi-routine occupations,21147
W92000004,Wales,2,"Inflow: lived elsewhere one year ago, but within the same area",7,L13: Routine occupations,20393
W92000004,Wales,2,"Inflow: lived elsewhere one year ago, but within the same area",8,L14.1 and L14.2: Never worked and long-term unemployed,12285
W92000004,Wales,2,"Inflow: lived elsewhere one year ago, but within the same area",9,L15: Full-time students,36612
W92000004,Wales,3,"Inflow: lived elsewhere one year ago outside the area, but within the associated area",-8,Does not apply,4489
W92000004,Wales,3,"Inflow: lived elsewhere one year ago outside the area, but within the associated area",1,"L1, L2 and L3: Higher managerial, administrative and professional occupations",7242
W92000004,Wales,3,"Inflow: lived elsewhere one year ago outside the area, but within the associated area",2,"L4, L5 and L6: Lower managerial, administrative and professional occupations",9069
W92000004,Wales,3,"Inflow: lived elsewhere one year ago outside the area, but within the associated area",3,L7: Intermediate occupations,4311
W92000004,Wales,3,"Inflow: lived elsewhere one year ago outside the area, but within the associated area",4,L8 and L9: Small employers and own account workers,3649
W92000004,Wales,3,"Inflow: lived elsewhere one year ago outside the area, but within the associated area",5,L10 and L11: Lower supervisory and technical occupations,1701
W92000004,Wales,3,"Inflow: lived elsewhere one year ago outside the area, but within the associated area",6,L12: Semi-routine occupations,3791
W92000004,Wales,3,"Inflow: lived elsewhere one year ago outside the area, but within the associated area",7,L13: Routine occupations,3551
W92000004,Wales,3,"Inflow: lived elsewhere one year ago outside the area, but within the associated area",8,L14.1 and L14.2: Never worked and long-term unemployed,2281
W92000004,Wales,3,"Inflow: lived elsewhere one year ago outside the area, but within the associated area",9,L15: Full-time students,17151
W92000004,Wales,4,Inflow: lived elsewhere one year ago outside the UK,-8,Does not apply,1922
W92000004,Wales,4,Inflow: lived elsewhere one year ago outside the UK,1,"L1, L2 and L3: Higher managerial, administrative and professional occupations",1750
W92000004,Wales,4,Inflow: lived elsewhere one year ago outside the UK,2,"L4, L5 and L6: Lower managerial, administrative and professional occupations",2318
W92000004,Wales,4,Inflow: lived elsewhere one year ago outside the UK,3,L7: Intermediate occupations,828
W92000004,Wales,4,Inflow: lived elsewhere one year ago outside the UK,4,L8 and L9: Small employers and own account workers,827
W92000004,Wales,4,Inflow: lived elsewhere one year ago outside the UK,5,L10 and L11: Lower supervisory and technical occupations,366
W92000004,Wales,4,Inflow: lived elsewhere one year ago outside the UK,6,L12: Semi-routine occupations,736
W92000004,Wales,4,Inflow: lived elsewhere one year ago outside the UK,7,L13: Routine occupations,1143
W92000004,Wales,4,Inflow: lived elsewhere one year ago outside the UK,8,L14.1 and L14.2: Never worked and long-term unemployed,1166
W92000004,Wales,4,Inflow: lived elsewhere one year ago outside the UK,9,L15: Full-time students,5282
