Migrant country one year ago code,Migrant country one year ago label,Migration Country (outflow) (2 categories) code,Migration Country (outflow) (2 categories) label,Ethnic group (6 categories) code,Ethnic group (6 categories) label,Count
-8,Does not apply,-8,Does not apply,-8,Does not apply,0
-8,Does not apply,-8,Does not apply,1,"Asian, Asian British or Asian Welsh",4724770
-8,Does not apply,-8,Does not apply,2,"Black, Black British, Black Welsh, Caribbean or African",2066923
-8,Does not apply,-8,Does not apply,3,Mixed or Multiple ethnic groups,1410293
-8,Does not apply,-8,Does not apply,4,White,43285108
-8,Does not apply,-8,Does not apply,5,Other ethnic group,1044952
-8,Does not apply,1,"Outflow: moved out of the area, but within the associated area",-8,Does not apply,0
-8,Does not apply,1,"Outflow: moved out of the area, but within the associated area",1,"Asian, Asian British or Asian Welsh",0
-8,Does not apply,1,"Outflow: moved out of the area, but within the associated area",2,"Black, Black British, Black Welsh, Caribbean or African",0
-8,Does not apply,1,"Outflow: moved out of the area, but within the associated area",3,Mixed or Multiple ethnic groups,0
-8,Does not apply,1,"Outflow: moved out of the area, but within the associated area",4,White,0
-8,Does not apply,1,"Outflow: moved out of the area, but within the associated area",5,Other ethnic group,0
999999999,Person with migrant origin outside the UK,-8,Does not apply,-8,Does not apply,0
999999999,Person with migrant origin outside the UK,-8,Does not apply,1,"Asian, Asian British or Asian Welsh",161658
999999999,Person with migrant origin outside the UK,-8,Does not apply,2,"Black, Black British, Black Welsh, Caribbean or African",47998
999999999,Person with migrant origin outside the UK,-8,Does not apply,3,Mixed or Multiple ethnic groups,23135
999999999,Person with migrant origin outside the UK,-8,Does not apply,4,White,270156
999999999,Person with migrant origin outside the UK,-8,Does not apply,5,Other ethnic group,42149
999999999,Person with migrant origin outside the UK,1,"Outflow: moved out of the area, but within the associated area",-8,Does not apply,0
999999999,Person with migrant origin outside the UK,1,"Outflow: moved out of the area, but within the associated area",1,"Asian, Asian British or Asian Welsh",0
999999999,Person with migrant origin outside the UK,1,"Outflow: moved out of the area, but within the associated area",2,"Black, Black British, Black Welsh, Caribbean or African",0
999999999,Person with migrant origin outside the UK,1,"Outflow: moved out of the area, but within the associated area",3,Mixed or Multiple ethnic groups,0
999999999,Person with migrant origin outside the UK,1,"Outflow: moved out of the area, but within the associated area",4,White,0
999999999,Person with migrant origin outside the UK,1,"Outflow: moved out of the area, but within the associated area",5,Other ethnic group,0
E92000001,England,-8,Does not apply,-8,Does not apply,0
E92000001,England,-8,Does not apply,1,"Asian, Asian British or Asian Welsh",543538
E92000001,England,-8,Does not apply,2,"Black, Black British, Black Welsh, Caribbean or African",260235
E92000001,England,-8,Does not apply,3,Mixed or Multiple ethnic groups,227289
E92000001,England,-8,Does not apply,4,White,4416699
E92000001,England,-8,Does not apply,5,Other ethnic group,148754
E92000001,England,1,"Outflow: moved out of the area, but within the associated area",-8,Does not apply,0
E92000001,England,1,"Outflow: moved out of the area, but within the associated area",1,"Asian, Asian British or Asian Welsh",3153
E92000001,England,1,"Outflow: moved out of the area, but within the associated area",2,"Black, Black British, Black Welsh, Caribbean or African",1201
E92000001,England,1,"Outflow: moved out of the area, but within the associated area",3,Mixed or Multiple ethnic groups,1774
E92000001,England,1,"Outflow: moved out of the area, but within the associated area",4,White,48892
E92000001,England,1,"Outflow: moved out of the area, but within the associated area",5,Other ethnic group,953
W92000004,Wales,-8,Does not apply,-8,Does not apply,0
W92000004,Wales,-8,Does not apply,1,"Asian, Asian British or Asian Welsh",8144
W92000004,Wales,-8,Does not apply,2,"Black, Black British, Black Welsh, Caribbean or African",2945
W92000004,Wales,-8,Does not apply,3,Mixed or Multiple ethnic groups,5031
W92000004,Wales,-8,Does not apply,4,White,199881
W92000004,Wales,-8,Does not apply,5,Other ethnic group,2859
W92000004,Wales,1,"Outflow: moved out of the area, but within the associated area",-8,Does not apply,0
W92000004,Wales,1,"Outflow: moved out of the area, but within the associated area",1,"Asian, Asian British or Asian Welsh",2839
W92000004,Wales,1,"Outflow: moved out of the area, but within the associated area",2,"Black, Black British, Black Welsh, Caribbean or African",985
W92000004,Wales,1,"Outflow: moved out of the area, but within the associated area",3,Mixed or Multiple ethnic groups,1306
W92000004,Wales,1,"Outflow: moved out of the area, but within the associated area",4,White,35663
W92000004,Wales,1,"Outflow: moved out of the area, but within the associated area",5,Other ethnic group,936
