Regions code,Regions label,Migration Region (inflow) (6 categories) code,Migration Region (inflow) (6 categories) label,Ethnic group (6 categories) code,Ethnic group (6 categories) label,Count
E12000001,North East,-8,Does not apply,-8,Does not apply,0
E12000001,North East,-8,Does not apply,1,"Asian, Asian British or Asian Welsh",0
E12000001,North East,-8,Does not apply,2,"Black, Black British, Black Welsh, Caribbean or African",0
E12000001,North East,-8,Does not apply,3,Mixed or Multiple ethnic groups,0
E12000001,North East,-8,Does not apply,4,White,0
E12000001,North East,-8,Does not apply,5,Other ethnic group,0
E12000001,North East,1,Lived at the same address one year ago,-8,Does not apply,0
E12000001,North East,1,Lived at the same address one year ago,1,"Asian, Asian British or Asian Welsh",78921
E12000001,North East,1,Lived at the same address one year ago,2,"Black, Black British, Black Welsh, Caribbean or African",19302
E12000001,North East,1,Lived at the same address one year ago,3,Mixed or Multiple ethnic groups,26436
E12000001,North East,1,Lived at the same address one year ago,4,White,2209454
E12000001,North East,1,Lived at the same address one year ago,5,Other ethnic group,20863
E12000001,North East,2,"Inflow: lived elsewhere one year ago, but within the same area",-8,Does not apply,0
E12000001,North East,2,"Inflow: lived elsewhere one year ago, but within the same area",1,"Asian, Asian British or Asian Welsh",9781
E12000001,North East,2,"Inflow: lived elsewhere one year ago, but within the same area",2,"Black, Black British, Black Welsh, Caribbean or African",3222
E12000001,North East,2,"Inflow: lived elsewhere one year ago, but within the same area",3,Mixed or Multiple ethnic groups,3940
E12000001,North East,2,"Inflow: lived elsewhere one year ago, but within the same area",4,White,185710
E12000001,North East,2,"Inflow: lived elsewhere one year ago, but within the same area",5,Other ethnic group,2852
E12000001,North East,3,"Inflow: lived elsewhere one year ago outside the area, but within the associated area",-8,Does not apply,0
E12000001,North East,3,"Inflow: lived elsewhere one year ago outside the area, but within the associated area",1,"Asian, Asian British or Asian Welsh",2941
E12000001,North East,3,"Inflow: lived elsewhere one year ago outside the area, but within the associated area",2,"Black, Black British, Black Welsh, Caribbean or African",1288
E12000001,North East,3,"Inflow: lived elsewhere one year ago outside the area, but within the associated area",3,Mixed or Multiple ethnic groups,1456
E12000001,North East,3,"Inflow: lived elsewhere one year ago outside the area, but within the associated area",4,White,34344
E12000001,North East,3,"Inflow: lived elsewhere one year ago outside the area, but within the associated area",5,Other ethnic group,838
E12000001,North East,4,"Inflow: lived elsewhere one year ago outside the associated area, but within the UK",-8,Does not apply,0
E12000001,North East,4,"Inflow: lived elsewhere one year ago outside the associated area, but within the UK",1,"Asian, Asian British or Asian Welsh",284
E12000001,North East,4,"Inflow: lived elsewhere one year ago outside the associated area, but within the UK",2,"Black, Black British, Black Welsh, Caribbean or African",90
E12000001,North East,4,"Inflow: lived elsewhere one year ago outside the associated area, but within the UK",3,Mixed or Multiple ethnic groups,82
E12000001,North East,4,"Inflow: lived elsewhere one year ago outside the associated area, but within the UK",4,White,3704
E12000001,North East,4,"Inflow: lived elsewhere one year ago outside the associated area, but within the UK",5,Other ethnic group,87
E12000001,North East,5,Inflow: lived elsewhere one year ago outside the UK,-8,Does not apply,0
E12000001,North East,5,Inflow: lived elsewhere one year ago outside the UK,1,"Asian, Asian British or Asian Welsh",4880
E12000001,North East,5,Inflow: lived elsewhere one year ago outside the UK,2,"Black, Black British, Black Welsh, Caribbean or African",2260
E12000001,North East,5,Inflow: lived elsewhere one year ago outside the UK,3,Mixed or Multiple ethnic groups,514
E12000001,North East,5,Inflow: lived elsewhere one year ago outside the UK,4,White,7697
E12000001,North East,5,Inflow: lived elsewhere one year ago outside the UK,5,Other ethnic group,1294
E12000002,North West,-8,Does not apply,-8,Does not apply,0
E12000002,North West,-8,Does not apply,1,"Asian, Asian British or Asian Welsh",0
E12000002,North West,-8,Does not apply,2,"Black, Black British, Black Welsh, Caribbean or African",0
E12000002,North West,-8,Does not apply,3,Mixed or Multiple ethnic groups,0
E12000002,North West,-8,Does not apply,4,White,0
E12000002,North West,-8,Does not apply,5,Other ethnic group,0
E12000002,North West,1,Lived at the same address one year ago,-8,Does not apply,0
E12000002,North West,1,Lived at the same address one year ago,1,"Asian, Asian British or Asian Welsh",537362
E12000002,North West,1,Lived at the same address one year ago,2,"Black, Black British, Black Welsh, Caribbean or African",143687
E12000002,North West,1,Lived at the same address one year ago,3,Mixed or Multiple ethnic groups,134012
E12000002,North West,1,Lived at the same address one year ago,4,White,5700678
E12000002,North West,1,Lived at the same address one year ago,5,Other ethnic group,88911
E12000002,North West,2,"Inflow: lived elsewhere one year ago, but within the same area",-8,Does not apply,0
E12000002,North West,2,"Inflow: lived elsewhere one year ago, but within the same area",1,"Asian, Asian British or Asian Welsh",44927
E12000002,North West,2,"Inflow: lived elsewhere one year ago, but within the same area",2,"Black, Black British, Black Welsh, Caribbean or African",16662
E12000002,North West,2,"Inflow: lived elsewhere one year ago, but within the same area",3,Mixed or Multiple ethnic groups,17938
E12000002,North West,2,"Inflow: lived elsewhere one year ago, but within the same area",4,White,476425
E12000002,North West,2,"Inflow: lived elsewhere one year ago, but within the same area",5,Other ethnic group,11650
E12000002,North West,3,"Inflow: lived elsewhere one year ago outside the area, but within the associated area",-8,Does not apply,0
E12000002,North West,3,"Inflow: lived elsewhere one year ago outside the area, but within the associated area",1,"Asian, Asian British or Asian Welsh",9772
E12000002,North West,3,"Inflow: lived elsewhere one year ago outside the area, but within the associated area",2,"Black, Black British, Black Welsh, Caribbean or African",4655
E12000002,North West,3,"Inflow: lived elsewhere one year ago outside the area, but within the associated area",3,Mixed or Multiple ethnic groups,3957
E12000002,North West,3,"Inflow: lived elsewhere one year ago outside the area, but within the associated area",4,White,72709
E12000002,North West,3,"Inflow: lived elsewhere one year ago outside the area, but within the associated area",5,Other ethnic group,2438
E12000002,North West,4,"Inflow: lived elsewhere one year ago outside the associated area, but within the UK",-8,Does not apply,0
E12000002,North West,4,"Inflow: lived elsewhere one year ago outside the associated area, but within the UK",1,"Asian, Asian British or Asian Welsh",856
E12000002,North West,4,"Inflow: lived elsewhere one year ago outside the associated area, but within the UK",2,"Black, Black British, Black Welsh, Caribbean or African",361
E12000002,North West,4,"Inflow: lived elsewhere one year ago outside the associated area, but within the UK",3,Mixed or Multiple ethnic groups,366
E12000002,North West,4,"Inflow: lived elsewhere one year ago outside the associated area, but within the UK",4,White,12941
E12000002,North West,4,"Inflow: lived elsewhere one year ago outside the associated area, but within the UK",5,Other ethnic group,409
E12000002,North West,5,Inflow: lived elsewhere one year ago outside the UK,-8,Does not apply,0
E12000002,North West,5,Inflow: lived elsewhere one year ago outside the UK,1,"Asian, Asian British or Asian Welsh",20444
E12000002,North West,5,Inflow: lived elsewhere one year ago outside the UK,2,"Black, Black British, Black Welsh, Caribbean or African",5765
E12000002,North West,5,Inflow: lived elsewhere one year ago outside the UK,3,Mixed or Multiple ethnic groups,2287
E12000002,North West,5,Inflow: lived elsewhere one year ago outside the UK,4,White,26601
E12000002,North West,5,Inflow: lived elsewhere one year ago outside the UK,5,Other ethnic group,5104
E12000003,Yorkshire and The Humber,-8,Does not apply,-8,Does not apply,0
E12000003,Yorkshire and The Humber,-8,Does not apply,1,"Asian, Asian British or Asian Welsh",0
E12000003,Yorkshire and The Humber,-8,Does not apply,2,"Black, Black British, Black Welsh, Caribbean or African",0
E12000003,Yorkshire and The Humber,-8,Does not apply,3,Mixed or Multiple ethnic groups,0
E12000003,Yorkshire and The Humber,-8,Does not apply,4,White,0
E12000003,Yorkshire and The Humber,-8,Does not apply,5,Other ethnic group,0
E12000003,Yorkshire and The Humber,1,Lived at the same address one year ago,-8,Does not apply,0
E12000003,Yorkshire and The Humber,1,Lived at the same address one year ago,1,"Asian, Asian British or Asian Welsh",428317
E12000003,Yorkshire and The Humber,1,Lived at the same address one year ago,2,"Black, Black British, Black Welsh, Caribbean or African",96285
E12000003,Yorkshire and The Humber,1,Lived at the same address one year ago,3,Mixed or Multiple ethnic groups,95632
E12000003,Yorkshire and The Humber,1,Lived at the same address one year ago,4,White,4175806
E12000003,Yorkshire and The Humber,1,Lived at the same address one year ago,5,Other ethnic group,64741
E12000003,Yorkshire and The Humber,2,"Inflow: lived elsewhere one year ago, but within the same area",-8,Does not apply,0
E12000003,Yorkshire and The Humber,2,"Inflow: lived elsewhere one year ago, but within the same area",1,"Asian, Asian British or Asian Welsh",30578
E12000003,Yorkshire and The Humber,2,"Inflow: lived elsewhere one year ago, but within the same area",2,"Black, Black British, Black Welsh, Caribbean or African",11668
E12000003,Yorkshire and The Humber,2,"Inflow: lived elsewhere one year ago, but within the same area",3,Mixed or Multiple ethnic groups,13246
E12000003,Yorkshire and The Humber,2,"Inflow: lived elsewhere one year ago, but within the same area",4,White,363953
E12000003,Yorkshire and The Humber,2,"Inflow: lived elsewhere one year ago, but within the same area",5,Other ethnic group,7636
E12000003,Yorkshire and The Humber,3,"Inflow: lived elsewhere one year ago outside the area, but within the associated area",-8,Does not apply,0
E12000003,Yorkshire and The Humber,3,"Inflow: lived elsewhere one year ago outside the area, but within the associated area",1,"Asian, Asian British or Asian Welsh",8158
E12000003,Yorkshire and The Humber,3,"Inflow: lived elsewhere one year ago outside the area, but within the associated area",2,"Black, Black British, Black Welsh, Caribbean or African",3646
E12000003,Yorkshire and The Humber,3,"Inflow: lived elsewhere one year ago outside the area, but within the associated area",3,Mixed or Multiple ethnic groups,3455
E12000003,Yorkshire and The Humber,3,"Inflow: lived elsewhere one year ago outside the area, but within the associated area",4,White,75283
E12000003,Yorkshire and The Humber,3,"Inflow: lived elsewhere one year ago outside the area, but within the associated area",5,Other ethnic group,1952
E12000003,Yorkshire and The Humber,4,"Inflow: lived elsewhere one year ago outside the associated area, but within the UK",-8,Does not apply,0
E12000003,Yorkshire and The Humber,4,"Inflow: lived elsewhere one year ago outside the associated area, but within the UK",1,"Asian, Asian British or Asian Welsh",374
E12000003,Yorkshire and The Humber,4,"Inflow: lived elsewhere one year ago outside the associated area, but within the UK",2,"Black, Black British, Black Welsh, Caribbean or African",172
E12000003,Yorkshire and The Humber,4,"Inflow: lived elsewhere one year ago outside the associated area, but within the UK",3,Mixed or Multiple ethnic groups,134
E12000003,Yorkshire and The Humber,4,"Inflow: lived elsewhere one year ago outside the associated area, but within the UK",4,White,4514
E12000003,Yorkshire and The Humber,4,"Inflow: lived elsewhere one year ago outside the associated area, but within the UK",5,Other ethnic group,171
E12000003,Yorkshire and The Humber,5,Inflow: lived elsewhere one year ago outside the UK,-8,Does not apply,0
E12000003,Yorkshire and The Humber,5,Inflow: lived elsewhere one year ago outside the UK,1,"Asian, Asian British or Asian Welsh",12363
E12000003,Yorkshire and The Humber,5,Inflow: lived elsewhere one year ago outside the UK,2,"Black, Black British, Black Welsh, Caribbean or African",4059
E12000003,Yorkshire and The Humber,5,Inflow: lived elsewhere one year ago outside the UK,3,Mixed or Multiple ethnic groups,1193
E12000003,Yorkshire and The Humber,5,Inflow: lived elsewhere one year ago outside the UK,4,White,18069
E12000003,Yorkshire and The Humber,5,Inflow: lived elsewhere one year ago outside the UK,5,Other ethnic group,3429
E12000004,East Midlands,-8,Does not apply,-8,Does not apply,0
E12000004,East Midlands,-8,Does not apply,1,"Asian, Asian British or Asian Welsh",0
E12000004,East Midlands,-8,Does not apply,2,"Black, Black British, Black Welsh, Caribbean or African",0
E12000004,East Midlands,-8,Does not apply,3,Mixed or Multiple ethnic groups,0
E12000004,East Midlands,-8,Does not apply,4,White,0
E12000004,East Midlands,-8,Does not apply,5,Other ethnic group,0
E12000004,East Midlands,1,Lived at the same address one year ago,-8,Does not apply,0
E12000004,East Midlands,1,Lived at the same address one year ago,1,"Asian, Asian British or Asian Welsh",332651
E12000004,East Midlands,1,Lived at the same address one year ago,2,"Black, Black British, Black Welsh, Caribbean or African",103384
E12000004,East Midlands,1,Lived at the same address one year ago,3,Mixed or Multiple ethnic groups,95501
E12000004,East Midlands,1,Lived at the same address one year ago,4,White,3722827
E12000004,East Midlands,1,Lived at the same address one year ago,5,Other ethnic group,50261
E12000004,East Midlands,2,"Inflow: lived elsewhere one year ago, but within the same area",-8,Does not apply,0
E12000004,East Midlands,2,"Inflow: lived elsewhere one year ago, but within the same area",1,"Asian, Asian British or Asian Welsh",30425
E12000004,East Midlands,2,"Inflow: lived elsewhere one year ago, but within the same area",2,"Black, Black British, Black Welsh, Caribbean or African",13016
E12000004,East Midlands,2,"Inflow: lived elsewhere one year ago, but within the same area",3,Mixed or Multiple ethnic groups,12376
E12000004,East Midlands,2,"Inflow: lived elsewhere one year ago, but within the same area",4,White,306718
E12000004,East Midlands,2,"Inflow: lived elsewhere one year ago, but within the same area",5,Other ethnic group,5786
E12000004,East Midlands,3,"Inflow: lived elsewhere one year ago outside the area, but within the associated area",-8,Does not apply,0
E12000004,East Midlands,3,"Inflow: lived elsewhere one year ago outside the area, but within the associated area",1,"Asian, Asian British or Asian Welsh",11804
E12000004,East Midlands,3,"Inflow: lived elsewhere one year ago outside the area, but within the associated area",2,"Black, Black British, Black Welsh, Caribbean or African",8293
E12000004,East Midlands,3,"Inflow: lived elsewhere one year ago outside the area, but within the associated area",3,Mixed or Multiple ethnic groups,4857
E12000004,East Midlands,3,"Inflow: lived elsewhere one year ago outside the area, but within the associated area",4,White,91347
E12000004,East Midlands,3,"Inflow: lived elsewhere one year ago outside the area, but within the associated area",5,Other ethnic group,2212
E12000004,East Midlands,4,"Inflow: lived elsewhere one year ago outside the associated area, but within the UK",-8,Does not apply,0
E12000004,East Midlands,4,"Inflow: lived elsewhere one year ago outside the associated area, but within the UK",1,"Asian, Asian British or Asian Welsh",384
E12000004,East Midlands,4,"Inflow: lived elsewhere one year ago outside the associated area, but within the UK",2,"Black, Black British, Black Welsh, Caribbean or African",168
E12000004,East Midlands,4,"Inflow: lived elsewhere one year ago outside the associated area, but within the UK",3,Mixed or Multiple ethnic groups,129
E12000004,East Midlands,4,"Inflow: lived elsewhere one year ago outside the associated area, but within the UK",4,White,3674
E12000004,East Midlands,4,"Inflow: lived elsewhere one year ago outside the associated area, but within the UK",5,Other ethnic group,113
E12000004,East Midlands,5,Inflow: lived elsewhere one year ago outside the UK,-8,Does not apply,0
E12000004,East Midlands,5,Inflow: lived elsewhere one year ago outside the UK,1,"Asian, Asian British or Asian Welsh",11254
E12000004,East Midlands,5,Inflow: lived elsewhere one year ago outside the UK,2,"Black, Black British, Black Welsh, Caribbean or African",3602
E12000004,East Midlands,5,Inflow: lived elsewhere one year ago outside the UK,3,Mixed or Multiple ethnic groups,1212
E12000004,East Midlands,5,Inflow: lived elsewhere one year ago outside the UK,4,White,18516
E12000004,East Midlands,5,Inflow: lived elsewhere one year ago outside the UK,5,Other ethnic group,2659
E12000005,West Midlands,-8,Does not apply,-8,Does not apply,0
E12000005,West Midlands,-8,Does not apply,1,"Asian, Asian British or Asian Welsh",0
E12000005,West Midlands,-8,Does not apply,2,"Black, Black British, Black Welsh, Caribbean or African",0
E12000005,West Midlands,-8,Does not apply,3,Mixed or Multiple ethnic groups,0
E12000005,West Midlands,-8,Does not apply,4,White,0
E12000005,West Midlands,-8,Does not apply,5,Other ethnic group,0
E12000005,West Midlands,1,Lived at the same address one year ago,-8,Does not apply,0
E12000005,West Midlands,1,Lived at the same address one year ago,1,"Asian, Asian British or Asian Welsh",699313
E12000005,West Midlands,1,Lived at the same address one year ago,2,"Black, Black British, Black Welsh, Caribbean or African",226229
E12000005,West Midlands,1,Lived at the same address one year ago,3,Mixed or Multiple ethnic groups,149373
E12000005,West Midlands,1,Lived at the same address one year ago,4,White,4133892
E12000005,West Midlands,1,Lived at the same address one year ago,5,Other ethnic group,104972
E12000005,West Midlands,2,"Inflow: lived elsewhere one year ago, but within the same area",-8,Does not apply,0
E12000005,West Midlands,2,"Inflow: lived elsewhere one year ago, but within the same area",1,"Asian, Asian British or Asian Welsh",52123
E12000005,West Midlands,2,"Inflow: lived elsewhere one year ago, but within the same area",2,"Black, Black British, Black Welsh, Caribbean or African",24321
E12000005,West Midlands,2,"Inflow: lived elsewhere one year ago, but within the same area",3,Mixed or Multiple ethnic groups,17514
E12000005,West Midlands,2,"Inflow: lived elsewhere one year ago, but within the same area",4,White,319968
E12000005,West Midlands,2,"Inflow: lived elsewhere one year ago, but within the same area",5,Other ethnic group,10731
E12000005,West Midlands,3,"Inflow: lived elsewhere one year ago outside the area, but within the associated area",-8,Does not apply,0
E12000005,West Midlands,3,"Inflow: lived elsewhere one year ago outside the area, but within the associated area",1,"Asian, Asian British or Asian Welsh",14468
E12000005,West Midlands,3,"Inflow: lived elsewhere one year ago outside the area, but within the associated area",2,"Black, Black British, Black Welsh, Caribbean or African",8644
E12000005,West Midlands,3,"Inflow: lived elsewhere one year ago outside the area, but within the associated area",3,Mixed or Multiple ethnic groups,4008
E12000005,West Midlands,3,"Inflow: lived elsewhere one year ago outside the area, but within the associated area",4,White,64602
E12000005,West Midlands,3,"Inflow: lived elsewhere one year ago outside the area, but within the associated area",5,Other ethnic group,2647
E12000005,West Midlands,4,"Inflow: lived elsewhere one year ago outside the associated area, but within the UK",-8,Does not apply,0
E12000005,West Midlands,4,"Inflow: lived elsewhere one year ago outside the associated area, but within the UK",1,"Asian, Asian British or Asian Welsh",754
E12000005,West Midlands,4,"Inflow: lived elsewhere one year ago outside the associated area, but within the UK",2,"Black, Black British, Black Welsh, Caribbean or African",297
E12000005,West Midlands,4,"Inflow: lived elsewhere one year ago outside the associated area, but within the UK",3,Mixed or Multiple ethnic groups,225
E12000005,West Midlands,4,"Inflow: lived elsewhere one year ago outside the associated area, but within the UK",4,White,7324
E12000005,West Midlands,4,"Inflow: lived elsewhere one year ago outside the associated area, but within the UK",5,Other ethnic group,184
E12000005,West Midlands,5,Inflow: lived elsewhere one year ago outside the UK,-8,Does not apply,0
E12000005,West Midlands,5,Inflow: lived elsewhere one year ago outside the UK,1,"Asian, Asian British or Asian Welsh",16318
E12000005,West Midlands,5,Inflow: lived elsewhere one year ago outside the UK,2,"Black, Black British, Black Welsh, Caribbean or African",5819
E12000005,West Midlands,5,Inflow: lived elsewhere one year ago outside the UK,3,Mixed or Multiple ethnic groups,1479
E12000005,West Midlands,5,Inflow: lived elsewhere one year ago outside the UK,4,White,18457
E12000005,West Midlands,5,Inflow: lived elsewhere one year ago outside the UK,5,Other ethnic group,3925
E12000006,East of England,-8,Does not apply,-8,Does not apply,0
E12000006,East of England,-8,Does not apply,1,"Asian, Asian British or Asian Welsh",0
E12000006,East of England,-8,Does not apply,2,"Black, Black British, Black Welsh, Caribbean or African",0
E12000006,East of England,-8,Does not apply,3,Mixed or Multiple ethnic groups,0
E12000006,East of England,-8,Does not apply,4,White,0
E12000006,East of England,-8,Does not apply,5,Other ethnic group,0
E12000006,East of England,1,Lived at the same address one year ago,-8,Does not apply,0
E12000006,East of England,1,Lived at the same address one year ago,1,"Asian, Asian British or Asian Welsh",342324
E12000006,East of England,1,Lived at the same address one year ago,2,"Black, Black British, Black Welsh, Caribbean or African",152589
E12000006,East of England,1,Lived at the same address one year ago,3,Mixed or Multiple ethnic groups,148869
E12000006,East of England,1,Lived at the same address one year ago,4,White,4906718
E12000006,East of England,1,Lived at the same address one year ago,5,Other ethnic group,70553
E12000006,East of England,2,"Inflow: lived elsewhere one year ago, but within the same area",-8,Does not apply,0
E12000006,East of England,2,"Inflow: lived elsewhere one year ago, but within the same area",1,"Asian, Asian British or Asian Welsh",28641
E12000006,East of England,2,"Inflow: lived elsewhere one year ago, but within the same area",2,"Black, Black British, Black Welsh, Caribbean or African",14744
E12000006,East of England,2,"Inflow: lived elsewhere one year ago, but within the same area",3,Mixed or Multiple ethnic groups,15776
E12000006,East of England,2,"Inflow: lived elsewhere one year ago, but within the same area",4,White,386025
E12000006,East of England,2,"Inflow: lived elsewhere one year ago, but within the same area",5,Other ethnic group,6933
E12000006,East of England,3,"Inflow: lived elsewhere one year ago outside the area, but within the associated area",-8,Does not apply,0
E12000006,East of England,3,"Inflow: lived elsewhere one year ago outside the area, but within the associated area",1,"Asian, Asian British or Asian Welsh",15965
E12000006,East of England,3,"Inflow: lived elsewhere one year ago outside the area, but within the associated area",2,"Black, Black British, Black Welsh, Caribbean or African",10269
E12000006,East of England,3,"Inflow: lived elsewhere one year ago outside the area, but within the associated area",3,Mixed or Multiple ethnic groups,6899
E12000006,East of England,3,"Inflow: lived elsewhere one year ago outside the area, but within the associated area",4,White,102674
E12000006,East of England,3,"Inflow: lived elsewhere one year ago outside the area, but within the associated area",5,Other ethnic group,4245
E12000006,East of England,4,"Inflow: lived elsewhere one year ago outside the associated area, but within the UK",-8,Does not apply,0
E12000006,East of England,4,"Inflow: lived elsewhere one year ago outside the associated area, but within the UK",1,"Asian, Asian British or Asian Welsh",417
E12000006,East of England,4,"Inflow: lived elsewhere one year ago outside the associated area, but within the UK",2,"Black, Black British, Black Welsh, Caribbean or African",188
E12000006,East of England,4,"Inflow: lived elsewhere one year ago outside the associated area, but within the UK",3,Mixed or Multiple ethnic groups,147
E12000006,East of England,4,"Inflow: lived elsewhere one year ago outside the associated area, but within the UK",4,White,3620
E12000006,East of England,4,"Inflow: lived elsewhere one year ago outside the associated area, but within the UK",5,Other ethnic group,90
E12000006,East of England,5,Inflow: lived elsewhere one year ago outside the UK,-8,Does not apply,0
E12000006,East of England,5,Inflow: lived elsewhere one year ago outside the UK,1,"Asian, Asian British or Asian Welsh",13349
E12000006,East of England,5,Inflow: lived elsewhere one year ago outside the UK,2,"Black, Black British, Black Welsh, Caribbean or African",5067
E12000006,East of England,5,Inflow: lived elsewhere one year ago outside the UK,3,Mixed or Multiple ethnic groups,2458
E12000006,East of England,5,Inflow: lived elsewhere one year ago outside the UK,4,White,28366
E12000006,East of England,5,Inflow: lived elsewhere one year ago outside the UK,5,Other ethnic group,3340
E12000007,London,-8,Does not apply,-8,Does not apply,0
E12000007,London,-8,Does not apply,1,"Asian, Asian British or Asian Welsh",0
E12000007,London,-8,Does not apply,2,"Black, Black British, Black Welsh, Caribbean or African",0
E12000007,London,-8,Does not apply,3,Mixed or Multiple ethnic groups,0
E12000007,London,-8,Does not apply,4,White,0
E12000007,London,-8,Does not apply,5,Other ethnic group,0
E12000007,London,1,Lived at the same address one year ago,-8,Does not apply,0
E12000007,London,1,Lived at the same address one year ago,1,"Asian, Asian British or Asian Welsh",1566786
E12000007,London,1,Lived at the same address one year ago,2,"Black, Black British, Black Welsh, Caribbean or African",1069261
E12000007,London,1,Lived at the same address one year ago,3,Mixed or Multiple ethnic groups,416736
E12000007,London,1,Lived at the same address one year ago,4,White,4021118
E12000007,London,1,Lived at the same address one year ago,5,Other ethnic group,474089
E12000007,London,2,"Inflow: lived elsewhere one year ago, but within the same area",-8,Does not apply,0
E12000007,London,2,"Inflow: lived elsewhere one year ago, but within the same area",1,"Asian, Asian British or Asian Welsh",157076
E12000007,London,2,"Inflow: lived elsewhere one year ago, but within the same area",2,"Black, Black British, Black Welsh, Caribbean or African",82638
E12000007,London,2,"Inflow: lived elsewhere one year ago, but within the same area",3,Mixed or Multiple ethnic groups,56614
E12000007,London,2,"Inflow: lived elsewhere one year ago, but within the same area",4,White,490642
E12000007,London,2,"Inflow: lived elsewhere one year ago, but within the same area",5,Other ethnic group,56527
E12000007,London,3,"Inflow: lived elsewhere one year ago outside the area, but within the associated area",-8,Does not apply,0
E12000007,London,3,"Inflow: lived elsewhere one year ago outside the area, but within the associated area",1,"Asian, Asian British or Asian Welsh",22663
E12000007,London,3,"Inflow: lived elsewhere one year ago outside the area, but within the associated area",2,"Black, Black British, Black Welsh, Caribbean or African",11828
E12000007,London,3,"Inflow: lived elsewhere one year ago outside the area, but within the associated area",3,Mixed or Multiple ethnic groups,9052
E12000007,London,3,"Inflow: lived elsewhere one year ago outside the area, but within the associated area",4,White,94855
E12000007,London,3,"Inflow: lived elsewhere one year ago outside the area, but within the associated area",5,Other ethnic group,5996
E12000007,London,4,"Inflow: lived elsewhere one year ago outside the associated area, but within the UK",-8,Does not apply,0
E12000007,London,4,"Inflow: lived elsewhere one year ago outside the associated area, but within the UK",1,"Asian, Asian British or Asian Welsh",1474
E12000007,London,4,"Inflow: lived elsewhere one year ago outside the associated area, but within the UK",2,"Black, Black British, Black Welsh, Caribbean or African",498
E12000007,London,4,"Inflow: lived elsewhere one year ago outside the associated area, but within the UK",3,Mixed or Multiple ethnic groups,510
E12000007,London,4,"Inflow: lived elsewhere one year ago outside the associated area, but within the UK",4,White,7048
E12000007,London,4,"Inflow: lived elsewhere one year ago outside the associated area, but within the UK",5,Other ethnic group,553
E12000007,London,5,Inflow: lived elsewhere one year ago outside the UK,-8,Does not apply,0
E12000007,London,5,Inflow: lived elsewhere one year ago outside the UK,1,"Asian, Asian British or Asian Welsh",47767
E12000007,London,5,Inflow: lived elsewhere one year ago outside the UK,2,"Black, Black British, Black Welsh, Caribbean or African",11612
E12000007,London,5,Inflow: lived elsewhere one year ago outside the UK,3,Mixed or Multiple ethnic groups,7983
E12000007,London,5,Inflow: lived elsewhere one year ago outside the UK,4,White,68161
E12000007,London,5,Inflow: lived elsewhere one year ago outside the UK,5,Other ethnic group,14009
E12000008,South East,-8,Does not apply,-8,Does not apply,0
E12000008,South East,-8,Does not apply,1,"Asian, Asian British or Asian Welsh",0
E12000008,South East,-8,Does not apply,2,"Black, Black British, Black Welsh, Caribbean or African",0
E12000008,South East,-8,Does not apply,3,Mixed or Multiple ethnic groups,0
E12000008,South East,-8,Does not apply,4,White,0
E12000008,South East,-8,Does not apply,5,Other ethnic group,0
E12000008,South East,1,Lived at the same address one year ago,-8,Does not apply,0
E12000008,South East,1,Lived at the same address one year ago,1,"Asian, Asian British or Asian Welsh",540309
E12000008,South East,1,Lived at the same address one year ago,2,"Black, Black British, Black Welsh, Caribbean or African",177334
E12000008,South East,1,Lived at the same address one year ago,3,Mixed or Multiple ethnic groups,211925
E12000008,South East,1,Lived at the same address one year ago,4,White,7081890
E12000008,South East,1,Lived at the same address one year ago,5,Other ethnic group,109819
E12000008,South East,2,"Inflow: lived elsewhere one year ago, but within the same area",-8,Does not apply,0
E12000008,South East,2,"Inflow: lived elsewhere one year ago, but within the same area",1,"Asian, Asian British or Asian Welsh",53316
E12000008,South East,2,"Inflow: lived elsewhere one year ago, but within the same area",2,"Black, Black British, Black Welsh, Caribbean or African",20771
E12000008,South East,2,"Inflow: lived elsewhere one year ago, but within the same area",3,Mixed or Multiple ethnic groups,26598
E12000008,South East,2,"Inflow: lived elsewhere one year ago, but within the same area",4,White,621365
E12000008,South East,2,"Inflow: lived elsewhere one year ago, but within the same area",5,Other ethnic group,13095
E12000008,South East,3,"Inflow: lived elsewhere one year ago outside the area, but within the associated area",-8,Does not apply,0
E12000008,South East,3,"Inflow: lived elsewhere one year ago outside the area, but within the associated area",1,"Asian, Asian British or Asian Welsh",26285
E12000008,South East,3,"Inflow: lived elsewhere one year ago outside the area, but within the associated area",2,"Black, Black British, Black Welsh, Caribbean or African",14330
E12000008,South East,3,"Inflow: lived elsewhere one year ago outside the area, but within the associated area",3,Mixed or Multiple ethnic groups,11286
E12000008,South East,3,"Inflow: lived elsewhere one year ago outside the area, but within the associated area",4,White,176734
E12000008,South East,3,"Inflow: lived elsewhere one year ago outside the area, but within the associated area",5,Other ethnic group,6011
E12000008,South East,4,"Inflow: lived elsewhere one year ago outside the associated area, but within the UK",-8,Does not apply,0
E12000008,South East,4,"Inflow: lived elsewhere one year ago outside the associated area, but within the UK",1,"Asian, Asian British or Asian Welsh",789
E12000008,South East,4,"Inflow: lived elsewhere one year ago outside the associated area, but within the UK",2,"Black, Black British, Black Welsh, Caribbean or African",298
E12000008,South East,4,"Inflow: lived elsewhere one year ago outside the associated area, but within the UK",3,Mixed or Multiple ethnic groups,336
E12000008,South East,4,"Inflow: lived elsewhere one year ago outside the associated area, but within the UK",4,White,8472
E12000008,South East,4,"Inflow: lived elsewhere one year ago outside the associated area, but within the UK",5,Other ethnic group,186
E12000008,South East,5,Inflow: lived elsewhere one year ago outside the UK,-8,Does not apply,0
E12000008,South East,5,Inflow: lived elsewhere one year ago outside the UK,1,"Asian, Asian British or Asian Welsh",21833
E12000008,South East,5,Inflow: lived elsewhere one year ago outside the UK,2,"Black, Black British, Black Welsh, Caribbean or African",6097
E12000008,South East,5,Inflow: lived elsewhere one year ago outside the UK,3,Mixed or Multiple ethnic groups,3623
E12000008,South East,5,Inflow: lived elsewhere one year ago outside the UK,4,White,48573
E12000008,South East,5,Inflow: lived elsewhere one year ago outside the UK,5,Other ethnic group,5083
E12000009,South West,-8,Does not apply,-8,Does not apply,0
E12000009,South West,-8,Does not apply,1,"Asian, Asian British or Asian Welsh",0
E12000009,South West,-8,Does not apply,2,"Black, Black British, Black Welsh, Caribbean or African",0
E12000009,South West,-8,Does not apply,3,Mixed or Multiple ethnic groups,0
E12000009,South West,-8,Does not apply,4,White,0
E12000009,South West,-8,Does not apply,5,Other ethnic group,0
E12000009,South West,1,Lived at the same address one year ago,-8,Does not apply,0
E12000009,South West,1,Lived at the same address one year ago,1,"Asian, Asian British or Asian Welsh",123316
E12000009,South West,1,Lived at the same address one year ago,2,"Black, Black British, Black Welsh, Caribbean or African",55943
E12000009,South West,1,Lived at the same address one year ago,3,Mixed or Multiple ethnic groups,90718
E12000009,South West,1,Lived at the same address one year ago,4,White,4672007
E12000009,South West,1,Lived at the same address one year ago,5,Other ethnic group,38690
E12000009,South West,2,"Inflow: lived elsewhere one year ago, but within the same area",-8,Does not apply,0
E12000009,South West,2,"Inflow: lived elsewhere one year ago, but within the same area",1,"Asian, Asian British or Asian Welsh",17384
E12000009,South West,2,"Inflow: lived elsewhere one year ago, but within the same area",2,"Black, Black British, Black Welsh, Caribbean or African",7198
E12000009,South West,2,"Inflow: lived elsewhere one year ago, but within the same area",3,Mixed or Multiple ethnic groups,13385
E12000009,South West,2,"Inflow: lived elsewhere one year ago, but within the same area",4,White,437367
E12000009,South West,2,"Inflow: lived elsewhere one year ago, but within the same area",5,Other ethnic group,5336
E12000009,South West,3,"Inflow: lived elsewhere one year ago outside the area, but within the associated area",-8,Does not apply,0
E12000009,South West,3,"Inflow: lived elsewhere one year ago outside the area, but within the associated area",1,"Asian, Asian British or Asian Welsh",7231
E12000009,South West,3,"Inflow: lived elsewhere one year ago outside the area, but within the associated area",2,"Black, Black British, Black Welsh, Caribbean or African",3041
E12000009,South West,3,"Inflow: lived elsewhere one year ago outside the area, but within the associated area",3,Mixed or Multiple ethnic groups,4929
E12000009,South West,3,"Inflow: lived elsewhere one year ago outside the area, but within the associated area",4,White,115978
E12000009,South West,3,"Inflow: lived elsewhere one year ago outside the area, but within the associated area",5,Other ethnic group,1868
E12000009,South West,4,"Inflow: lived elsewhere one year ago outside the associated area, but within the UK",-8,Does not apply,0
E12000009,South West,4,"Inflow: lived elsewhere one year ago outside the associated area, but within the UK",1,"Asian, Asian British or Asian Welsh",602
E12000009,South West,4,"Inflow: lived elsewhere one year ago outside the associated area, but within the UK",2,"Black, Black British, Black Welsh, Caribbean or African",232
E12000009,South West,4,"Inflow: lived elsewhere one year ago outside the associated area, but within the UK",3,Mixed or Multiple ethnic groups,415
E12000009,South West,4,"Inflow: lived elsewhere one year ago outside the associated area, but within the UK",4,White,12148
E12000009,South West,4,"Inflow: lived elsewhere one year ago outside the associated area, but within the UK",5,Other ethnic group,162
E12000009,South West,5,Inflow: lived elsewhere one year ago outside the UK,-8,Does not apply,0
E12000009,South West,5,Inflow: lived elsewhere one year ago outside the UK,1,"Asian, Asian British or Asian Welsh",8991
E12000009,South West,5,Inflow: lived elsewhere one year ago outside the UK,2,"Black, Black British, Black Welsh, Caribbean or African",2284
E12000009,South West,5,Inflow: lived elsewhere one year ago outside the UK,3,Mixed or Multiple ethnic groups,1808
E12000009,South West,5,Inflow: lived elsewhere one year ago outside the UK,4,White,27073
E12000009,South West,5,Inflow: lived elsewhere one year ago outside the UK,5,Other ethnic group,2082
W92000004,Wales,-8,Does not apply,-8,Does not apply,0
W92000004,Wales,-8,Does not apply,1,"Asian, Asian British or Asian Welsh",0
W92000004,Wales,-8,Does not apply,2,"Black, Black British, Black Welsh, Caribbean or African",0
W92000004,Wales,-8,Does not apply,3,Mixed or Multiple ethnic groups,0
W92000004,Wales,-8,Does not apply,4,White,0
W92000004,Wales,-8,Does not apply,5,Other ethnic group,0
W92000004,Wales,1,Lived at the same address one year ago,-8,Does not apply,0
W92000004,Wales,1,Lived at the same address one year ago,1,"Asian, Asian British or Asian Welsh",72285
W92000004,Wales,1,Lived at the same address one year ago,2,"Black, Black British, Black Welsh, Caribbean or African",21566
W92000004,Wales,1,Lived at the same address one year ago,3,Mixed or Multiple ethnic groups,40017
W92000004,Wales,1,Lived at the same address one year ago,4,White,2631859
W92000004,Wales,1,Lived at the same address one year ago,5,Other ethnic group,21003
W92000004,Wales,2,"Inflow: lived elsewhere one year ago, but within the same area",-8,Does not apply,0
W92000004,Wales,2,"Inflow: lived elsewhere one year ago, but within the same area",1,"Asian, Asian British or Asian Welsh",8144
W92000004,Wales,2,"Inflow: lived elsewhere one year ago, but within the same area",2,"Black, Black British, Black Welsh, Caribbean or African",2945
W92000004,Wales,2,"Inflow: lived elsewhere one year ago, but within the same area",3,Mixed or Multiple ethnic groups,5031
W92000004,Wales,2,"Inflow: lived elsewhere one year ago, but within the same area",4,White,199881
W92000004,Wales,2,"Inflow: lived elsewhere one year ago, but within the same area",5,Other ethnic group,2859
W92000004,Wales,3,"Inflow: lived elsewhere one year ago outside the area, but within the associated area",-8,Does not apply,0
W92000004,Wales,3,"Inflow: lived elsewhere one year ago outside the area, but within the associated area",1,"Asian, Asian British or Asian Welsh",0
W92000004,Wales,3,"Inflow: lived elsewhere one year ago outside the area, but within the associated area",2,"Black, Black British, Black Welsh, Caribbean or African",0
W92000004,Wales,3,"Inflow: lived elsewhere one year ago outside the area, but within the associated area",3,Mixed or Multiple ethnic groups,0
W92000004,Wales,3,"Inflow: lived elsewhere one year ago outside the area, but within the associated area",4,White,0
W92000004,Wales,3,"Inflow: lived elsewhere one year ago outside the area, but within the associated area",5,Other ethnic group,0
W92000004,Wales,4,"Inflow: lived elsewhere one year ago outside the associated area, but within the UK",-8,Does not apply,0
W92000004,Wales,4,"Inflow: lived elsewhere one year ago outside the associated area, but within the UK",1,"Asian, Asian British or Asian Welsh",3244
W92000004,Wales,4,"Inflow: lived elsewhere one year ago outside the associated area, but within the UK",2,"Black, Black British, Black Welsh, Caribbean or African",1226
W92000004,Wales,4,"Inflow: lived elsewhere one year ago outside the associated area, but within the UK",3,Mixed or Multiple ethnic groups,1814
W92000004,Wales,4,"Inflow: lived elsewhere one year ago outside the associated area, but within the UK",4,White,49969
W92000004,Wales,4,"Inflow: lived elsewhere one year ago outside the associated area, but within the UK",5,Other ethnic group,982
W92000004,Wales,5,Inflow: lived elsewhere one year ago outside the UK,-8,Does not apply,0
W92000004,Wales,5,Inflow: lived elsewhere one year ago outside the UK,1,"Asian, Asian British or Asian Welsh",4457
W92000004,Wales,5,Inflow: lived elsewhere one year ago outside the UK,2,"Black, Black British, Black Welsh, Caribbean or African",1433
W92000004,Wales,5,Inflow: lived elsewhere one year ago outside the UK,3,Mixed or Multiple ethnic groups,578
W92000004,Wales,5,Inflow: lived elsewhere one year ago outside the UK,4,White,8643
W92000004,Wales,5,Inflow: lived elsewhere one year ago outside the UK,5,Other ethnic group,1226
