Migrant region one year ago code,Migrant region one year ago label,Migration Region (outflow) (3 categories) code,Migration Region (outflow) (3 categories) label,Ethnic group (6 categories) code,Ethnic group (6 categories) label,Count
-8,Does not apply,-8,Does not apply,-8,Does not apply,0
-8,Does not apply,-8,Does not apply,1,"Asian, Asian British or Asian Welsh",4724770
-8,Does not apply,-8,Does not apply,2,"Black, Black British, Black Welsh, Caribbean or African",2066923
-8,Does not apply,-8,Does not apply,3,Mixed or Multiple ethnic groups,1410293
-8,Does not apply,-8,Does not apply,4,White,43285108
-8,Does not apply,-8,Does not apply,5,Other ethnic group,1044952
-8,Does not apply,1,"Outflow: moved out of the area, but within the associated area",-8,Does not apply,0
-8,Does not apply,1,"Outflow: moved out of the area, but within the associated area",1,"Asian, Asian British or Asian Welsh",0
-8,Does not apply,1,"Outflow: moved out of the area, but within the associated area",2,"Black, Black British, Black Welsh, Caribbean or African",0
-8,Does not apply,1,"Outflow: moved out of the area, but within the associated area",3,Mixed or Multiple ethnic groups,0
-8,Does not apply,1,"Outflow: moved out of the area, but within the associated area",4,White,0
-8,Does not apply,1,"Outflow: moved out of the area, but within the associated area",5,Other ethnic group,0
-8,Does not apply,2,"Outflow: moved out of the associated area, but within England and Wales",-8,Does not apply,0
-8,Does not apply,2,"Outflow: moved out of the associated area, but within England and Wales",1,"Asian, Asian British or Asian Welsh",0
-8,Does not apply,2,"Outflow: moved out of the associated area, but within England and Wales",2,"Black, Black British, Black Welsh, Caribbean or African",0
-8,Does not apply,2,"Outflow: moved out of the associated area, but within England and Wales",3,Mixed or Multiple ethnic groups,0
-8,Does not apply,2,"Outflow: moved out of the associated area, but within England and Wales",4,White,0
-8,Does not apply,2,"Outflow: moved out of the associated area, but within England and Wales",5,Other ethnic group,0
999999999,Person with migrant origin outside the UK,-8,Does not apply,-8,Does not apply,0
999999999,Person with migrant origin outside the UK,-8,Does not apply,1,"Asian, Asian British or Asian Welsh",161658
999999999,Person with migrant origin outside the UK,-8,Does not apply,2,"Black, Black British, Black Welsh, Caribbean or African",47998
999999999,Person with migrant origin outside the UK,-8,Does not apply,3,Mixed or Multiple ethnic groups,23135
999999999,Person with migrant origin outside the UK,-8,Does not apply,4,White,270156
999999999,Person with migrant origin outside the UK,-8,Does not apply,5,Other ethnic group,42149
999999999,Person with migrant origin outside the UK,1,"Outflow: moved out of the area, but within the associated area",-8,Does not apply,0
999999999,Person with migrant origin outside the UK,1,"Outflow: moved out of the area, but within the associated area",1,"Asian, Asian British or Asian Welsh",0
999999999,Person with migrant origin outside the UK,1,"Outflow: moved out of the area, but within the associated area",2,"Black, Black British, Black Welsh, Caribbean or African",0
999999999,Person with migrant origin outside the UK,1,"Outflow: moved out of the area, but within the associated area",3,Mixed or Multiple ethnic groups,0
999999999,Person with migrant origin outside the UK,1,"Outflow: moved out of the area, but within the associated area",4,White,0
999999999,Person with migrant origin outside the UK,1,"Outflow: moved out of the area, but within the associated area",5,Other ethnic group,0
999999999,Person with migrant origin outside the UK,2,"Outflow: moved out of the associated area, but within England and Wales",-8,Does not apply,0
999999999,Person with migrant origin outside the UK,2,"Outflow: moved out of the associated area, but within England and Wales",1,"Asian, Asian British or Asian Welsh",0
999999999,Person with migrant origin outside the UK,2,"Outflow: moved out of the associated area, but within England and Wales",2,"Black, Black British, Black Welsh, Caribbean or African",0
999999999,Person with migrant origin outside the UK,2,"Outflow: moved out of the associated area, but within England and Wales",3,Mixed or Multiple ethnic groups,0
999999999,Person with migrant origin outside the UK,2,"Outflow: moved out of the associated area, but within England and Wales",4,White,0
999999999,Person with migrant origin outside the UK,2,"Outflow: moved out of the associated area, but within England and Wales",5,Other ethnic group,0
E12000001,North East,-8,Does not apply,-8,Does not apply,0
E12000001,North East,-8,Does not apply,1,"Asian, Asian British or Asian Welsh",9781
E12000001,North East,-8,Does not apply,2,"Black, Black British, Black Welsh, Caribbean or African",3222
E12000001,North East,-8,Does not apply,3,Mixed or Multiple ethnic groups,3940
E12000001,North East,-8,Does not apply,4,White,185710
E12000001,North East,-8,Does not apply,5,Other ethnic group,2852
E12000001,North East,1,"Outflow: moved out of the area, but within the associated area",-8,Does not apply,0
E12000001,North East,1,"Outflow: moved out of the area, but within the associated area",1,"Asian, Asian British or Asian Welsh",2561
E12000001,North East,1,"Outflow: moved out of the area, but within the associated area",2,"Black, Black British, Black Welsh, Caribbean or African",1064
E12000001,North East,1,"Outflow: moved out of the area, but within the associated area",3,Mixed or Multiple ethnic groups,839
E12000001,North East,1,"Outflow: moved out of the area, but within the associated area",4,White,22321
E12000001,North East,1,"Outflow: moved out of the area, but within the associated area",5,Other ethnic group,840
E12000001,North East,2,"Outflow: moved out of the associated area, but within England and Wales",-8,Does not apply,0
E12000001,North East,2,"Outflow: moved out of the associated area, but within England and Wales",1,"Asian, Asian British or Asian Welsh",62
E12000001,North East,2,"Outflow: moved out of the associated area, but within England and Wales",2,"Black, Black British, Black Welsh, Caribbean or African",15
E12000001,North East,2,"Outflow: moved out of the associated area, but within England and Wales",3,Mixed or Multiple ethnic groups,18
E12000001,North East,2,"Outflow: moved out of the associated area, but within England and Wales",4,White,503
E12000001,North East,2,"Outflow: moved out of the associated area, but within England and Wales",5,Other ethnic group,8
E12000002,North West,-8,Does not apply,-8,Does not apply,0
E12000002,North West,-8,Does not apply,1,"Asian, Asian British or Asian Welsh",44927
E12000002,North West,-8,Does not apply,2,"Black, Black British, Black Welsh, Caribbean or African",16662
E12000002,North West,-8,Does not apply,3,Mixed or Multiple ethnic groups,17938
E12000002,North West,-8,Does not apply,4,White,476425
E12000002,North West,-8,Does not apply,5,Other ethnic group,11650
E12000002,North West,1,"Outflow: moved out of the area, but within the associated area",-8,Does not apply,0
E12000002,North West,1,"Outflow: moved out of the area, but within the associated area",1,"Asian, Asian British or Asian Welsh",8181
E12000002,North West,1,"Outflow: moved out of the area, but within the associated area",2,"Black, Black British, Black Welsh, Caribbean or African",3339
E12000002,North West,1,"Outflow: moved out of the area, but within the associated area",3,Mixed or Multiple ethnic groups,3077
E12000002,North West,1,"Outflow: moved out of the area, but within the associated area",4,White,58922
E12000002,North West,1,"Outflow: moved out of the area, but within the associated area",5,Other ethnic group,2068
E12000002,North West,2,"Outflow: moved out of the associated area, but within England and Wales",-8,Does not apply,0
E12000002,North West,2,"Outflow: moved out of the associated area, but within England and Wales",1,"Asian, Asian British or Asian Welsh",346
E12000002,North West,2,"Outflow: moved out of the associated area, but within England and Wales",2,"Black, Black British, Black Welsh, Caribbean or African",62
E12000002,North West,2,"Outflow: moved out of the associated area, but within England and Wales",3,Mixed or Multiple ethnic groups,217
E12000002,North West,2,"Outflow: moved out of the associated area, but within England and Wales",4,White,8043
E12000002,North West,2,"Outflow: moved out of the associated area, but within England and Wales",5,Other ethnic group,146
E12000003,Yorkshire and The Humber,-8,Does not apply,-8,Does not apply,0
E12000003,Yorkshire and The Humber,-8,Does not apply,1,"Asian, Asian British or Asian Welsh",30578
E12000003,Yorkshire and The Humber,-8,Does not apply,2,"Black, Black British, Black Welsh, Caribbean or African",11668
E12000003,Yorkshire and The Humber,-8,Does not apply,3,Mixed or Multiple ethnic groups,13246
E12000003,Yorkshire and The Humber,-8,Does not apply,4,White,363953
E12000003,Yorkshire and The Humber,-8,Does not apply,5,Other ethnic group,7636
E12000003,Yorkshire and The Humber,1,"Outflow: moved out of the area, but within the associated area",-8,Does not apply,0
E12000003,Yorkshire and The Humber,1,"Outflow: moved out of the area, but within the associated area",1,"Asian, Asian British or Asian Welsh",7465
E12000003,Yorkshire and The Humber,1,"Outflow: moved out of the area, but within the associated area",2,"Black, Black British, Black Welsh, Caribbean or African",3221
E12000003,Yorkshire and The Humber,1,"Outflow: moved out of the area, but within the associated area",3,Mixed or Multiple ethnic groups,2713
E12000003,Yorkshire and The Humber,1,"Outflow: moved out of the area, but within the associated area",4,White,62525
E12000003,Yorkshire and The Humber,1,"Outflow: moved out of the area, but within the associated area",5,Other ethnic group,1936
E12000003,Yorkshire and The Humber,2,"Outflow: moved out of the associated area, but within England and Wales",-8,Does not apply,0
E12000003,Yorkshire and The Humber,2,"Outflow: moved out of the associated area, but within England and Wales",1,"Asian, Asian British or Asian Welsh",110
E12000003,Yorkshire and The Humber,2,"Outflow: moved out of the associated area, but within England and Wales",2,"Black, Black British, Black Welsh, Caribbean or African",38
E12000003,Yorkshire and The Humber,2,"Outflow: moved out of the associated area, but within England and Wales",3,Mixed or Multiple ethnic groups,57
E12000003,Yorkshire and The Humber,2,"Outflow: moved out of the associated area, but within England and Wales",4,White,1645
E12000003,Yorkshire and The Humber,2,"Outflow: moved out of the associated area, but within England and Wales",5,Other ethnic group,45
E12000004,East Midlands,-8,Does not apply,-8,Does not apply,0
E12000004,East Midlands,-8,Does not apply,1,"Asian, Asian British or Asian Welsh",30425
E12000004,East Midlands,-8,Does not apply,2,"Black, Black British, Black Welsh, Caribbean or African",13016
E12000004,East Midlands,-8,Does not apply,3,Mixed or Multiple ethnic groups,12376
E12000004,East Midlands,-8,Does not apply,4,White,306718
E12000004,East Midlands,-8,Does not apply,5,Other ethnic group,5786
E12000004,East Midlands,1,"Outflow: moved out of the area, but within the associated area",-8,Does not apply,0
E12000004,East Midlands,1,"Outflow: moved out of the area, but within the associated area",1,"Asian, Asian British or Asian Welsh",8706
E12000004,East Midlands,1,"Outflow: moved out of the area, but within the associated area",2,"Black, Black British, Black Welsh, Caribbean or African",4254
E12000004,East Midlands,1,"Outflow: moved out of the area, but within the associated area",3,Mixed or Multiple ethnic groups,3459
E12000004,East Midlands,1,"Outflow: moved out of the area, but within the associated area",4,White,70828
E12000004,East Midlands,1,"Outflow: moved out of the area, but within the associated area",5,Other ethnic group,1704
E12000004,East Midlands,2,"Outflow: moved out of the associated area, but within England and Wales",-8,Does not apply,0
E12000004,East Midlands,2,"Outflow: moved out of the associated area, but within England and Wales",1,"Asian, Asian British or Asian Welsh",188
E12000004,East Midlands,2,"Outflow: moved out of the associated area, but within England and Wales",2,"Black, Black British, Black Welsh, Caribbean or African",43
E12000004,East Midlands,2,"Outflow: moved out of the associated area, but within England and Wales",3,Mixed or Multiple ethnic groups,66
E12000004,East Midlands,2,"Outflow: moved out of the associated area, but within England and Wales",4,White,2478
E12000004,East Midlands,2,"Outflow: moved out of the associated area, but within England and Wales",5,Other ethnic group,34
E12000005,West Midlands,-8,Does not apply,-8,Does not apply,0
E12000005,West Midlands,-8,Does not apply,1,"Asian, Asian British or Asian Welsh",52123
E12000005,West Midlands,-8,Does not apply,2,"Black, Black British, Black Welsh, Caribbean or African",24321
E12000005,West Midlands,-8,Does not apply,3,Mixed or Multiple ethnic groups,17514
E12000005,West Midlands,-8,Does not apply,4,White,319968
E12000005,West Midlands,-8,Does not apply,5,Other ethnic group,10731
E12000005,West Midlands,1,"Outflow: moved out of the area, but within the associated area",-8,Does not apply,0
E12000005,West Midlands,1,"Outflow: moved out of the area, but within the associated area",1,"Asian, Asian British or Asian Welsh",10970
E12000005,West Midlands,1,"Outflow: moved out of the area, but within the associated area",2,"Black, Black British, Black Welsh, Caribbean or African",5229
E12000005,West Midlands,1,"Outflow: moved out of the area, but within the associated area",3,Mixed or Multiple ethnic groups,3721
E12000005,West Midlands,1,"Outflow: moved out of the area, but within the associated area",4,White,64450
E12000005,West Midlands,1,"Outflow: moved out of the area, but within the associated area",5,Other ethnic group,2048
E12000005,West Midlands,2,"Outflow: moved out of the associated area, but within England and Wales",-8,Does not apply,0
E12000005,West Midlands,2,"Outflow: moved out of the associated area, but within England and Wales",1,"Asian, Asian British or Asian Welsh",450
E12000005,West Midlands,2,"Outflow: moved out of the associated area, but within England and Wales",2,"Black, Black British, Black Welsh, Caribbean or African",176
E12000005,West Midlands,2,"Outflow: moved out of the associated area, but within England and Wales",3,Mixed or Multiple ethnic groups,243
E12000005,West Midlands,2,"Outflow: moved out of the associated area, but within England and Wales",4,White,7183
E12000005,West Midlands,2,"Outflow: moved out of the associated area, but within England and Wales",5,Other ethnic group,99
E12000006,East of England,-8,Does not apply,-8,Does not apply,0
E12000006,East of England,-8,Does not apply,1,"Asian, Asian British or Asian Welsh",28641
E12000006,East of England,-8,Does not apply,2,"Black, Black British, Black Welsh, Caribbean or African",14744
E12000006,East of England,-8,Does not apply,3,Mixed or Multiple ethnic groups,15776
E12000006,East of England,-8,Does not apply,4,White,386025
E12000006,East of England,-8,Does not apply,5,Other ethnic group,6933
E12000006,East of England,1,"Outflow: moved out of the area, but within the associated area",-8,Does not apply,0
E12000006,East of England,1,"Outflow: moved out of the area, but within the associated area",1,"Asian, Asian British or Asian Welsh",12647
E12000006,East of England,1,"Outflow: moved out of the area, but within the associated area",2,"Black, Black British, Black Welsh, Caribbean or African",7908
E12000006,East of England,1,"Outflow: moved out of the area, but within the associated area",3,Mixed or Multiple ethnic groups,5813
E12000006,East of England,1,"Outflow: moved out of the area, but within the associated area",4,White,98134
E12000006,East of England,1,"Outflow: moved out of the area, but within the associated area",5,Other ethnic group,2944
E12000006,East of England,2,"Outflow: moved out of the associated area, but within England and Wales",-8,Does not apply,0
E12000006,East of England,2,"Outflow: moved out of the associated area, but within England and Wales",1,"Asian, Asian British or Asian Welsh",245
E12000006,East of England,2,"Outflow: moved out of the associated area, but within England and Wales",2,"Black, Black British, Black Welsh, Caribbean or African",95
E12000006,East of England,2,"Outflow: moved out of the associated area, but within England and Wales",3,Mixed or Multiple ethnic groups,102
E12000006,East of England,2,"Outflow: moved out of the associated area, but within England and Wales",4,White,3133
E12000006,East of England,2,"Outflow: moved out of the associated area, but within England and Wales",5,Other ethnic group,47
E12000007,London,-8,Does not apply,-8,Does not apply,0
E12000007,London,-8,Does not apply,1,"Asian, Asian British or Asian Welsh",157076
E12000007,London,-8,Does not apply,2,"Black, Black British, Black Welsh, Caribbean or African",82638
E12000007,London,-8,Does not apply,3,Mixed or Multiple ethnic groups,56614
E12000007,London,-8,Does not apply,4,White,490642
E12000007,London,-8,Does not apply,5,Other ethnic group,56527
E12000007,London,1,"Outflow: moved out of the area, but within the associated area",-8,Does not apply,0
E12000007,London,1,"Outflow: moved out of the area, but within the associated area",1,"Asian, Asian British or Asian Welsh",45219
E12000007,London,1,"Outflow: moved out of the area, but within the associated area",2,"Black, Black British, Black Welsh, Caribbean or African",29488
E12000007,London,1,"Outflow: moved out of the area, but within the associated area",3,Mixed or Multiple ethnic groups,18472
E12000007,London,1,"Outflow: moved out of the area, but within the associated area",4,White,220525
E12000007,London,1,"Outflow: moved out of the area, but within the associated area",5,Other ethnic group,11153
E12000007,London,2,"Outflow: moved out of the associated area, but within England and Wales",-8,Does not apply,0
E12000007,London,2,"Outflow: moved out of the associated area, but within England and Wales",1,"Asian, Asian British or Asian Welsh",761
E12000007,London,2,"Outflow: moved out of the associated area, but within England and Wales",2,"Black, Black British, Black Welsh, Caribbean or African",391
E12000007,London,2,"Outflow: moved out of the associated area, but within England and Wales",3,Mixed or Multiple ethnic groups,389
E12000007,London,2,"Outflow: moved out of the associated area, but within England and Wales",4,White,5121
E12000007,London,2,"Outflow: moved out of the associated area, but within England and Wales",5,Other ethnic group,226
E12000008,South East,-8,Does not apply,-8,Does not apply,0
E12000008,South East,-8,Does not apply,1,"Asian, Asian British or Asian Welsh",53316
E12000008,South East,-8,Does not apply,2,"Black, Black British, Black Welsh, Caribbean or African",20771
E12000008,South East,-8,Does not apply,3,Mixed or Multiple ethnic groups,26598
E12000008,South East,-8,Does not apply,4,White,621365
E12000008,South East,-8,Does not apply,5,Other ethnic group,13095
E12000008,South East,1,"Outflow: moved out of the area, but within the associated area",-8,Does not apply,0
E12000008,South East,1,"Outflow: moved out of the area, but within the associated area",1,"Asian, Asian British or Asian Welsh",17899
E12000008,South East,1,"Outflow: moved out of the area, but within the associated area",2,"Black, Black British, Black Welsh, Caribbean or African",9017
E12000008,South East,1,"Outflow: moved out of the area, but within the associated area",3,Mixed or Multiple ethnic groups,8573
E12000008,South East,1,"Outflow: moved out of the area, but within the associated area",4,White,155442
E12000008,South East,1,"Outflow: moved out of the area, but within the associated area",5,Other ethnic group,4131
E12000008,South East,2,"Outflow: moved out of the associated area, but within England and Wales",-8,Does not apply,0
E12000008,South East,2,"Outflow: moved out of the associated area, but within England and Wales",1,"Asian, Asian British or Asian Welsh",487
E12000008,South East,2,"Outflow: moved out of the associated area, but within England and Wales",2,"Black, Black British, Black Welsh, Caribbean or African",192
E12000008,South East,2,"Outflow: moved out of the associated area, but within England and Wales",3,Mixed or Multiple ethnic groups,282
E12000008,South East,2,"Outflow: moved out of the associated area, but within England and Wales",4,White,8576
E12000008,South East,2,"Outflow: moved out of the associated area, but within England and Wales",5,Other ethnic group,149
E12000009,South West,-8,Does not apply,-8,Does not apply,0
E12000009,South West,-8,Does not apply,1,"Asian, Asian British or Asian Welsh",17384
E12000009,South West,-8,Does not apply,2,"Black, Black British, Black Welsh, Caribbean or African",7198
E12000009,South West,-8,Does not apply,3,Mixed or Multiple ethnic groups,13385
E12000009,South West,-8,Does not apply,4,White,437367
E12000009,South West,-8,Does not apply,5,Other ethnic group,5336
E12000009,South West,1,"Outflow: moved out of the area, but within the associated area",-8,Does not apply,0
E12000009,South West,1,"Outflow: moved out of the area, but within the associated area",1,"Asian, Asian British or Asian Welsh",5639
E12000009,South West,1,"Outflow: moved out of the area, but within the associated area",2,"Black, Black British, Black Welsh, Caribbean or African",2477
E12000009,South West,1,"Outflow: moved out of the area, but within the associated area",3,Mixed or Multiple ethnic groups,3233
E12000009,South West,1,"Outflow: moved out of the area, but within the associated area",4,White,75379
E12000009,South West,1,"Outflow: moved out of the area, but within the associated area",5,Other ethnic group,1384
E12000009,South West,2,"Outflow: moved out of the associated area, but within England and Wales",-8,Does not apply,0
E12000009,South West,2,"Outflow: moved out of the associated area, but within England and Wales",1,"Asian, Asian British or Asian Welsh",504
E12000009,South West,2,"Outflow: moved out of the associated area, but within England and Wales",2,"Black, Black British, Black Welsh, Caribbean or African",188
E12000009,South West,2,"Outflow: moved out of the associated area, but within England and Wales",3,Mixed or Multiple ethnic groups,399
E12000009,South West,2,"Outflow: moved out of the associated area, but within England and Wales",4,White,12210
E12000009,South West,2,"Outflow: moved out of the associated area, but within England and Wales",5,Other ethnic group,198
W92000004,Wales,-8,Does not apply,-8,Does not apply,0
W92000004,Wales,-8,Does not apply,1,"Asian, Asian British or Asian Welsh",8144
W92000004,Wales,-8,Does not apply,2,"Black, Black British, Black Welsh, Caribbean or African",2945
W92000004,Wales,-8,Does not apply,3,Mixed or Multiple ethnic groups,5031
W92000004,Wales,-8,Does not apply,4,White,199881
W92000004,Wales,-8,Does not apply,5,Other ethnic group,2859
W92000004,Wales,1,"Outflow: moved out of the area, but within the associated area",-8,Does not apply,0
W92000004,Wales,1,"Outflow: moved out of the area, but within the associated area",1,"Asian, Asian British or Asian Welsh",0
W92000004,Wales,1,"Outflow: moved out of the area, but within the associated area",2,"Black, Black British, Black Welsh, Caribbean or African",0
W92000004,Wales,1,"Outflow: moved out of the area, but within the associated area",3,Mixed or Multiple ethnic groups,0
W92000004,Wales,1,"Outflow: moved out of the area, but within the associated area",4,White,0
W92000004,Wales,1,"Outflow: moved out of the area, but within the associated area",5,Other ethnic group,0
W92000004,Wales,2,"Outflow: moved out of the associated area, but within England and Wales",-8,Does not apply,0
W92000004,Wales,2,"Outflow: moved out of the associated area, but within England and Wales",1,"Asian, Asian British or Asian Welsh",2839
W92000004,Wales,2,"Outflow: moved out of the associated area, but within England and Wales",2,"Black, Black British, Black Welsh, Caribbean or African",985
W92000004,Wales,2,"Outflow: moved out of the associated area, but within England and Wales",3,Mixed or Multiple ethnic groups,1306
W92000004,Wales,2,"Outflow: moved out of the associated area, but within England and Wales",4,White,35663
W92000004,Wales,2,"Outflow: moved out of the associated area, but within England and Wales",5,Other ethnic group,936
