England and Wales code,England and Wales label,Migration National (inflow) (4 categories) code,Migration National (inflow) (4 categories) label,Ethnic group (6 categories) code,Ethnic group (6 categories) label,Count
K04000001,England and Wales,-8,Does not apply,-8,Does not apply,0
K04000001,England and Wales,-8,Does not apply,1,"Asian, Asian British or Asian Welsh",0
K04000001,England and Wales,-8,Does not apply,2,"Black, Black British, Black Welsh, Caribbean or African",0
K04000001,England and Wales,-8,Does not apply,3,Mixed or Multiple ethnic groups,0
K04000001,England and Wales,-8,Does not apply,4,White,0
K04000001,England and Wales,-8,Does not apply,5,Other ethnic group,0
K04000001,England and Wales,1,Lived at the same address one year ago,-8,Does not apply,0
K04000001,England and Wales,1,Lived at the same address one year ago,1,"Asian, Asian British or Asian Welsh",4721584
K04000001,England and Wales,1,Lived at the same address one year ago,2,"Black, Black British, Black Welsh, Caribbean or African",2065580
K04000001,England and Wales,1,Lived at the same address one year ago,3,Mixed or Multiple ethnic groups,1409214
K04000001,England and Wales,1,Lived at the same address one year ago,4,White,43256249
K04000001,England and Wales,1,Lived at the same address one year ago,5,Other ethnic group,1043902
K04000001,England and Wales,2,"Inflow: lived elsewhere one year ago, but within the same area",-8,Does not apply,0
K04000001,England and Wales,2,"Inflow: lived elsewhere one year ago, but within the same area",1,"Asian, Asian British or Asian Welsh",560860
K04000001,England and Wales,2,"Inflow: lived elsewhere one year ago, but within the same area",2,"Black, Black British, Black Welsh, Caribbean or African",266709
K04000001,England and Wales,2,"Inflow: lived elsewhere one year ago, but within the same area",3,Mixed or Multiple ethnic groups,236478
K04000001,England and Wales,2,"Inflow: lived elsewhere one year ago, but within the same area",4,White,4729994
K04000001,England and Wales,2,"Inflow: lived elsewhere one year ago, but within the same area",5,Other ethnic group,154554
K04000001,England and Wales,3,Inflow: lived elsewhere one year ago outside the UK,-8,Does not apply,0
K04000001,England and Wales,3,Inflow: lived elsewhere one year ago outside the UK,1,"Asian, Asian British or Asian Welsh",161658
K04000001,England and Wales,3,Inflow: lived elsewhere one year ago outside the UK,2,"Black, Black British, Black Welsh, Caribbean or African",47998
K04000001,England and Wales,3,Inflow: lived elsewhere one year ago outside the UK,3,Mixed or Multiple ethnic groups,23135
K04000001,England and Wales,3,Inflow: lived elsewhere one year ago outside the UK,4,White,270156
K04000001,England and Wales,3,Inflow: lived elsewhere one year ago outside the UK,5,Other ethnic group,42149
