Countries code,Countries label,Migration Country (inflow) (5 categories) code,Migration Country (inflow) (5 categories) label,Ethnic group (6 categories) code,Ethnic group (6 categories) label,Count
E92000001,England,-8,Does not apply,-8,Does not apply,0
E92000001,England,-8,Does not apply,1,"Asian, Asian British or Asian Welsh",0
E92000001,England,-8,Does not apply,2,"Black, Black British, Black Welsh, Caribbean or African",0
E92000001,England,-8,Does not apply,3,Mixed or Multiple ethnic groups,0
E92000001,England,-8,Does not apply,4,White,0
E92000001,England,-8,Does not apply,5,Other ethnic group,0
E92000001,England,1,Lived at the same address one year ago,-8,Does not apply,0
E92000001,England,1,Lived at the same address one year ago,1,"Asian, Asian British or Asian Welsh",4649299
E92000001,England,1,Lived at the same address one year ago,2,"Black, Black British, Black Welsh, Caribbean or African",2044014
E92000001,England,1,Lived at the same address one year ago,3,Mixed or Multiple ethnic groups,1369199
E92000001,England,1,Lived at the same address one year ago,4,White,40624390
E92000001,England,1,Lived at the same address one year ago,5,Other ethnic group,1022899
E92000001,England,2,"Inflow: lived elsewhere one year ago, but within the same area",-8,Does not apply,0
E92000001,England,2,"Inflow: lived elsewhere one year ago, but within the same area",1,"Asian, Asian British or Asian Welsh",543538
E92000001,England,2,"Inflow: lived elsewhere one year ago, but within the same area",2,"Black, Black British, Black Welsh, Caribbean or African",260235
E92000001,England,2,"Inflow: lived elsewhere one year ago, but within the same area",3,Mixed or Multiple ethnic groups,227289
E92000001,England,2,"Inflow: lived elsewhere one year ago, but within the same area",4,White,4416699
E92000001,England,2,"Inflow: lived elsewhere one year ago, but within the same area",5,Other ethnic group,148754
E92000001,England,3,"Inflow: lived elsewhere one year ago outside the area, but within the associated area",-8,Does not apply,0
E92000001,England,3,"Inflow: lived elsewhere one year ago outside the area, but within the associated area",1,"Asian, Asian British or Asian Welsh",5934
E92000001,England,3,"Inflow: lived elsewhere one year ago outside the area, but within the associated area",2,"Black, Black British, Black Welsh, Caribbean or African",2303
E92000001,England,3,"Inflow: lived elsewhere one year ago outside the area, but within the associated area",3,Mixed or Multiple ethnic groups,2344
E92000001,England,3,"Inflow: lived elsewhere one year ago outside the area, but within the associated area",4,White,63445
E92000001,England,3,"Inflow: lived elsewhere one year ago outside the area, but within the associated area",5,Other ethnic group,1957
E92000001,England,4,Inflow: lived elsewhere one year ago outside the UK,-8,Does not apply,0
E92000001,England,4,Inflow: lived elsewhere one year ago outside the UK,1,"Asian, Asian British or Asian Welsh",157201
E92000001,England,4,Inflow: lived elsewhere one year ago outside the UK,2,"Black, Black British, Black Welsh, Caribbean or African",46565
E92000001,England,4,Inflow: lived elsewhere one year ago outside the UK,3,Mixed or Multiple ethnic groups,22557
E92000001,England,4,Inflow: lived elsewhere one year ago outside the UK,4,White,261512
E92000001,England,4,Inflow: lived elsewhere one year ago outside the UK,5,Other ethnic group,40925
W92000004,Wales,-8,Does not apply,-8,Does not apply,0
W92000004,Wales,-8,Does not apply,1,"Asian, Asian British or Asian Welsh",0
W92000004,Wales,-8,Does not apply,2,"Black, Black British, Black Welsh, Caribbean or African",0
W92000004,Wales,-8,Does not apply,3,Mixed or Multiple ethnic groups,0
W92000004,Wales,-8,Does not apply,4,White,0
W92000004,Wales,-8,Does not apply,5,Other ethnic group,0
W92000004,Wales,1,Lived at the same address one year ago,-8,Does not apply,0
W92000004,Wales,1,Lived at the same address one year ago,1,"Asian, Asian British or Asian Welsh",72285
W92000004,Wales,1,Lived at the same address one year ago,2,"Black, Black British, Black Welsh, Caribbean or African",21566
W92000004,Wales,1,Lived at the same address one year ago,3,Mixed or Multiple ethnic groups,40017
W92000004,Wales,1,Lived at the same address one year ago,4,White,2631859
W92000004,Wales,1,Lived at the same address one year ago,5,Other ethnic group,21003
W92000004,Wales,2,"Inflow: lived elsewhere one year ago, but within the same area",-8,Does not apply,0
W92000004,Wales,2,"Inflow: lived elsewhere one year ago, but within the same area",1,"Asian, Asian British or Asian Welsh",8144
W92000004,Wales,2,"Inflow: lived elsewhere one year ago, but within the same area",2,"Black, Black British, Black Welsh, Caribbean or African",2945
W92000004,Wales,2,"Inflow: lived elsewhere one year ago, but within the same area",3,Mixed or Multiple ethnic groups,5031
W92000004,Wales,2,"Inflow: lived elsewhere one year ago, but within the same area",4,White,199881
W92000004,Wales,2,"Inflow: lived elsewhere one year ago, but within the same area",5,Other ethnic group,2859
W92000004,Wales,3,"Inflow: lived elsewhere one year ago outside the area, but within the associated area",-8,Does not apply,0
W92000004,Wales,3,"Inflow: lived elsewhere one year ago outside the area, but within the associated area",1,"Asian, Asian British or Asian Welsh",3244
W92000004,Wales,3,"Inflow: lived elsewhere one year ago outside the area, but within the associated area",2,"Black, Black British, Black Welsh, Caribbean or African",1226
W92000004,Wales,3,"Inflow: lived elsewhere one year ago outside the area, but within the associated area",3,Mixed or Multiple ethnic groups,1814
W92000004,Wales,3,"Inflow: lived elsewhere one year ago outside the area, but within the associated area",4,White,49969
W92000004,Wales,3,"Inflow: lived elsewhere one year ago outside the area, but within the associated area",5,Other ethnic group,982
W92000004,Wales,4,Inflow: lived elsewhere one year ago outside the UK,-8,Does not apply,0
W92000004,Wales,4,Inflow: lived elsewhere one year ago outside the UK,1,"Asian, Asian British or Asian Welsh",4457
W92000004,Wales,4,Inflow: lived elsewhere one year ago outside the UK,2,"Black, Black British, Black Welsh, Caribbean or African",1433
W92000004,Wales,4,Inflow: lived elsewhere one year ago outside the UK,3,Mixed or Multiple ethnic groups,578
W92000004,Wales,4,Inflow: lived elsewhere one year ago outside the UK,4,White,8643
W92000004,Wales,4,Inflow: lived elsewhere one year ago outside the UK,5,Other ethnic group,1226
