Countries code,Countries label,Migration Country (inflow) (5 categories) code,Migration Country (inflow) (5 categories) label,Sex (2 categories) code,Sex (2 categories) label,Age (B) (10 categories) code,Age (B) (10 categories) label,Count
E92000001,England,-8,Does not apply,1,Female,0,Aged under 1 year,0
E92000001,England,-8,Does not apply,1,Female,1,Aged 1 to 4 years,0
E92000001,England,-8,Does not apply,1,Female,2,Aged 5 to 9 years,0
E92000001,England,-8,Does not apply,1,Female,3,Aged 10 to 15 years,0
E92000001,England,-8,Does not apply,1,Female,4,Aged 16 to 24 years,0
E92000001,England,-8,Does not apply,1,Female,5,Aged 25 to 34 years,0
E92000001,England,-8,Does not apply,1,Female,6,Aged 35 to 49 years,0
E92000001,England,-8,Does not apply,1,Female,7,Aged 50 to 64 years,0
E92000001,England,-8,Does not apply,1,Female,8,Aged 65 to 74 years,0
E92000001,England,-8,Does not apply,1,Female,9,Aged 75 years and over,0
E92000001,England,-8,Does not apply,2,Male,0,Aged under 1 year,0
E92000001,England,-8,Does not apply,2,Male,1,Aged 1 to 4 years,0
E92000001,England,-8,Does not apply,2,Male,2,Aged 5 to 9 years,0
E92000001,England,-8,Does not apply,2,Male,3,Aged 10 to 15 years,0
E92000001,England,-8,Does not apply,2,Male,4,Aged 16 to 24 years,0
E92000001,England,-8,Does not apply,2,Male,5,Aged 25 to 34 years,0
E92000001,England,-8,Does not apply,2,Male,6,Aged 35 to 49 years,0
E92000001,England,-8,Does not apply,2,Male,7,Aged 50 to 64 years,0
E92000001,England,-8,Does not apply,2,Male,8,Aged 65 to 74 years,0
E92000001,England,-8,Does not apply,2,Male,9,Aged 75 years and over,0
E92000001,England,1,Lived at the same address one year ago,1,Female,0,Aged under 1 year,0
E92000001,England,1,Lived at the same address one year ago,1,Female,1,Aged 1 to 4 years,1048400
E92000001,England,1,Lived at the same address one year ago,1,Female,2,Aged 5 to 9 years,1484850
E92000001,England,1,Lived at the same address one year ago,1,Female,3,Aged 10 to 15 years,1836259
E92000001,England,1,Lived at the same address one year ago,1,Female,4,Aged 16 to 24 years,2109835
E92000001,England,1,Lived at the same address one year ago,1,Female,5,Aged 25 to 34 years,3084740
E92000001,England,1,Lived at the same address one year ago,1,Female,6,Aged 35 to 49 years,5105244
E92000001,England,1,Lived at the same address one year ago,1,Female,7,Aged 50 to 64 years,5302410
E92000001,England,1,Lived at the same address one year ago,1,Female,8,Aged 65 to 74 years,2796926
E92000001,England,1,Lived at the same address one year ago,1,Female,9,Aged 75 years and over,2664410
E92000001,England,1,Lived at the same address one year ago,2,Male,0,Aged under 1 year,0
E92000001,England,1,Lived at the same address one year ago,2,Male,1,Aged 1 to 4 years,1099033
E92000001,England,1,Lived at the same address one year ago,2,Male,2,Aged 5 to 9 years,1558971
E92000001,England,1,Lived at the same address one year ago,2,Male,3,Aged 10 to 15 years,1933419
E92000001,England,1,Lived at the same address one year ago,2,Male,4,Aged 16 to 24 years,2309117
E92000001,England,1,Lived at the same address one year ago,2,Male,5,Aged 25 to 34 years,2877789
E92000001,England,1,Lived at the same address one year ago,2,Male,6,Aged 35 to 49 years,4781683
E92000001,England,1,Lived at the same address one year ago,2,Male,7,Aged 50 to 64 years,5103046
E92000001,England,1,Lived at the same address one year ago,2,Male,8,Aged 65 to 74 years,2583243
E92000001,England,1,Lived at the same address one year ago,2,Male,9,Aged 75 years and over,2030426
E92000001,England,2,"Inflow: lived elsewhere one year ago, but within the same area",1,Female,0,Aged under 1 year,0
E92000001,England,2,"Inflow: lived elsewhere one year ago, but within the same area",1,Female,1,Aged 1 to 4 years,157390
E92000001,England,2,"Inflow: lived elsewhere one year ago, but within the same area",1,Female,2,Aged 5 to 9 years,136360
E92000001,England,2,"Inflow: lived elsewhere one year ago, but within the same area",1,Female,3,Aged 10 to 15 years,127851
E92000001,England,2,"Inflow: lived elsewhere one year ago, but within the same area",1,Female,4,Aged 16 to 24 years,759158
E92000001,England,2,"Inflow: lived elsewhere one year ago, but within the same area",1,Female,5,Aged 25 to 34 years,767564
E92000001,England,2,"Inflow: lived elsewhere one year ago, but within the same area",1,Female,6,Aged 35 to 49 years,451791
E92000001,England,2,"Inflow: lived elsewhere one year ago, but within the same area",1,Female,7,Aged 50 to 64 years,248964
E92000001,England,2,"Inflow: lived elsewhere one year ago, but within the same area",1,Female,8,Aged 65 to 74 years,83877
E92000001,England,2,"Inflow: lived elsewhere one year ago, but within the same area",1,Female,9,Aged 75 years and over,80359
E92000001,England,2,"Inflow: lived elsewhere one year ago, but within the same area",2,Male,0,Aged under 1 year,0
E92000001,England,2,"Inflow: lived elsewhere one year ago, but within the same area",2,Male,1,Aged 1 to 4 years,166967
E92000001,England,2,"Inflow: lived elsewhere one year ago, but within the same area",2,Male,2,Aged 5 to 9 years,141539
E92000001,England,2,"Inflow: lived elsewhere one year ago, but within the same area",2,Male,3,Aged 10 to 15 years,131810
E92000001,England,2,"Inflow: lived elsewhere one year ago, but within the same area",2,Male,4,Aged 16 to 24 years,647154
E92000001,England,2,"Inflow: lived elsewhere one year ago, but within the same area",2,Male,5,Aged 25 to 34 years,762222
E92000001,England,2,"Inflow: lived elsewhere one year ago, but within the same area",2,Male,6,Aged 35 to 49 years,536215
E92000001,England,2,"Inflow: lived elsewhere one year ago, but within the same area",2,Male,7,Aged 50 to 64 years,263597
E92000001,England,2,"Inflow: lived elsewhere one year ago, but within the same area",2,Male,8,Aged 65 to 74 years,81593
E92000001,England,2,"Inflow: lived elsewhere one year ago, but within the same area",2,Male,9,Aged 75 years and over,52103
E92000001,England,3,"Inflow: lived elsewhere one year ago outside the area, but within the associated area",1,Female,0,Aged under 1 year,0
E92000001,England,3,"Inflow: lived elsewhere one year ago outside the area, but within the associated area",1,Female,1,Aged 1 to 4 years,922
E92000001,England,3,"Inflow: lived elsewhere one year ago outside the area, but within the associated area",1,Female,2,Aged 5 to 9 years,877
E92000001,England,3,"Inflow: lived elsewhere one year ago outside the area, but within the associated area",1,Female,3,Aged 10 to 15 years,827
E92000001,England,3,"Inflow: lived elsewhere one year ago outside the area, but within the associated area",1,Female,4,Aged 16 to 24 years,17666
E92000001,England,3,"Inflow: lived elsewhere one year ago outside the area, but within the associated area",1,Female,5,Aged 25 to 34 years,8346
E92000001,England,3,"Inflow: lived elsewhere one year ago outside the area, but within the associated area",1,Female,6,Aged 35 to 49 years,3490
E92000001,England,3,"Inflow: lived elsewhere one year ago outside the area, but within the associated area",1,Female,7,Aged 50 to 64 years,2817
E92000001,England,3,"Inflow: lived elsewhere one year ago outside the area, but within the associated area",1,Female,8,Aged 65 to 74 years,1475
E92000001,England,3,"Inflow: lived elsewhere one year ago outside the area, but within the associated area",1,Female,9,Aged 75 years and over,1297
E92000001,England,3,"Inflow: lived elsewhere one year ago outside the area, but within the associated area",2,Male,0,Aged under 1 year,0
E92000001,England,3,"Inflow: lived elsewhere one year ago outside the area, but within the associated area",2,Male,1,Aged 1 to 4 years,1048
E92000001,England,3,"Inflow: lived elsewhere one year ago outside the area, but within the associated area",2,Male,2,Aged 5 to 9 years,895
E92000001,England,3,"Inflow: lived elsewhere one year ago outside the area, but within the associated area",2,Male,3,Aged 10 to 15 years,817
E92000001,England,3,"Inflow: lived elsewhere one year ago outside the area, but within the associated area",2,Male,4,Aged 16 to 24 years,15659
E92000001,England,3,"Inflow: lived elsewhere one year ago outside the area, but within the associated area",2,Male,5,Aged 25 to 34 years,9643
E92000001,England,3,"Inflow: lived elsewhere one year ago outside the area, but within the associated area",2,Male,6,Aged 35 to 49 years,4909
E92000001,England,3,"Inflow: lived elsewhere one year ago outside the area, but within the associated area",2,Male,7,Aged 50 to 64 years,2996
E92000001,England,3,"Inflow: lived elsewhere one year ago outside the area, but within the associated area",2,Male,8,Aged 65 to 74 years,1444
E92000001,England,3,"Inflow: lived elsewhere one year ago outside the area, but within the associated area",2,Male,9,Aged 75 years and over,855
E92000001,England,4,Inflow: lived elsewhere one year ago outside the UK,1,Female,0,Aged under 1 year,0
E92000001,England,4,Inflow: lived elsewhere one year ago outside the UK,1,Female,1,Aged 1 to 4 years,11996
E92000001,England,4,Inflow: lived elsewhere one year ago outside the UK,1,Female,2,Aged 5 to 9 years,12381
E92000001,England,4,Inflow: lived elsewhere one year ago outside the UK,1,Female,3,Aged 10 to 15 years,12834
E92000001,England,4,Inflow: lived elsewhere one year ago outside the UK,1,Female,4,Aged 16 to 24 years,69472
E92000001,England,4,Inflow: lived elsewhere one year ago outside the UK,1,Female,5,Aged 25 to 34 years,81083
E92000001,England,4,Inflow: lived elsewhere one year ago outside the UK,1,Female,6,Aged 35 to 49 years,45223
E92000001,England,4,Inflow: lived elsewhere one year ago outside the UK,1,Female,7,Aged 50 to 64 years,21438
E92000001,England,4,Inflow: lived elsewhere one year ago outside the UK,1,Female,8,Aged 65 to 74 years,8176
E92000001,England,4,Inflow: lived elsewhere one year ago outside the UK,1,Female,9,Aged 75 years and over,4071
E92000001,England,4,Inflow: lived elsewhere one year ago outside the UK,2,Male,0,Aged under 1 year,0
E92000001,England,4,Inflow: lived elsewhere one year ago outside the UK,2,Male,1,Aged 1 to 4 years,12206
E92000001,England,4,Inflow: lived elsewhere one year ago outside the UK,2,Male,2,Aged 5 to 9 years,12827
E92000001,England,4,Inflow: lived elsewhere one year ago outside the UK,2,Male,3,Aged 10 to 15 years,13624
E92000001,England,4,Inflow: lived elsewhere one year ago outside the UK,2,Male,4,Aged 16 to 24 years,61172
E92000001,England,4,Inflow: lived elsewhere one year ago outside the UK,2,Male,5,Aged 25 to 34 years,76480
E92000001,England,4,Inflow: lived elsewhere one year ago outside the UK,2,Male,6,Aged 35 to 49 years,49886
E92000001,England,4,Inflow: lived elsewhere one year ago outside the UK,2,Male,7,Aged 50 to 64 years,24852
E92000001,England,4,Inflow: lived elsewhere one year ago outside the UK,2,Male,8,Aged 65 to 74 years,7409
E92000001,England,4,Inflow: lived elsewhere one year ago outside the UK,2,Male,9,Aged 75 years and over,3637
W92000004,Wales,-8,Does not apply,1,Female,0,Aged under 1 year,0
W92000004,Wales,-8,Does not apply,1,Female,1,Aged 1 to 4 years,0
W92000004,Wales,-8,Does not apply,1,Female,2,Aged 5 to 9 years,0
W92000004,Wales,-8,Does not apply,1,Female,3,Aged 10 to 15 years,0
W92000004,Wales,-8,Does not apply,1,Female,4,Aged 16 to 24 years,0
W92000004,Wales,-8,Does not apply,1,Female,5,Aged 25 to 34 years,0
W92000004,Wales,-8,Does not apply,1,Female,6,Aged 35 to 49 years,0
W92000004,Wales,-8,Does not apply,1,Female,7,Aged 50 to 64 years,0
W92000004,Wales,-8,Does not apply,1,Female,8,Aged 65 to 74 years,0
W92000004,Wales,-8,Does not apply,1,Female,9,Aged 75 years and over,0
W92000004,Wales,-8,Does not apply,2,Male,0,Aged under 1 year,0
W92000004,Wales,-8,Does not apply,2,Male,1,Aged 1 to 4 years,0
W92000004,Wales,-8,Does not apply,2,Male,2,Aged 5 to 9 years,0
W92000004,Wales,-8,Does not apply,2,Male,3,Aged 10 to 15 years,0
W92000004,Wales,-8,Does not apply,2,Male,4,Aged 16 to 24 years,0
W92000004,Wales,-8,Does not apply,2,Male,5,Aged 25 to 34 years,0
W92000004,Wales,-8,Does not apply,2,Male,6,Aged 35 to 49 years,0
W92000004,Wales,-8,Does not apply,2,Male,7,Aged 50 to 64 years,0
W92000004,Wales,-8,Does not apply,2,Male,8,Aged 65 to 74 years,0
W92000004,Wales,-8,Does not apply,2,Male,9,Aged 75 years and over,0
W92000004,Wales,1,Lived at the same address one year ago,1,Female,0,Aged under 1 year,0
W92000004,Wales,1,Lived at the same address one year ago,1,Female,1,Aged 1 to 4 years,53806
W92000004,Wales,1,Lived at the same address one year ago,1,Female,2,Aged 5 to 9 years,78686
W92000004,Wales,1,Lived at the same address one year ago,1,Female,3,Aged 10 to 15 years,98866
W92000004,Wales,1,Lived at the same address one year ago,1,Female,4,Aged 16 to 24 years,115053
W92000004,Wales,1,Lived at the same address one year ago,1,Female,5,Aged 25 to 34 years,160709
W92000004,Wales,1,Lived at the same address one year ago,1,Female,6,Aged 35 to 49 years,260760
W92000004,Wales,1,Lived at the same address one year ago,1,Female,7,Aged 50 to 64 years,312940
W92000004,Wales,1,Lived at the same address one year ago,1,Female,8,Aged 65 to 74 years,179810
W92000004,Wales,1,Lived at the same address one year ago,1,Female,9,Aged 75 years and over,166197
W92000004,Wales,1,Lived at the same address one year ago,2,Male,0,Aged under 1 year,0
W92000004,Wales,1,Lived at the same address one year ago,2,Male,1,Aged 1 to 4 years,56274
W92000004,Wales,1,Lived at the same address one year ago,2,Male,2,Aged 5 to 9 years,82405
W92000004,Wales,1,Lived at the same address one year ago,2,Male,3,Aged 10 to 15 years,104467
W92000004,Wales,1,Lived at the same address one year ago,2,Male,4,Aged 16 to 24 years,128543
W92000004,Wales,1,Lived at the same address one year ago,2,Male,5,Aged 25 to 34 years,151039
W92000004,Wales,1,Lived at the same address one year ago,2,Male,6,Aged 35 to 49 years,243371
W92000004,Wales,1,Lived at the same address one year ago,2,Male,7,Aged 50 to 64 years,296416
W92000004,Wales,1,Lived at the same address one year ago,2,Male,8,Aged 65 to 74 years,168632
W92000004,Wales,1,Lived at the same address one year ago,2,Male,9,Aged 75 years and over,128754
W92000004,Wales,2,"Inflow: lived elsewhere one year ago, but within the same area",1,Female,0,Aged under 1 year,0
W92000004,Wales,2,"Inflow: lived elsewhere one year ago, but within the same area",1,Female,1,Aged 1 to 4 years,6983
W92000004,Wales,2,"Inflow: lived elsewhere one year ago, but within the same area",1,Female,2,Aged 5 to 9 years,6250
W92000004,Wales,2,"Inflow: lived elsewhere one year ago, but within the same area",1,Female,3,Aged 10 to 15 years,5838
W92000004,Wales,2,"Inflow: lived elsewhere one year ago, but within the same area",1,Female,4,Aged 16 to 24 years,31508
W92000004,Wales,2,"Inflow: lived elsewhere one year ago, but within the same area",1,Female,5,Aged 25 to 34 years,26552
W92000004,Wales,2,"Inflow: lived elsewhere one year ago, but within the same area",1,Female,6,Aged 35 to 49 years,15334
W92000004,Wales,2,"Inflow: lived elsewhere one year ago, but within the same area",1,Female,7,Aged 50 to 64 years,9876
W92000004,Wales,2,"Inflow: lived elsewhere one year ago, but within the same area",1,Female,8,Aged 65 to 74 years,3601
W92000004,Wales,2,"Inflow: lived elsewhere one year ago, but within the same area",1,Female,9,Aged 75 years and over,4015
W92000004,Wales,2,"Inflow: lived elsewhere one year ago, but within the same area",2,Male,0,Aged under 1 year,0
W92000004,Wales,2,"Inflow: lived elsewhere one year ago, but within the same area",2,Male,1,Aged 1 to 4 years,7348
W92000004,Wales,2,"Inflow: lived elsewhere one year ago, but within the same area",2,Male,2,Aged 5 to 9 years,6468
W92000004,Wales,2,"Inflow: lived elsewhere one year ago, but within the same area",2,Male,3,Aged 10 to 15 years,5940
W92000004,Wales,2,"Inflow: lived elsewhere one year ago, but within the same area",2,Male,4,Aged 16 to 24 years,27128
W92000004,Wales,2,"Inflow: lived elsewhere one year ago, but within the same area",2,Male,5,Aged 25 to 34 years,27529
W92000004,Wales,2,"Inflow: lived elsewhere one year ago, but within the same area",2,Male,6,Aged 35 to 49 years,18315
W92000004,Wales,2,"Inflow: lived elsewhere one year ago, but within the same area",2,Male,7,Aged 50 to 64 years,10065
W92000004,Wales,2,"Inflow: lived elsewhere one year ago, but within the same area",2,Male,8,Aged 65 to 74 years,3672
W92000004,Wales,2,"Inflow: lived elsewhere one year ago, but within the same area",2,Male,9,Aged 75 years and over,2438
W92000004,Wales,3,"Inflow: lived elsewhere one year ago outside the area, but within the associated area",1,Female,0,Aged under 1 year,0
W92000004,Wales,3,"Inflow: lived elsewhere one year ago outside the area, but within the associated area",1,Female,1,Aged 1 to 4 years,839
W92000004,Wales,3,"Inflow: lived elsewhere one year ago outside the area, but within the associated area",1,Female,2,Aged 5 to 9 years,681
W92000004,Wales,3,"Inflow: lived elsewhere one year ago outside the area, but within the associated area",1,Female,3,Aged 10 to 15 years,660
W92000004,Wales,3,"Inflow: lived elsewhere one year ago outside the area, but within the associated area",1,Female,4,Aged 16 to 24 years,11169
W92000004,Wales,3,"Inflow: lived elsewhere one year ago outside the area, but within the associated area",1,Female,5,Aged 25 to 34 years,5575
W92000004,Wales,3,"Inflow: lived elsewhere one year ago outside the area, but within the associated area",1,Female,6,Aged 35 to 49 years,3256
W92000004,Wales,3,"Inflow: lived elsewhere one year ago outside the area, but within the associated area",1,Female,7,Aged 50 to 64 years,3556
W92000004,Wales,3,"Inflow: lived elsewhere one year ago outside the area, but within the associated area",1,Female,8,Aged 65 to 74 years,1290
W92000004,Wales,3,"Inflow: lived elsewhere one year ago outside the area, but within the associated area",1,Female,9,Aged 75 years and over,819
W92000004,Wales,3,"Inflow: lived elsewhere one year ago outside the area, but within the associated area",2,Male,0,Aged under 1 year,0
W92000004,Wales,3,"Inflow: lived elsewhere one year ago outside the area, but within the associated area",2,Male,1,Aged 1 to 4 years,865
W92000004,Wales,3,"Inflow: lived elsewhere one year ago outside the area, but within the associated area",2,Male,2,Aged 5 to 9 years,756
W92000004,Wales,3,"Inflow: lived elsewhere one year ago outside the area, but within the associated area",2,Male,3,Aged 10 to 15 years,689
W92000004,Wales,3,"Inflow: lived elsewhere one year ago outside the area, but within the associated area",2,Male,4,Aged 16 to 24 years,11127
W92000004,Wales,3,"Inflow: lived elsewhere one year ago outside the area, but within the associated area",2,Male,5,Aged 25 to 34 years,6342
W92000004,Wales,3,"Inflow: lived elsewhere one year ago outside the area, but within the associated area",2,Male,6,Aged 35 to 49 years,3975
W92000004,Wales,3,"Inflow: lived elsewhere one year ago outside the area, but within the associated area",2,Male,7,Aged 50 to 64 years,3680
W92000004,Wales,3,"Inflow: lived elsewhere one year ago outside the area, but within the associated area",2,Male,8,Aged 65 to 74 years,1368
W92000004,Wales,3,"Inflow: lived elsewhere one year ago outside the area, but within the associated area",2,Male,9,Aged 75 years and over,589
W92000004,Wales,4,Inflow: lived elsewhere one year ago outside the UK,1,Female,0,Aged under 1 year,0
W92000004,Wales,4,Inflow: lived elsewhere one year ago outside the UK,1,Female,1,Aged 1 to 4 years,315
W92000004,Wales,4,Inflow: lived elsewhere one year ago outside the UK,1,Female,2,Aged 5 to 9 years,349
W92000004,Wales,4,Inflow: lived elsewhere one year ago outside the UK,1,Female,3,Aged 10 to 15 years,259
W92000004,Wales,4,Inflow: lived elsewhere one year ago outside the UK,1,Female,4,Aged 16 to 24 years,2437
W92000004,Wales,4,Inflow: lived elsewhere one year ago outside the UK,1,Female,5,Aged 25 to 34 years,2469
W92000004,Wales,4,Inflow: lived elsewhere one year ago outside the UK,1,Female,6,Aged 35 to 49 years,1244
W92000004,Wales,4,Inflow: lived elsewhere one year ago outside the UK,1,Female,7,Aged 50 to 64 years,643
W92000004,Wales,4,Inflow: lived elsewhere one year ago outside the UK,1,Female,8,Aged 65 to 74 years,276
W92000004,Wales,4,Inflow: lived elsewhere one year ago outside the UK,1,Female,9,Aged 75 years and over,109
W92000004,Wales,4,Inflow: lived elsewhere one year ago outside the UK,2,Male,0,Aged under 1 year,0
W92000004,Wales,4,Inflow: lived elsewhere one year ago outside the UK,2,Male,1,Aged 1 to 4 years,319
W92000004,Wales,4,Inflow: lived elsewhere one year ago outside the UK,2,Male,2,Aged 5 to 9 years,330
W92000004,Wales,4,Inflow: lived elsewhere one year ago outside the UK,2,Male,3,Aged 10 to 15 years,348
W92000004,Wales,4,Inflow: lived elsewhere one year ago outside the UK,2,Male,4,Aged 16 to 24 years,2115
W92000004,Wales,4,Inflow: lived elsewhere one year ago outside the UK,2,Male,5,Aged 25 to 34 years,2460
W92000004,Wales,4,Inflow: lived elsewhere one year ago outside the UK,2,Male,6,Aged 35 to 49 years,1404
W92000004,Wales,4,Inflow: lived elsewhere one year ago outside the UK,2,Male,7,Aged 50 to 64 years,782
W92000004,Wales,4,Inflow: lived elsewhere one year ago outside the UK,2,Male,8,Aged 65 to 74 years,328
W92000004,Wales,4,Inflow: lived elsewhere one year ago outside the UK,2,Male,9,Aged 75 years and over,145
