Migrant country one year ago code,Migrant country one year ago label,Migration Country (outflow) (2 categories) code,Migration Country (outflow) (2 categories) label,Sex (2 categories) code,Sex (2 categories) label,Age (B) (10 categories) code,Age (B) (10 categories) label,Count
-8,Does not apply,-8,Does not apply,1,Female,0,Aged under 1 year,0
-8,Does not apply,-8,Does not apply,1,Female,1,Aged 1 to 4 years,1102663
-8,Does not apply,-8,Does not apply,1,Female,2,Aged 5 to 9 years,1563985
-8,Does not apply,-8,Does not apply,1,Female,3,Aged 10 to 15 years,1935547
-8,Does not apply,-8,Does not apply,1,Female,4,Aged 16 to 24 years,2232460
-8,Does not apply,-8,Does not apply,1,Female,5,Aged 25 to 34 years,3249922
-8,Does not apply,-8,Does not apply,1,Female,6,Aged 35 to 49 years,5367861
-8,Does not apply,-8,Does not apply,1,Female,7,Aged 50 to 64 years,5616757
-8,Does not apply,-8,Does not apply,1,Female,8,Aged 65 to 74 years,2977404
-8,Does not apply,-8,Does not apply,1,Female,9,Aged 75 years and over,2831123
-8,Does not apply,-8,Does not apply,2,Male,0,Aged under 1 year,0
-8,Does not apply,-8,Does not apply,2,Male,1,Aged 1 to 4 years,1155846
-8,Does not apply,-8,Does not apply,2,Male,2,Aged 5 to 9 years,1641834
-8,Does not apply,-8,Does not apply,2,Male,3,Aged 10 to 15 years,2038334
-8,Does not apply,-8,Does not apply,2,Male,4,Aged 16 to 24 years,2443882
-8,Does not apply,-8,Does not apply,2,Male,5,Aged 25 to 34 years,3033860
-8,Does not apply,-8,Does not apply,2,Male,6,Aged 35 to 49 years,5027575
-8,Does not apply,-8,Does not apply,2,Male,7,Aged 50 to 64 years,5400966
-8,Does not apply,-8,Does not apply,2,Male,8,Aged 65 to 74 years,2752521
-8,Does not apply,-8,Does not apply,2,Male,9,Aged 75 years and over,2159506
-8,Does not apply,1,"Outflow: moved out of the area, but within the associated area",1,Female,0,Aged under 1 year,0
-8,Does not apply,1,"Outflow: moved out of the area, but within the associated area",1,Female,1,Aged 1 to 4 years,0
-8,Does not apply,1,"Outflow: moved out of the area, but within the associated area",1,Female,2,Aged 5 to 9 years,0
-8,Does not apply,1,"Outflow: moved out of the area, but within the associated area",1,Female,3,Aged 10 to 15 years,0
-8,Does not apply,1,"Outflow: moved out of the area, but within the associated area",1,Female,4,Aged 16 to 24 years,0
-8,Does not apply,1,"Outflow: moved out of the area, but within the associated area",1,Female,5,Aged 25 to 34 years,0
-8,Does not apply,1,"Outflow: moved out of the area, but within the associated area",1,Female,6,Aged 35 to 49 years,0
-8,Does not apply,1,"Outflow: moved out of the area, but within the associated area",1,Female,7,Aged 50 to 64 years,0
-8,Does not apply,1,"Outflow: moved out of the area, but within the associated area",1,Female,8,Aged 65 to 74 years,0
-8,Does not apply,1,"Outflow: moved out of the area, but within the associated area",1,Female,9,Aged 75 years and over,0
-8,Does not apply,1,"Outflow: moved out of the area, but within the associated area",2,Male,0,Aged under 1 year,0
-8,Does not apply,1,"Outflow: moved out of the area, but within the associated area",2,Male,1,Aged 1 to 4 years,0
-8,Does not apply,1,"Outflow: moved out of the area, but within the associated area",2,Male,2,Aged 5 to 9 years,0
-8,Does not apply,1,"Outflow: moved out of the area, but within the associated area",2,Male,3,Aged 10 to 15 years,0
-8,Does not apply,1,"Outflow: moved out of the area, but within the associated area",2,Male,4,Aged 16 to 24 years,0
-8,Does not apply,1,"Outflow: moved out of the area, but within the associated area",2,Male,5,Aged 25 to 34 years,0
-8,Does not apply,1,"Outflow: moved out of the area, but within the associated area",2,Male,6,Aged 35 to 49 years,0
-8,Does not apply,1,"Outflow: moved out of the area, but within the associated area",2,Male,7,Aged 50 to 64 years,0
-8,Does not apply,1,"Outflow: moved out of the area, but within the associated area",2,Male,8,Aged 65 to 74 years,0
-8,Does not apply,1,"Outflow: moved out of the area, but within the associated area",2,Male,9,Aged 75 years and over,0
999999999,Person with migrant origin outside the UK,-8,Does not apply,1,Female,0,Aged under 1 year,0
999999999,Person with migrant origin outside the UK,-8,Does not apply,1,Female,1,Aged 1 to 4 years,12310
999999999,Person with migrant origin outside the UK,-8,Does not apply,1,Female,2,Aged 5 to 9 years,12731
999999999,Person with migrant origin outside the UK,-8,Does not apply,1,Female,3,Aged 10 to 15 years,13093
999999999,Person with migrant origin outside the UK,-8,Does not apply,1,Female,4,Aged 16 to 24 years,71909
999999999,Person with migrant origin outside the UK,-8,Does not apply,1,Female,5,Aged 25 to 34 years,83552
999999999,Person with migrant origin outside the UK,-8,Does not apply,1,Female,6,Aged 35 to 49 years,46467
999999999,Person with migrant origin outside the UK,-8,Does not apply,1,Female,7,Aged 50 to 64 years,22081
999999999,Person with migrant origin outside the UK,-8,Does not apply,1,Female,8,Aged 65 to 74 years,8453
999999999,Person with migrant origin outside the UK,-8,Does not apply,1,Female,9,Aged 75 years and over,4180
999999999,Person with migrant origin outside the UK,-8,Does not apply,2,Male,0,Aged under 1 year,0
999999999,Person with migrant origin outside the UK,-8,Does not apply,2,Male,1,Aged 1 to 4 years,12526
999999999,Person with migrant origin outside the UK,-8,Does not apply,2,Male,2,Aged 5 to 9 years,13157
999999999,Person with migrant origin outside the UK,-8,Does not apply,2,Male,3,Aged 10 to 15 years,13972
999999999,Person with migrant origin outside the UK,-8,Does not apply,2,Male,4,Aged 16 to 24 years,63287
999999999,Person with migrant origin outside the UK,-8,Does not apply,2,Male,5,Aged 25 to 34 years,78937
999999999,Person with migrant origin outside the UK,-8,Does not apply,2,Male,6,Aged 35 to 49 years,51287
999999999,Person with migrant origin outside the UK,-8,Does not apply,2,Male,7,Aged 50 to 64 years,25633
999999999,Person with migrant origin outside the UK,-8,Does not apply,2,Male,8,Aged 65 to 74 years,7737
999999999,Person with migrant origin outside the UK,-8,Does not apply,2,Male,9,Aged 75 years and over,3782
999999999,Person with migrant origin outside the UK,1,"Outflow: moved out of the area, but within the associated area",1,Female,0,Aged under 1 year,0
999999999,Person with migrant origin outside the UK,1,"Outflow: moved out of the area, but within the associated area",1,Female,1,Aged 1 to 4 years,0
999999999,Person with migrant origin outside the UK,1,"Outflow: moved out of the area, but within the associated area",1,Female,2,Aged 5 to 9 years,0
999999999,Person with migrant origin outside the UK,1,"Outflow: moved out of the area, but within the associated area",1,Female,3,Aged 10 to 15 years,0
999999999,Person with migrant origin outside the UK,1,"Outflow: moved out of the area, but within the associated area",1,Female,4,Aged 16 to 24 years,0
999999999,Person with migrant origin outside the UK,1,"Outflow: moved out of the area, but within the associated area",1,Female,5,Aged 25 to 34 years,0
999999999,Person with migrant origin outside the UK,1,"Outflow: moved out of the area, but within the associated area",1,Female,6,Aged 35 to 49 years,0
999999999,Person with migrant origin outside the UK,1,"Outflow: moved out of the area, but within the associated area",1,Female,7,Aged 50 to 64 years,0
999999999,Person with migrant origin outside the UK,1,"Outflow: moved out of the area, but within the associated area",1,Female,8,Aged 65 to 74 years,0
999999999,Person with migrant origin outside the UK,1,"Outflow: moved out of the area, but within the associated area",1,Female,9,Aged 75 years and over,0
999999999,Person with migrant origin outside the UK,1,"Outflow: moved out of the area, but within the associated area",2,Male,0,Aged under 1 year,0
999999999,Person with migrant origin outside the UK,1,"Outflow: moved out of the area, but within the associated area",2,Male,1,Aged 1 to 4 years,0
999999999,Person with migrant origin outside the UK,1,"Outflow: moved out of the area, but within the associated area",2,Male,2,Aged 5 to 9 years,0
999999999,Person with migrant origin outside the UK,1,"Outflow: moved out of the area, but within the associated area",2,Male,3,Aged 10 to 15 years,0
999999999,Person with migrant origin outside the UK,1,"Outflow: moved out of the area, but within the associated area",2,Male,4,Aged 16 to 24 years,0
999999999,Person with migrant origin outside the UK,1,"Outflow: moved out of the area, but within the associated area",2,Male,5,Aged 25 to 34 years,0
999999999,Person with migrant origin outside the UK,1,"Outflow: moved out of the area, but within the associated area",2,Male,6,Aged 35 to 49 years,0
999999999,Person with migrant origin outside the UK,1,"Outflow: moved out of the area, but within the associated area",2,Male,7,Aged 50 to 64 years,0
999999999,Person with migrant origin outside the UK,1,"Outflow: moved out of the area, but within the associated area",2,Male,8,Aged 65 to 74 years,0
999999999,Person with migrant origin outside the UK,1,"Outflow: moved out of the area, but within the associated area",2,Male,9,Aged 75 years and over,0
E92000001,England,-8,Does not apply,1,Female,0,Aged under 1 year,0
E92000001,England,-8,Does not apply,1,Female,1,Aged 1 to 4 years,157390
E92000001,England,-8,Does not apply,1,Female,2,Aged 5 to 9 years,136360
E92000001,England,-8,Does not apply,1,Female,3,Aged 10 to 15 years,127851
E92000001,England,-8,Does not apply,1,Female,4,Aged 16 to 24 years,759158
E92000001,England,-8,Does not apply,1,Female,5,Aged 25 to 34 years,767564
E92000001,England,-8,Does not apply,1,Female,6,Aged 35 to 49 years,451791
E92000001,England,-8,Does not apply,1,Female,7,Aged 50 to 64 years,248964
E92000001,England,-8,Does not apply,1,Female,8,Aged 65 to 74 years,83877
E92000001,England,-8,Does not apply,1,Female,9,Aged 75 years and over,80359
E92000001,England,-8,Does not apply,2,Male,0,Aged under 1 year,0
E92000001,England,-8,Does not apply,2,Male,1,Aged 1 to 4 years,166967
E92000001,England,-8,Does not apply,2,Male,2,Aged 5 to 9 years,141539
E92000001,England,-8,Does not apply,2,Male,3,Aged 10 to 15 years,131810
E92000001,England,-8,Does not apply,2,Male,4,Aged 16 to 24 years,647154
E92000001,England,-8,Does not apply,2,Male,5,Aged 25 to 34 years,762222
E92000001,England,-8,Does not apply,2,Male,6,Aged 35 to 49 years,536215
E92000001,England,-8,Does not apply,2,Male,7,Aged 50 to 64 years,263597
E92000001,England,-8,Does not apply,2,Male,8,Aged 65 to 74 years,81593
E92000001,England,-8,Does not apply,2,Male,9,Aged 75 years and over,52103
E92000001,England,1,"Outflow: moved out of the area, but within the associated area",1,Female,0,Aged under 1 year,0
E92000001,England,1,"Outflow: moved out of the area, but within the associated area",1,Female,1,Aged 1 to 4 years,823
E92000001,England,1,"Outflow: moved out of the area, but within the associated area",1,Female,2,Aged 5 to 9 years,665
E92000001,England,1,"Outflow: moved out of the area, but within the associated area",1,Female,3,Aged 10 to 15 years,651
E92000001,England,1,"Outflow: moved out of the area, but within the associated area",1,Female,4,Aged 16 to 24 years,10931
E92000001,England,1,"Outflow: moved out of the area, but within the associated area",1,Female,5,Aged 25 to 34 years,5432
E92000001,England,1,"Outflow: moved out of the area, but within the associated area",1,Female,6,Aged 35 to 49 years,3195
E92000001,England,1,"Outflow: moved out of the area, but within the associated area",1,Female,7,Aged 50 to 64 years,3490
E92000001,England,1,"Outflow: moved out of the area, but within the associated area",1,Female,8,Aged 65 to 74 years,1266
E92000001,England,1,"Outflow: moved out of the area, but within the associated area",1,Female,9,Aged 75 years and over,794
E92000001,England,1,"Outflow: moved out of the area, but within the associated area",2,Male,0,Aged under 1 year,0
E92000001,England,1,"Outflow: moved out of the area, but within the associated area",2,Male,1,Aged 1 to 4 years,848
E92000001,England,1,"Outflow: moved out of the area, but within the associated area",2,Male,2,Aged 5 to 9 years,734
E92000001,England,1,"Outflow: moved out of the area, but within the associated area",2,Male,3,Aged 10 to 15 years,679
E92000001,England,1,"Outflow: moved out of the area, but within the associated area",2,Male,4,Aged 16 to 24 years,10904
E92000001,England,1,"Outflow: moved out of the area, but within the associated area",2,Male,5,Aged 25 to 34 years,6160
E92000001,England,1,"Outflow: moved out of the area, but within the associated area",2,Male,6,Aged 35 to 49 years,3877
E92000001,England,1,"Outflow: moved out of the area, but within the associated area",2,Male,7,Aged 50 to 64 years,3618
E92000001,England,1,"Outflow: moved out of the area, but within the associated area",2,Male,8,Aged 65 to 74 years,1336
E92000001,England,1,"Outflow: moved out of the area, but within the associated area",2,Male,9,Aged 75 years and over,569
W92000004,Wales,-8,Does not apply,1,Female,0,Aged under 1 year,0
W92000004,Wales,-8,Does not apply,1,Female,1,Aged 1 to 4 years,6983
W92000004,Wales,-8,Does not apply,1,Female,2,Aged 5 to 9 years,6250
W92000004,Wales,-8,Does not apply,1,Female,3,Aged 10 to 15 years,5838
W92000004,Wales,-8,Does not apply,1,Female,4,Aged 16 to 24 years,31508
W92000004,Wales,-8,Does not apply,1,Female,5,Aged 25 to 34 years,26552
W92000004,Wales,-8,Does not apply,1,Female,6,Aged 35 to 49 years,15334
W92000004,Wales,-8,Does not apply,1,Female,7,Aged 50 to 64 years,9876
W92000004,Wales,-8,Does not apply,1,Female,8,Aged 65 to 74 years,3601
W92000004,Wales,-8,Does not apply,1,Female,9,Aged 75 years and over,4015
W92000004,Wales,-8,Does not apply,2,Male,0,Aged under 1 year,0
W92000004,Wales,-8,Does not apply,2,Male,1,Aged 1 to 4 years,7348
W92000004,Wales,-8,Does not apply,2,Male,2,Aged 5 to 9 years,6468
W92000004,Wales,-8,Does not apply,2,Male,3,Aged 10 to 15 years,5940
W92000004,Wales,-8,Does not apply,2,Male,4,Aged 16 to 24 years,27128
W92000004,Wales,-8,Does not apply,2,Male,5,Aged 25 to 34 years,27529
W92000004,Wales,-8,Does not apply,2,Male,6,Aged 35 to 49 years,18315
W92000004,Wales,-8,Does not apply,2,Male,7,Aged 50 to 64 years,10065
W92000004,Wales,-8,Does not apply,2,Male,8,Aged 65 to 74 years,3672
W92000004,Wales,-8,Does not apply,2,Male,9,Aged 75 years and over,2438
W92000004,Wales,1,"Outflow: moved out of the area, but within the associated area",1,Female,0,Aged under 1 year,0
W92000004,Wales,1,"Outflow: moved out of the area, but within the associated area",1,Female,1,Aged 1 to 4 years,481
W92000004,Wales,1,"Outflow: moved out of the area, but within the associated area",1,Female,2,Aged 5 to 9 years,444
W92000004,Wales,1,"Outflow: moved out of the area, but within the associated area",1,Female,3,Aged 10 to 15 years,414
W92000004,Wales,1,"Outflow: moved out of the area, but within the associated area",1,Female,4,Aged 16 to 24 years,10332
W92000004,Wales,1,"Outflow: moved out of the area, but within the associated area",1,Female,5,Aged 25 to 34 years,4016
W92000004,Wales,1,"Outflow: moved out of the area, but within the associated area",1,Female,6,Aged 35 to 49 years,1695
W92000004,Wales,1,"Outflow: moved out of the area, but within the associated area",1,Female,7,Aged 50 to 64 years,1476
W92000004,Wales,1,"Outflow: moved out of the area, but within the associated area",1,Female,8,Aged 65 to 74 years,831
W92000004,Wales,1,"Outflow: moved out of the area, but within the associated area",1,Female,9,Aged 75 years and over,806
W92000004,Wales,1,"Outflow: moved out of the area, but within the associated area",2,Male,0,Aged under 1 year,0
W92000004,Wales,1,"Outflow: moved out of the area, but within the associated area",2,Male,1,Aged 1 to 4 years,526
W92000004,Wales,1,"Outflow: moved out of the area, but within the associated area",2,Male,2,Aged 5 to 9 years,458
W92000004,Wales,1,"Outflow: moved out of the area, but within the associated area",2,Male,3,Aged 10 to 15 years,380
W92000004,Wales,1,"Outflow: moved out of the area, but within the associated area",2,Male,4,Aged 16 to 24 years,9660
W92000004,Wales,1,"Outflow: moved out of the area, but within the associated area",2,Male,5,Aged 25 to 34 years,4793
W92000004,Wales,1,"Outflow: moved out of the area, but within the associated area",2,Male,6,Aged 35 to 49 years,2486
W92000004,Wales,1,"Outflow: moved out of the area, but within the associated area",2,Male,7,Aged 50 to 64 years,1554
W92000004,Wales,1,"Outflow: moved out of the area, but within the associated area",2,Male,8,Aged 65 to 74 years,830
W92000004,Wales,1,"Outflow: moved out of the area, but within the associated area",2,Male,9,Aged 75 years and over,549
