Migrant region one year ago code,Migrant region one year ago label,Migration Region (outflow) (3 categories) code,Migration Region (outflow) (3 categories) label,Sex (2 categories) code,Sex (2 categories) label,Age (B) (10 categories) code,Age (B) (10 categories) label,Count
-8,Does not apply,-8,Does not apply,1,Female,0,Aged under 1 year,0
-8,Does not apply,-8,Does not apply,1,Female,1,Aged 1 to 4 years,1102663
-8,Does not apply,-8,Does not apply,1,Female,2,Aged 5 to 9 years,1563985
-8,Does not apply,-8,Does not apply,1,Female,3,Aged 10 to 15 years,1935547
-8,Does not apply,-8,Does not apply,1,Female,4,Aged 16 to 24 years,2232460
-8,Does not apply,-8,Does not apply,1,Female,5,Aged 25 to 34 years,3249922
-8,Does not apply,-8,Does not apply,1,Female,6,Aged 35 to 49 years,5367861
-8,Does not apply,-8,Does not apply,1,Female,7,Aged 50 to 64 years,5616757
-8,Does not apply,-8,Does not apply,1,Female,8,Aged 65 to 74 years,2977404
-8,Does not apply,-8,Does not apply,1,Female,9,Aged 75 years and over,2831123
-8,Does not apply,-8,Does not apply,2,Male,0,Aged under 1 year,0
-8,Does not apply,-8,Does not apply,2,Male,1,Aged 1 to 4 years,1155846
-8,Does not apply,-8,Does not apply,2,Male,2,Aged 5 to 9 years,1641834
-8,Does not apply,-8,Does not apply,2,Male,3,Aged 10 to 15 years,2038334
-8,Does not apply,-8,Does not apply,2,Male,4,Aged 16 to 24 years,2443882
-8,Does not apply,-8,Does not apply,2,Male,5,Aged 25 to 34 years,3033860
-8,Does not apply,-8,Does not apply,2,Male,6,Aged 35 to 49 years,5027575
-8,Does not apply,-8,Does not apply,2,Male,7,Aged 50 to 64 years,5400966
-8,Does not apply,-8,Does not apply,2,Male,8,Aged 65 to 74 years,2752521
-8,Does not apply,-8,Does not apply,2,Male,9,Aged 75 years and over,2159506
-8,Does not apply,1,"Outflow: moved out of the area, but within the associated area",1,Female,0,Aged under 1 year,0
-8,Does not apply,1,"Outflow: moved out of the area, but within the associated area",1,Female,1,Aged 1 to 4 years,0
-8,Does not apply,1,"Outflow: moved out of the area, but within the associated area",1,Female,2,Aged 5 to 9 years,0
-8,Does not apply,1,"Outflow: moved out of the area, but within the associated area",1,Female,3,Aged 10 to 15 years,0
-8,Does not apply,1,"Outflow: moved out of the area, but within the associated area",1,Female,4,Aged 16 to 24 years,0
-8,Does not apply,1,"Outflow: moved out of the area, but within the associated area",1,Female,5,Aged 25 to 34 years,0
-8,Does not apply,1,"Outflow: moved out of the area, but within the associated area",1,Female,6,Aged 35 to 49 years,0
-8,Does not apply,1,"Outflow: moved out of the area, but within the associated area",1,Female,7,Aged 50 to 64 years,0
-8,Does not apply,1,"Outflow: moved out of the area, but within the associated area",1,Female,8,Aged 65 to 74 years,0
-8,Does not apply,1,"Outflow: moved out of the area, but within the associated area",1,Female,9,Aged 75 years and over,0
-8,Does not apply,1,"Outflow: moved out of the area, but within the associated area",2,Male,0,Aged under 1 year,0
-8,Does not apply,1,"Outflow: moved out of the area, but within the associated area",2,Male,1,Aged 1 to 4 years,0
-8,Does not apply,1,"Outflow: moved out of the area, but within the associated area",2,Male,2,Aged 5 to 9 years,0
-8,Does not apply,1,"Outflow: moved out of the area, but within the associated area",2,Male,3,Aged 10 to 15 years,0
-8,Does not apply,1,"Outflow: moved out of the area, but within the associated area",2,Male,4,Aged 16 to 24 years,0
-8,Does not apply,1,"Outflow: moved out of the area, but within the associated area",2,Male,5,Aged 25 to 34 years,0
-8,Does not apply,1,"Outflow: moved out of the area, but within the associated area",2,Male,6,Aged 35 to 49 years,0
-8,Does not apply,1,"Outflow: moved out of the area, but within the associated area",2,Male,7,Aged 50 to 64 years,0
-8,Does not apply,1,"Outflow: moved out of the area, but within the associated area",2,Male,8,Aged 65 to 74 years,0
-8,Does not apply,1,"Outflow: moved out of the area, but within the associated area",2,Male,9,Aged 75 years and over,0
-8,Does not apply,2,"Outflow: moved out of the associated area, but within England and Wales",1,Female,0,Aged under 1 year,0
-8,Does not apply,2,"Outflow: moved out of the associated area, but within England and Wales",1,Female,1,Aged 1 to 4 years,0
-8,Does not apply,2,"Outflow: moved out of the associated area, but within England and Wales",1,Female,2,Aged 5 to 9 years,0
-8,Does not apply,2,"Outflow: moved out of the associated area, but within England and Wales",1,Female,3,Aged 10 to 15 years,0
-8,Does not apply,2,"Outflow: moved out of the associated area, but within England and Wales",1,Female,4,Aged 16 to 24 years,0
-8,Does not apply,2,"Outflow: moved out of the associated area, but within England and Wales",1,Female,5,Aged 25 to 34 years,0
-8,Does not apply,2,"Outflow: moved out of the associated area, but within England and Wales",1,Female,6,Aged 35 to 49 years,0
-8,Does not apply,2,"Outflow: moved out of the associated area, but within England and Wales",1,Female,7,Aged 50 to 64 years,0
-8,Does not apply,2,"Outflow: moved out of the associated area, but within England and Wales",1,Female,8,Aged 65 to 74 years,0
-8,Does not apply,2,"Outflow: moved out of the associated area, but within England and Wales",1,Female,9,Aged 75 years and over,0
-8,Does not apply,2,"Outflow: moved out of the associated area, but within England and Wales",2,Male,0,Aged under 1 year,0
-8,Does not apply,2,"Outflow: moved out of the associated area, but within England and Wales",2,Male,1,Aged 1 to 4 years,0
-8,Does not apply,2,"Outflow: moved out of the associated area, but within England and Wales",2,Male,2,Aged 5 to 9 years,0
-8,Does not apply,2,"Outflow: moved out of the associated area, but within England and Wales",2,Male,3,Aged 10 to 15 years,0
-8,Does not apply,2,"Outflow: moved out of the associated area, but within England and Wales",2,Male,4,Aged 16 to 24 years,0
-8,Does not apply,2,"Outflow: moved out of the associated area, but within England and Wales",2,Male,5,Aged 25 to 34 years,0
-8,Does not apply,2,"Outflow: moved out of the associated area, but within England and Wales",2,Male,6,Aged 35 to 49 years,0
-8,Does not apply,2,"Outflow: moved out of the associated area, but within England and Wales",2,Male,7,Aged 50 to 64 years,0
-8,Does not apply,2,"Outflow: moved out of the associated area, but within England and Wales",2,Male,8,Aged 65 to 74 years,0
-8,Does not apply,2,"Outflow: moved out of the associated area, but within England and Wales",2,Male,9,Aged 75 years and over,0
999999999,Person with migrant origin outside the UK,-8,Does not apply,1,Female,0,Aged under 1 year,0
999999999,Person with migrant origin outside the UK,-8,Does not apply,1,Female,1,Aged 1 to 4 years,12310
999999999,Person with migrant origin outside the UK,-8,Does not apply,1,Female,2,Aged 5 to 9 years,12731
999999999,Person with migrant origin outside the UK,-8,Does not apply,1,Female,3,Aged 10 to 15 years,13093
999999999,Person with migrant origin outside the UK,-8,Does not apply,1,Female,4,Aged 16 to 24 years,71909
999999999,Person with migrant origin outside the UK,-8,Does not apply,1,Female,5,Aged 25 to 34 years,83552
999999999,Person with migrant origin outside the UK,-8,Does not apply,1,Female,6,Aged 35 to 49 years,46467
999999999,Person with migrant origin outside the UK,-8,Does not apply,1,Female,7,Aged 50 to 64 years,22081
999999999,Person with migrant origin outside the UK,-8,Does not apply,1,Female,8,Aged 65 to 74 years,8453
999999999,Person with migrant origin outside the UK,-8,Does not apply,1,Female,9,Aged 75 years and over,4180
999999999,Person with migrant origin outside the UK,-8,Does not apply,2,Male,0,Aged under 1 year,0
999999999,Person with migrant origin outside the UK,-8,Does not apply,2,Male,1,Aged 1 to 4 years,12526
999999999,Person with migrant origin outside the UK,-8,Does not apply,2,Male,2,Aged 5 to 9 years,13157
999999999,Person with migrant origin outside the UK,-8,Does not apply,2,Male,3,Aged 10 to 15 years,13972
999999999,Person with migrant origin outside the UK,-8,Does not apply,2,Male,4,Aged 16 to 24 years,63287
999999999,Person with migrant origin outside the UK,-8,Does not apply,2,Male,5,Aged 25 to 34 years,78937
999999999,Person with migrant origin outside the UK,-8,Does not apply,2,Male,6,Aged 35 to 49 years,51287
999999999,Person with migrant origin outside the UK,-8,Does not apply,2,Male,7,Aged 50 to 64 years,25633
999999999,Person with migrant origin outside the UK,-8,Does not apply,2,Male,8,Aged 65 to 74 years,7737
999999999,Person with migrant origin outside the UK,-8,Does not apply,2,Male,9,Aged 75 years and over,3782
999999999,Person with migrant origin outside the UK,1,"Outflow: moved out of the area, but within the associated area",1,Female,0,Aged under 1 year,0
999999999,Person with migrant origin outside the UK,1,"Outflow: moved out of the area, but within the associated area",1,Female,1,Aged 1 to 4 years,0
999999999,Person with migrant origin outside the UK,1,"Outflow: moved out of the area, but within the associated area",1,Female,2,Aged 5 to 9 years,0
999999999,Person with migrant origin outside the UK,1,"Outflow: moved out of the area, but within the associated area",1,Female,3,Aged 10 to 15 years,0
999999999,Person with migrant origin outside the UK,1,"Outflow: moved out of the area, but within the associated area",1,Female,4,Aged 16 to 24 years,0
999999999,Person with migrant origin outside the UK,1,"Outflow: moved out of the area, but within the associated area",1,Female,5,Aged 25 to 34 years,0
999999999,Person with migrant origin outside the UK,1,"Outflow: moved out of the area, but within the associated area",1,Female,6,Aged 35 to 49 years,0
999999999,Person with migrant origin outside the UK,1,"Outflow: moved out of the area, but within the associated area",1,Female,7,Aged 50 to 64 years,0
999999999,Person with migrant origin outside the UK,1,"Outflow: moved out of the area, but within the associated area",1,Female,8,Aged 65 to 74 years,0
999999999,Person with migrant origin outside the UK,1,"Outflow: moved out of the area, but within the associated area",1,Female,9,Aged 75 years and over,0
999999999,Person with migrant origin outside the UK,1,"Outflow: moved out of the area, but within the associated area",2,Male,0,Aged under 1 year,0
999999999,Person with migrant origin outside the UK,1,"Outflow: moved out of the area, but within the associated area",2,Male,1,Aged 1 to 4 years,0
999999999,Person with migrant origin outside the UK,1,"Outflow: moved out of the area, but within the associated area",2,Male,2,Aged 5 to 9 years,0
999999999,Person with migrant origin outside the UK,1,"Outflow: moved out of the area, but within the associated area",2,Male,3,Aged 10 to 15 years,0
999999999,Person with migrant origin outside the UK,1,"Outflow: moved out of the area, but within the associated area",2,Male,4,Aged 16 to 24 years,0
999999999,Person with migrant origin outside the UK,1,"Outflow: moved out of the area, but within the associated area",2,Male,5,Aged 25 to 34 years,0
999999999,Person with migrant origin outside the UK,1,"Outflow: moved out of the area, but within the associated area",2,Male,6,Aged 35 to 49 years,0
999999999,Person with migrant origin outside the UK,1,"Outflow: moved out of the area, but within the associated area",2,Male,7,Aged 50 to 64 years,0
999999999,Person with migrant origin outside the UK,1,"Outflow: moved out of the area, but within the associated area",2,Male,8,Aged 65 to 74 years,0
999999999,Person with migrant origin outside the UK,1,"Outflow: moved out of the area, but within the associated area",2,Male,9,Aged 75 years and over,0
999999999,Person with migrant origin outside the UK,2,"Outflow: moved out of the associated area, but within England and Wales",1,Female,0,Aged under 1 year,0
999999999,Person with migrant origin outside the UK,2,"Outflow: moved out of the associated area, but within England and Wales",1,Female,1,Aged 1 to 4 years,0
999999999,Person with migrant origin outside the UK,2,"Outflow: moved out of the associated area, but within England and Wales",1,Female,2,Aged 5 to 9 years,0
999999999,Person with migrant origin outside the UK,2,"Outflow: moved out of the associated area, but within England and Wales",1,Female,3,Aged 10 to 15 years,0
999999999,Person with migrant origin outside the UK,2,"Outflow: moved out of the associated area, but within England and Wales",1,Female,4,Aged 16 to 24 years,0
999999999,Person with migrant origin outside the UK,2,"Outflow: moved out of the associated area, but within England and Wales",1,Female,5,Aged 25 to 34 years,0
999999999,Person with migrant origin outside the UK,2,"Outflow: moved out of the associated area, but within England and Wales",1,Female,6,Aged 35 to 49 years,0
999999999,Person with migrant origin outside the UK,2,"Outflow: moved out of the associated area, but within England and Wales",1,Female,7,Aged 50 to 64 years,0
999999999,Person with migrant origin outside the UK,2,"Outflow: moved out of the associated area, but within England and Wales",1,Female,8,Aged 65 to 74 years,0
999999999,Person with migrant origin outside the UK,2,"Outflow: moved out of the associated area, but within England and Wales",1,Female,9,Aged 75 years and over,0
999999999,Person with migrant origin outside the UK,2,"Outflow: moved out of the associated area, but within England and Wales",2,Male,0,Aged under 1 year,0
999999999,Person with migrant origin outside the UK,2,"Outflow: moved out of the associated area, but within England and Wales",2,Male,1,Aged 1 to 4 years,0
999999999,Person with migrant origin outside the UK,2,"Outflow: moved out of the associated area, but within England and Wales",2,Male,2,Aged 5 to 9 years,0
999999999,Person with migrant origin outside the UK,2,"Outflow: moved out of the associated area, but within England and Wales",2,Male,3,Aged 10 to 15 years,0
999999999,Person with migrant origin outside the UK,2,"Outflow: moved out of the associated area, but within England and Wales",2,Male,4,Aged 16 to 24 years,0
999999999,Person with migrant origin outside the UK,2,"Outflow: moved out of the associated area, but within England and Wales",2,Male,5,Aged 25 to 34 years,0
999999999,Person with migrant origin outside the UK,2,"Outflow: moved out of the associated area, but within England and Wales",2,Male,6,Aged 35 to 49 years,0
999999999,Person with migrant origin outside the UK,2,"Outflow: moved out of the associated area, but within England and Wales",2,Male,7,Aged 50 to 64 years,0
999999999,Person with migrant origin outside the UK,2,"Outflow: moved out of the associated area, but within England and Wales",2,Male,8,Aged 65 to 74 years,0
999999999,Person with migrant origin outside the UK,2,"Outflow: moved out of the associated area, but within England and Wales",2,Male,9,Aged 75 years and over,0
E12000001,North East,-8,Does not apply,1,Female,0,Aged under 1 year,0
E12000001,North East,-8,Does not apply,1,Female,1,Aged 1 to 4 years,6538
E12000001,North East,-8,Does not apply,1,Female,2,Aged 5 to 9 years,5583
E12000001,North East,-8,Does not apply,1,Female,3,Aged 10 to 15 years,5208
E12000001,North East,-8,Does not apply,1,Female,4,Aged 16 to 24 years,30781
E12000001,North East,-8,Does not apply,1,Female,5,Aged 25 to 34 years,24051
E12000001,North East,-8,Does not apply,1,Female,6,Aged 35 to 49 years,14561
E12000001,North East,-8,Does not apply,1,Female,7,Aged 50 to 64 years,9675
E12000001,North East,-8,Does not apply,1,Female,8,Aged 65 to 74 years,3523
E12000001,North East,-8,Does not apply,1,Female,9,Aged 75 years and over,3443
E12000001,North East,-8,Does not apply,2,Male,0,Aged under 1 year,0
E12000001,North East,-8,Does not apply,2,Male,1,Aged 1 to 4 years,6916
E12000001,North East,-8,Does not apply,2,Male,2,Aged 5 to 9 years,6129
E12000001,North East,-8,Does not apply,2,Male,3,Aged 10 to 15 years,5401
E12000001,North East,-8,Does not apply,2,Male,4,Aged 16 to 24 years,26133
E12000001,North East,-8,Does not apply,2,Male,5,Aged 25 to 34 years,24619
E12000001,North East,-8,Does not apply,2,Male,6,Aged 35 to 49 years,17730
E12000001,North East,-8,Does not apply,2,Male,7,Aged 50 to 64 years,9638
E12000001,North East,-8,Does not apply,2,Male,8,Aged 65 to 74 years,3427
E12000001,North East,-8,Does not apply,2,Male,9,Aged 75 years and over,2149
E12000001,North East,1,"Outflow: moved out of the area, but within the associated area",1,Female,0,Aged under 1 year,0
E12000001,North East,1,"Outflow: moved out of the area, but within the associated area",1,Female,1,Aged 1 to 4 years,372
E12000001,North East,1,"Outflow: moved out of the area, but within the associated area",1,Female,2,Aged 5 to 9 years,357
E12000001,North East,1,"Outflow: moved out of the area, but within the associated area",1,Female,3,Aged 10 to 15 years,301
E12000001,North East,1,"Outflow: moved out of the area, but within the associated area",1,Female,4,Aged 16 to 24 years,7569
E12000001,North East,1,"Outflow: moved out of the area, but within the associated area",1,Female,5,Aged 25 to 34 years,2490
E12000001,North East,1,"Outflow: moved out of the area, but within the associated area",1,Female,6,Aged 35 to 49 years,1082
E12000001,North East,1,"Outflow: moved out of the area, but within the associated area",1,Female,7,Aged 50 to 64 years,831
E12000001,North East,1,"Outflow: moved out of the area, but within the associated area",1,Female,8,Aged 65 to 74 years,404
E12000001,North East,1,"Outflow: moved out of the area, but within the associated area",1,Female,9,Aged 75 years and over,351
E12000001,North East,1,"Outflow: moved out of the area, but within the associated area",2,Male,0,Aged under 1 year,0
E12000001,North East,1,"Outflow: moved out of the area, but within the associated area",2,Male,1,Aged 1 to 4 years,379
E12000001,North East,1,"Outflow: moved out of the area, but within the associated area",2,Male,2,Aged 5 to 9 years,351
E12000001,North East,1,"Outflow: moved out of the area, but within the associated area",2,Male,3,Aged 10 to 15 years,313
E12000001,North East,1,"Outflow: moved out of the area, but within the associated area",2,Male,4,Aged 16 to 24 years,6623
E12000001,North East,1,"Outflow: moved out of the area, but within the associated area",2,Male,5,Aged 25 to 34 years,3045
E12000001,North East,1,"Outflow: moved out of the area, but within the associated area",2,Male,6,Aged 35 to 49 years,1586
E12000001,North East,1,"Outflow: moved out of the area, but within the associated area",2,Male,7,Aged 50 to 64 years,933
E12000001,North East,1,"Outflow: moved out of the area, but within the associated area",2,Male,8,Aged 65 to 74 years,402
E12000001,North East,1,"Outflow: moved out of the area, but within the associated area",2,Male,9,Aged 75 years and over,235
E12000001,North East,2,"Outflow: moved out of the associated area, but within England and Wales",1,Female,0,Aged under 1 year,0
E12000001,North East,2,"Outflow: moved out of the associated area, but within England and Wales",1,Female,1,Aged 1 to 4 years,6
E12000001,North East,2,"Outflow: moved out of the associated area, but within England and Wales",1,Female,2,Aged 5 to 9 years,3
E12000001,North East,2,"Outflow: moved out of the associated area, but within England and Wales",1,Female,3,Aged 10 to 15 years,9
E12000001,North East,2,"Outflow: moved out of the associated area, but within England and Wales",1,Female,4,Aged 16 to 24 years,147
E12000001,North East,2,"Outflow: moved out of the associated area, but within England and Wales",1,Female,5,Aged 25 to 34 years,54
E12000001,North East,2,"Outflow: moved out of the associated area, but within England and Wales",1,Female,6,Aged 35 to 49 years,21
E12000001,North East,2,"Outflow: moved out of the associated area, but within England and Wales",1,Female,7,Aged 50 to 64 years,23
E12000001,North East,2,"Outflow: moved out of the associated area, but within England and Wales",1,Female,8,Aged 65 to 74 years,19
E12000001,North East,2,"Outflow: moved out of the associated area, but within England and Wales",1,Female,9,Aged 75 years and over,1
E12000001,North East,2,"Outflow: moved out of the associated area, but within England and Wales",2,Male,0,Aged under 1 year,0
E12000001,North East,2,"Outflow: moved out of the associated area, but within England and Wales",2,Male,1,Aged 1 to 4 years,7
E12000001,North East,2,"Outflow: moved out of the associated area, but within England and Wales",2,Male,2,Aged 5 to 9 years,11
E12000001,North East,2,"Outflow: moved out of the associated area, but within England and Wales",2,Male,3,Aged 10 to 15 years,12
E12000001,North East,2,"Outflow: moved out of the associated area, but within England and Wales",2,Male,4,Aged 16 to 24 years,149
E12000001,North East,2,"Outflow: moved out of the associated area, but within England and Wales",2,Male,5,Aged 25 to 34 years,77
E12000001,North East,2,"Outflow: moved out of the associated area, but within England and Wales",2,Male,6,Aged 35 to 49 years,23
E12000001,North East,2,"Outflow: moved out of the associated area, but within England and Wales",2,Male,7,Aged 50 to 64 years,28
E12000001,North East,2,"Outflow: moved out of the associated area, but within England and Wales",2,Male,8,Aged 65 to 74 years,14
E12000001,North East,2,"Outflow: moved out of the associated area, but within England and Wales",2,Male,9,Aged 75 years and over,4
E12000002,North West,-8,Does not apply,1,Female,0,Aged under 1 year,0
E12000002,North West,-8,Does not apply,1,Female,1,Aged 1 to 4 years,17808
E12000002,North West,-8,Does not apply,1,Female,2,Aged 5 to 9 years,15559
E12000002,North West,-8,Does not apply,1,Female,3,Aged 10 to 15 years,14399
E12000002,North West,-8,Does not apply,1,Female,4,Aged 16 to 24 years,77348
E12000002,North West,-8,Does not apply,1,Female,5,Aged 25 to 34 years,75228
E12000002,North West,-8,Does not apply,1,Female,6,Aged 35 to 49 years,42875
E12000002,North West,-8,Does not apply,1,Female,7,Aged 50 to 64 years,25621
E12000002,North West,-8,Does not apply,1,Female,8,Aged 65 to 74 years,8446
E12000002,North West,-8,Does not apply,1,Female,9,Aged 75 years and over,8677
E12000002,North West,-8,Does not apply,2,Male,0,Aged under 1 year,0
E12000002,North West,-8,Does not apply,2,Male,1,Aged 1 to 4 years,18508
E12000002,North West,-8,Does not apply,2,Male,2,Aged 5 to 9 years,15840
E12000002,North West,-8,Does not apply,2,Male,3,Aged 10 to 15 years,14657
E12000002,North West,-8,Does not apply,2,Male,4,Aged 16 to 24 years,62189
E12000002,North West,-8,Does not apply,2,Male,5,Aged 25 to 34 years,76340
E12000002,North West,-8,Does not apply,2,Male,6,Aged 35 to 49 years,53046
E12000002,North West,-8,Does not apply,2,Male,7,Aged 50 to 64 years,27168
E12000002,North West,-8,Does not apply,2,Male,8,Aged 65 to 74 years,8476
E12000002,North West,-8,Does not apply,2,Male,9,Aged 75 years and over,5418
E12000002,North West,1,"Outflow: moved out of the area, but within the associated area",1,Female,0,Aged under 1 year,0
E12000002,North West,1,"Outflow: moved out of the area, but within the associated area",1,Female,1,Aged 1 to 4 years,1011
E12000002,North West,1,"Outflow: moved out of the area, but within the associated area",1,Female,2,Aged 5 to 9 years,812
E12000002,North West,1,"Outflow: moved out of the area, but within the associated area",1,Female,3,Aged 10 to 15 years,826
E12000002,North West,1,"Outflow: moved out of the area, but within the associated area",1,Female,4,Aged 16 to 24 years,18267
E12000002,North West,1,"Outflow: moved out of the area, but within the associated area",1,Female,5,Aged 25 to 34 years,8037
E12000002,North West,1,"Outflow: moved out of the area, but within the associated area",1,Female,6,Aged 35 to 49 years,3468
E12000002,North West,1,"Outflow: moved out of the area, but within the associated area",1,Female,7,Aged 50 to 64 years,2654
E12000002,North West,1,"Outflow: moved out of the area, but within the associated area",1,Female,8,Aged 65 to 74 years,1195
E12000002,North West,1,"Outflow: moved out of the area, but within the associated area",1,Female,9,Aged 75 years and over,1107
E12000002,North West,1,"Outflow: moved out of the area, but within the associated area",2,Male,0,Aged under 1 year,0
E12000002,North West,1,"Outflow: moved out of the area, but within the associated area",2,Male,1,Aged 1 to 4 years,1104
E12000002,North West,1,"Outflow: moved out of the area, but within the associated area",2,Male,2,Aged 5 to 9 years,882
E12000002,North West,1,"Outflow: moved out of the area, but within the associated area",2,Male,3,Aged 10 to 15 years,812
E12000002,North West,1,"Outflow: moved out of the area, but within the associated area",2,Male,4,Aged 16 to 24 years,16416
E12000002,North West,1,"Outflow: moved out of the area, but within the associated area",2,Male,5,Aged 25 to 34 years,9067
E12000002,North West,1,"Outflow: moved out of the area, but within the associated area",2,Male,6,Aged 35 to 49 years,4983
E12000002,North West,1,"Outflow: moved out of the area, but within the associated area",2,Male,7,Aged 50 to 64 years,3054
E12000002,North West,1,"Outflow: moved out of the area, but within the associated area",2,Male,8,Aged 65 to 74 years,1196
E12000002,North West,1,"Outflow: moved out of the area, but within the associated area",2,Male,9,Aged 75 years and over,699
E12000002,North West,2,"Outflow: moved out of the associated area, but within England and Wales",1,Female,0,Aged under 1 year,0
E12000002,North West,2,"Outflow: moved out of the associated area, but within England and Wales",1,Female,1,Aged 1 to 4 years,159
E12000002,North West,2,"Outflow: moved out of the associated area, but within England and Wales",1,Female,2,Aged 5 to 9 years,131
E12000002,North West,2,"Outflow: moved out of the associated area, but within England and Wales",1,Female,3,Aged 10 to 15 years,128
E12000002,North West,2,"Outflow: moved out of the associated area, but within England and Wales",1,Female,4,Aged 16 to 24 years,1286
E12000002,North West,2,"Outflow: moved out of the associated area, but within England and Wales",1,Female,5,Aged 25 to 34 years,936
E12000002,North West,2,"Outflow: moved out of the associated area, but within England and Wales",1,Female,6,Aged 35 to 49 years,566
E12000002,North West,2,"Outflow: moved out of the associated area, but within England and Wales",1,Female,7,Aged 50 to 64 years,685
E12000002,North West,2,"Outflow: moved out of the associated area, but within England and Wales",1,Female,8,Aged 65 to 74 years,233
E12000002,North West,2,"Outflow: moved out of the associated area, but within England and Wales",1,Female,9,Aged 75 years and over,133
E12000002,North West,2,"Outflow: moved out of the associated area, but within England and Wales",2,Male,0,Aged under 1 year,0
E12000002,North West,2,"Outflow: moved out of the associated area, but within England and Wales",2,Male,1,Aged 1 to 4 years,155
E12000002,North West,2,"Outflow: moved out of the associated area, but within England and Wales",2,Male,2,Aged 5 to 9 years,151
E12000002,North West,2,"Outflow: moved out of the associated area, but within England and Wales",2,Male,3,Aged 10 to 15 years,120
E12000002,North West,2,"Outflow: moved out of the associated area, but within England and Wales",2,Male,4,Aged 16 to 24 years,1191
E12000002,North West,2,"Outflow: moved out of the associated area, but within England and Wales",2,Male,5,Aged 25 to 34 years,1079
E12000002,North West,2,"Outflow: moved out of the associated area, but within England and Wales",2,Male,6,Aged 35 to 49 years,752
E12000002,North West,2,"Outflow: moved out of the associated area, but within England and Wales",2,Male,7,Aged 50 to 64 years,750
E12000002,North West,2,"Outflow: moved out of the associated area, but within England and Wales",2,Male,8,Aged 65 to 74 years,258
E12000002,North West,2,"Outflow: moved out of the associated area, but within England and Wales",2,Male,9,Aged 75 years and over,100
E12000003,Yorkshire and The Humber,-8,Does not apply,1,Female,0,Aged under 1 year,0
E12000003,Yorkshire and The Humber,-8,Does not apply,1,Female,1,Aged 1 to 4 years,12874
E12000003,Yorkshire and The Humber,-8,Does not apply,1,Female,2,Aged 5 to 9 years,11356
E12000003,Yorkshire and The Humber,-8,Does not apply,1,Female,3,Aged 10 to 15 years,10693
E12000003,Yorkshire and The Humber,-8,Does not apply,1,Female,4,Aged 16 to 24 years,62959
E12000003,Yorkshire and The Humber,-8,Does not apply,1,Female,5,Aged 25 to 34 years,52816
E12000003,Yorkshire and The Humber,-8,Does not apply,1,Female,6,Aged 35 to 49 years,31042
E12000003,Yorkshire and The Humber,-8,Does not apply,1,Female,7,Aged 50 to 64 years,19713
E12000003,Yorkshire and The Humber,-8,Does not apply,1,Female,8,Aged 65 to 74 years,6707
E12000003,Yorkshire and The Humber,-8,Does not apply,1,Female,9,Aged 75 years and over,6615
E12000003,Yorkshire and The Humber,-8,Does not apply,2,Male,0,Aged under 1 year,0
E12000003,Yorkshire and The Humber,-8,Does not apply,2,Male,1,Aged 1 to 4 years,13953
E12000003,Yorkshire and The Humber,-8,Does not apply,2,Male,2,Aged 5 to 9 years,11724
E12000003,Yorkshire and The Humber,-8,Does not apply,2,Male,3,Aged 10 to 15 years,10949
E12000003,Yorkshire and The Humber,-8,Does not apply,2,Male,4,Aged 16 to 24 years,51854
E12000003,Yorkshire and The Humber,-8,Does not apply,2,Male,5,Aged 25 to 34 years,54968
E12000003,Yorkshire and The Humber,-8,Does not apply,2,Male,6,Aged 35 to 49 years,37806
E12000003,Yorkshire and The Humber,-8,Does not apply,2,Male,7,Aged 50 to 64 years,20362
E12000003,Yorkshire and The Humber,-8,Does not apply,2,Male,8,Aged 65 to 74 years,6582
E12000003,Yorkshire and The Humber,-8,Does not apply,2,Male,9,Aged 75 years and over,4110
E12000003,Yorkshire and The Humber,1,"Outflow: moved out of the area, but within the associated area",1,Female,0,Aged under 1 year,0
E12000003,Yorkshire and The Humber,1,"Outflow: moved out of the area, but within the associated area",1,Female,1,Aged 1 to 4 years,1076
E12000003,Yorkshire and The Humber,1,"Outflow: moved out of the area, but within the associated area",1,Female,2,Aged 5 to 9 years,940
E12000003,Yorkshire and The Humber,1,"Outflow: moved out of the area, but within the associated area",1,Female,3,Aged 10 to 15 years,875
E12000003,Yorkshire and The Humber,1,"Outflow: moved out of the area, but within the associated area",1,Female,4,Aged 16 to 24 years,19558
E12000003,Yorkshire and The Humber,1,"Outflow: moved out of the area, but within the associated area",1,Female,5,Aged 25 to 34 years,7851
E12000003,Yorkshire and The Humber,1,"Outflow: moved out of the area, but within the associated area",1,Female,6,Aged 35 to 49 years,3440
E12000003,Yorkshire and The Humber,1,"Outflow: moved out of the area, but within the associated area",1,Female,7,Aged 50 to 64 years,2766
E12000003,Yorkshire and The Humber,1,"Outflow: moved out of the area, but within the associated area",1,Female,8,Aged 65 to 74 years,1228
E12000003,Yorkshire and The Humber,1,"Outflow: moved out of the area, but within the associated area",1,Female,9,Aged 75 years and over,884
E12000003,Yorkshire and The Humber,1,"Outflow: moved out of the area, but within the associated area",2,Male,0,Aged under 1 year,0
E12000003,Yorkshire and The Humber,1,"Outflow: moved out of the area, but within the associated area",2,Male,1,Aged 1 to 4 years,1251
E12000003,Yorkshire and The Humber,1,"Outflow: moved out of the area, but within the associated area",2,Male,2,Aged 5 to 9 years,935
E12000003,Yorkshire and The Humber,1,"Outflow: moved out of the area, but within the associated area",2,Male,3,Aged 10 to 15 years,935
E12000003,Yorkshire and The Humber,1,"Outflow: moved out of the area, but within the associated area",2,Male,4,Aged 16 to 24 years,17941
E12000003,Yorkshire and The Humber,1,"Outflow: moved out of the area, but within the associated area",2,Male,5,Aged 25 to 34 years,8934
E12000003,Yorkshire and The Humber,1,"Outflow: moved out of the area, but within the associated area",2,Male,6,Aged 35 to 49 years,4518
E12000003,Yorkshire and The Humber,1,"Outflow: moved out of the area, but within the associated area",2,Male,7,Aged 50 to 64 years,2925
E12000003,Yorkshire and The Humber,1,"Outflow: moved out of the area, but within the associated area",2,Male,8,Aged 65 to 74 years,1203
E12000003,Yorkshire and The Humber,1,"Outflow: moved out of the area, but within the associated area",2,Male,9,Aged 75 years and over,597
E12000003,Yorkshire and The Humber,2,"Outflow: moved out of the associated area, but within England and Wales",1,Female,0,Aged under 1 year,0
E12000003,Yorkshire and The Humber,2,"Outflow: moved out of the associated area, but within England and Wales",1,Female,1,Aged 1 to 4 years,19
E12000003,Yorkshire and The Humber,2,"Outflow: moved out of the associated area, but within England and Wales",1,Female,2,Aged 5 to 9 years,21
E12000003,Yorkshire and The Humber,2,"Outflow: moved out of the associated area, but within England and Wales",1,Female,3,Aged 10 to 15 years,20
E12000003,Yorkshire and The Humber,2,"Outflow: moved out of the associated area, but within England and Wales",1,Female,4,Aged 16 to 24 years,381
E12000003,Yorkshire and The Humber,2,"Outflow: moved out of the associated area, but within England and Wales",1,Female,5,Aged 25 to 34 years,183
E12000003,Yorkshire and The Humber,2,"Outflow: moved out of the associated area, but within England and Wales",1,Female,6,Aged 35 to 49 years,91
E12000003,Yorkshire and The Humber,2,"Outflow: moved out of the associated area, but within England and Wales",1,Female,7,Aged 50 to 64 years,91
E12000003,Yorkshire and The Humber,2,"Outflow: moved out of the associated area, but within England and Wales",1,Female,8,Aged 65 to 74 years,42
E12000003,Yorkshire and The Humber,2,"Outflow: moved out of the associated area, but within England and Wales",1,Female,9,Aged 75 years and over,28
E12000003,Yorkshire and The Humber,2,"Outflow: moved out of the associated area, but within England and Wales",2,Male,0,Aged under 1 year,0
E12000003,Yorkshire and The Humber,2,"Outflow: moved out of the associated area, but within England and Wales",2,Male,1,Aged 1 to 4 years,29
E12000003,Yorkshire and The Humber,2,"Outflow: moved out of the associated area, but within England and Wales",2,Male,2,Aged 5 to 9 years,23
E12000003,Yorkshire and The Humber,2,"Outflow: moved out of the associated area, but within England and Wales",2,Male,3,Aged 10 to 15 years,27
E12000003,Yorkshire and The Humber,2,"Outflow: moved out of the associated area, but within England and Wales",2,Male,4,Aged 16 to 24 years,395
E12000003,Yorkshire and The Humber,2,"Outflow: moved out of the associated area, but within England and Wales",2,Male,5,Aged 25 to 34 years,233
E12000003,Yorkshire and The Humber,2,"Outflow: moved out of the associated area, but within England and Wales",2,Male,6,Aged 35 to 49 years,120
E12000003,Yorkshire and The Humber,2,"Outflow: moved out of the associated area, but within England and Wales",2,Male,7,Aged 50 to 64 years,119
E12000003,Yorkshire and The Humber,2,"Outflow: moved out of the associated area, but within England and Wales",2,Male,8,Aged 65 to 74 years,53
E12000003,Yorkshire and The Humber,2,"Outflow: moved out of the associated area, but within England and Wales",2,Male,9,Aged 75 years and over,17
E12000004,East Midlands,-8,Does not apply,1,Female,0,Aged under 1 year,0
E12000004,East Midlands,-8,Does not apply,1,Female,1,Aged 1 to 4 years,11065
E12000004,East Midlands,-8,Does not apply,1,Female,2,Aged 5 to 9 years,10238
E12000004,East Midlands,-8,Does not apply,1,Female,3,Aged 10 to 15 years,9754
E12000004,East Midlands,-8,Does not apply,1,Female,4,Aged 16 to 24 years,52586
E12000004,East Midlands,-8,Does not apply,1,Female,5,Aged 25 to 34 years,43591
E12000004,East Midlands,-8,Does not apply,1,Female,6,Aged 35 to 49 years,28568
E12000004,East Midlands,-8,Does not apply,1,Female,7,Aged 50 to 64 years,17788
E12000004,East Midlands,-8,Does not apply,1,Female,8,Aged 65 to 74 years,5622
E12000004,East Midlands,-8,Does not apply,1,Female,9,Aged 75 years and over,5607
E12000004,East Midlands,-8,Does not apply,2,Male,0,Aged under 1 year,0
E12000004,East Midlands,-8,Does not apply,2,Male,1,Aged 1 to 4 years,11647
E12000004,East Midlands,-8,Does not apply,2,Male,2,Aged 5 to 9 years,10583
E12000004,East Midlands,-8,Does not apply,2,Male,3,Aged 10 to 15 years,9952
E12000004,East Midlands,-8,Does not apply,2,Male,4,Aged 16 to 24 years,45079
E12000004,East Midlands,-8,Does not apply,2,Male,5,Aged 25 to 34 years,45247
E12000004,East Midlands,-8,Does not apply,2,Male,6,Aged 35 to 49 years,33517
E12000004,East Midlands,-8,Does not apply,2,Male,7,Aged 50 to 64 years,18252
E12000004,East Midlands,-8,Does not apply,2,Male,8,Aged 65 to 74 years,5568
E12000004,East Midlands,-8,Does not apply,2,Male,9,Aged 75 years and over,3666
E12000004,East Midlands,1,"Outflow: moved out of the area, but within the associated area",1,Female,0,Aged under 1 year,0
E12000004,East Midlands,1,"Outflow: moved out of the area, but within the associated area",1,Female,1,Aged 1 to 4 years,1315
E12000004,East Midlands,1,"Outflow: moved out of the area, but within the associated area",1,Female,2,Aged 5 to 9 years,1041
E12000004,East Midlands,1,"Outflow: moved out of the area, but within the associated area",1,Female,3,Aged 10 to 15 years,1012
E12000004,East Midlands,1,"Outflow: moved out of the area, but within the associated area",1,Female,4,Aged 16 to 24 years,21278
E12000004,East Midlands,1,"Outflow: moved out of the area, but within the associated area",1,Female,5,Aged 25 to 34 years,8669
E12000004,East Midlands,1,"Outflow: moved out of the area, but within the associated area",1,Female,6,Aged 35 to 49 years,4162
E12000004,East Midlands,1,"Outflow: moved out of the area, but within the associated area",1,Female,7,Aged 50 to 64 years,3651
E12000004,East Midlands,1,"Outflow: moved out of the area, but within the associated area",1,Female,8,Aged 65 to 74 years,1589
E12000004,East Midlands,1,"Outflow: moved out of the area, but within the associated area",1,Female,9,Aged 75 years and over,1436
E12000004,East Midlands,1,"Outflow: moved out of the area, but within the associated area",2,Male,0,Aged under 1 year,0
E12000004,East Midlands,1,"Outflow: moved out of the area, but within the associated area",2,Male,1,Aged 1 to 4 years,1343
E12000004,East Midlands,1,"Outflow: moved out of the area, but within the associated area",2,Male,2,Aged 5 to 9 years,1182
E12000004,East Midlands,1,"Outflow: moved out of the area, but within the associated area",2,Male,3,Aged 10 to 15 years,1111
E12000004,East Midlands,1,"Outflow: moved out of the area, but within the associated area",2,Male,4,Aged 16 to 24 years,19291
E12000004,East Midlands,1,"Outflow: moved out of the area, but within the associated area",2,Male,5,Aged 25 to 34 years,9895
E12000004,East Midlands,1,"Outflow: moved out of the area, but within the associated area",2,Male,6,Aged 35 to 49 years,5570
E12000004,East Midlands,1,"Outflow: moved out of the area, but within the associated area",2,Male,7,Aged 50 to 64 years,3921
E12000004,East Midlands,1,"Outflow: moved out of the area, but within the associated area",2,Male,8,Aged 65 to 74 years,1553
E12000004,East Midlands,1,"Outflow: moved out of the area, but within the associated area",2,Male,9,Aged 75 years and over,932
E12000004,East Midlands,2,"Outflow: moved out of the associated area, but within England and Wales",1,Female,0,Aged under 1 year,0
E12000004,East Midlands,2,"Outflow: moved out of the associated area, but within England and Wales",1,Female,1,Aged 1 to 4 years,42
E12000004,East Midlands,2,"Outflow: moved out of the associated area, but within England and Wales",1,Female,2,Aged 5 to 9 years,34
E12000004,East Midlands,2,"Outflow: moved out of the associated area, but within England and Wales",1,Female,3,Aged 10 to 15 years,41
E12000004,East Midlands,2,"Outflow: moved out of the associated area, but within England and Wales",1,Female,4,Aged 16 to 24 years,571
E12000004,East Midlands,2,"Outflow: moved out of the associated area, but within England and Wales",1,Female,5,Aged 25 to 34 years,213
E12000004,East Midlands,2,"Outflow: moved out of the associated area, but within England and Wales",1,Female,6,Aged 35 to 49 years,153
E12000004,East Midlands,2,"Outflow: moved out of the associated area, but within England and Wales",1,Female,7,Aged 50 to 64 years,202
E12000004,East Midlands,2,"Outflow: moved out of the associated area, but within England and Wales",1,Female,8,Aged 65 to 74 years,81
E12000004,East Midlands,2,"Outflow: moved out of the associated area, but within England and Wales",1,Female,9,Aged 75 years and over,48
E12000004,East Midlands,2,"Outflow: moved out of the associated area, but within England and Wales",2,Male,0,Aged under 1 year,0
E12000004,East Midlands,2,"Outflow: moved out of the associated area, but within England and Wales",2,Male,1,Aged 1 to 4 years,33
E12000004,East Midlands,2,"Outflow: moved out of the associated area, but within England and Wales",2,Male,2,Aged 5 to 9 years,34
E12000004,East Midlands,2,"Outflow: moved out of the associated area, but within England and Wales",2,Male,3,Aged 10 to 15 years,24
E12000004,East Midlands,2,"Outflow: moved out of the associated area, but within England and Wales",2,Male,4,Aged 16 to 24 years,548
E12000004,East Midlands,2,"Outflow: moved out of the associated area, but within England and Wales",2,Male,5,Aged 25 to 34 years,286
E12000004,East Midlands,2,"Outflow: moved out of the associated area, but within England and Wales",2,Male,6,Aged 35 to 49 years,170
E12000004,East Midlands,2,"Outflow: moved out of the associated area, but within England and Wales",2,Male,7,Aged 50 to 64 years,217
E12000004,East Midlands,2,"Outflow: moved out of the associated area, but within England and Wales",2,Male,8,Aged 65 to 74 years,74
E12000004,East Midlands,2,"Outflow: moved out of the associated area, but within England and Wales",2,Male,9,Aged 75 years and over,40
E12000005,West Midlands,-8,Does not apply,1,Female,0,Aged under 1 year,0
E12000005,West Midlands,-8,Does not apply,1,Female,1,Aged 1 to 4 years,14655
E12000005,West Midlands,-8,Does not apply,1,Female,2,Aged 5 to 9 years,13070
E12000005,West Midlands,-8,Does not apply,1,Female,3,Aged 10 to 15 years,11911
E12000005,West Midlands,-8,Does not apply,1,Female,4,Aged 16 to 24 years,50966
E12000005,West Midlands,-8,Does not apply,1,Female,5,Aged 25 to 34 years,54756
E12000005,West Midlands,-8,Does not apply,1,Female,6,Aged 35 to 49 years,34284
E12000005,West Midlands,-8,Does not apply,1,Female,7,Aged 50 to 64 years,19517
E12000005,West Midlands,-8,Does not apply,1,Female,8,Aged 65 to 74 years,6243
E12000005,West Midlands,-8,Does not apply,1,Female,9,Aged 75 years and over,6894
E12000005,West Midlands,-8,Does not apply,2,Male,0,Aged under 1 year,0
E12000005,West Midlands,-8,Does not apply,2,Male,1,Aged 1 to 4 years,15619
E12000005,West Midlands,-8,Does not apply,2,Male,2,Aged 5 to 9 years,13763
E12000005,West Midlands,-8,Does not apply,2,Male,3,Aged 10 to 15 years,12588
E12000005,West Midlands,-8,Does not apply,2,Male,4,Aged 16 to 24 years,42649
E12000005,West Midlands,-8,Does not apply,2,Male,5,Aged 25 to 34 years,55086
E12000005,West Midlands,-8,Does not apply,2,Male,6,Aged 35 to 49 years,41267
E12000005,West Midlands,-8,Does not apply,2,Male,7,Aged 50 to 64 years,20948
E12000005,West Midlands,-8,Does not apply,2,Male,8,Aged 65 to 74 years,6071
E12000005,West Midlands,-8,Does not apply,2,Male,9,Aged 75 years and over,4371
E12000005,West Midlands,1,"Outflow: moved out of the area, but within the associated area",1,Female,0,Aged under 1 year,0
E12000005,West Midlands,1,"Outflow: moved out of the area, but within the associated area",1,Female,1,Aged 1 to 4 years,1300
E12000005,West Midlands,1,"Outflow: moved out of the area, but within the associated area",1,Female,2,Aged 5 to 9 years,1081
E12000005,West Midlands,1,"Outflow: moved out of the area, but within the associated area",1,Female,3,Aged 10 to 15 years,1023
E12000005,West Midlands,1,"Outflow: moved out of the area, but within the associated area",1,Female,4,Aged 16 to 24 years,20860
E12000005,West Midlands,1,"Outflow: moved out of the area, but within the associated area",1,Female,5,Aged 25 to 34 years,8708
E12000005,West Midlands,1,"Outflow: moved out of the area, but within the associated area",1,Female,6,Aged 35 to 49 years,4098
E12000005,West Midlands,1,"Outflow: moved out of the area, but within the associated area",1,Female,7,Aged 50 to 64 years,3406
E12000005,West Midlands,1,"Outflow: moved out of the area, but within the associated area",1,Female,8,Aged 65 to 74 years,1366
E12000005,West Midlands,1,"Outflow: moved out of the area, but within the associated area",1,Female,9,Aged 75 years and over,1093
E12000005,West Midlands,1,"Outflow: moved out of the area, but within the associated area",2,Male,0,Aged under 1 year,0
E12000005,West Midlands,1,"Outflow: moved out of the area, but within the associated area",2,Male,1,Aged 1 to 4 years,1373
E12000005,West Midlands,1,"Outflow: moved out of the area, but within the associated area",2,Male,2,Aged 5 to 9 years,1151
E12000005,West Midlands,1,"Outflow: moved out of the area, but within the associated area",2,Male,3,Aged 10 to 15 years,1019
E12000005,West Midlands,1,"Outflow: moved out of the area, but within the associated area",2,Male,4,Aged 16 to 24 years,19094
E12000005,West Midlands,1,"Outflow: moved out of the area, but within the associated area",2,Male,5,Aged 25 to 34 years,9775
E12000005,West Midlands,1,"Outflow: moved out of the area, but within the associated area",2,Male,6,Aged 35 to 49 years,5337
E12000005,West Midlands,1,"Outflow: moved out of the area, but within the associated area",2,Male,7,Aged 50 to 64 years,3618
E12000005,West Midlands,1,"Outflow: moved out of the area, but within the associated area",2,Male,8,Aged 65 to 74 years,1375
E12000005,West Midlands,1,"Outflow: moved out of the area, but within the associated area",2,Male,9,Aged 75 years and over,740
E12000005,West Midlands,2,"Outflow: moved out of the associated area, but within England and Wales",1,Female,0,Aged under 1 year,0
E12000005,West Midlands,2,"Outflow: moved out of the associated area, but within England and Wales",1,Female,1,Aged 1 to 4 years,102
E12000005,West Midlands,2,"Outflow: moved out of the associated area, but within England and Wales",1,Female,2,Aged 5 to 9 years,117
E12000005,West Midlands,2,"Outflow: moved out of the associated area, but within England and Wales",1,Female,3,Aged 10 to 15 years,110
E12000005,West Midlands,2,"Outflow: moved out of the associated area, but within England and Wales",1,Female,4,Aged 16 to 24 years,1565
E12000005,West Midlands,2,"Outflow: moved out of the associated area, but within England and Wales",1,Female,5,Aged 25 to 34 years,613
E12000005,West Midlands,2,"Outflow: moved out of the associated area, but within England and Wales",1,Female,6,Aged 35 to 49 years,446
E12000005,West Midlands,2,"Outflow: moved out of the associated area, but within England and Wales",1,Female,7,Aged 50 to 64 years,593
E12000005,West Midlands,2,"Outflow: moved out of the associated area, but within England and Wales",1,Female,8,Aged 65 to 74 years,252
E12000005,West Midlands,2,"Outflow: moved out of the associated area, but within England and Wales",1,Female,9,Aged 75 years and over,152
E12000005,West Midlands,2,"Outflow: moved out of the associated area, but within England and Wales",2,Male,0,Aged under 1 year,0
E12000005,West Midlands,2,"Outflow: moved out of the associated area, but within England and Wales",2,Male,1,Aged 1 to 4 years,143
E12000005,West Midlands,2,"Outflow: moved out of the associated area, but within England and Wales",2,Male,2,Aged 5 to 9 years,141
E12000005,West Midlands,2,"Outflow: moved out of the associated area, but within England and Wales",2,Male,3,Aged 10 to 15 years,135
E12000005,West Midlands,2,"Outflow: moved out of the associated area, but within England and Wales",2,Male,4,Aged 16 to 24 years,1609
E12000005,West Midlands,2,"Outflow: moved out of the associated area, but within England and Wales",2,Male,5,Aged 25 to 34 years,682
E12000005,West Midlands,2,"Outflow: moved out of the associated area, but within England and Wales",2,Male,6,Aged 35 to 49 years,518
E12000005,West Midlands,2,"Outflow: moved out of the associated area, but within England and Wales",2,Male,7,Aged 50 to 64 years,573
E12000005,West Midlands,2,"Outflow: moved out of the associated area, but within England and Wales",2,Male,8,Aged 65 to 74 years,280
E12000005,West Midlands,2,"Outflow: moved out of the associated area, but within England and Wales",2,Male,9,Aged 75 years and over,121
E12000006,East of England,-8,Does not apply,1,Female,0,Aged under 1 year,0
E12000006,East of England,-8,Does not apply,1,Female,1,Aged 1 to 4 years,15482
E12000006,East of England,-8,Does not apply,1,Female,2,Aged 5 to 9 years,13296
E12000006,East of England,-8,Does not apply,1,Female,3,Aged 10 to 15 years,12697
E12000006,East of England,-8,Does not apply,1,Female,4,Aged 16 to 24 years,43659
E12000006,East of England,-8,Does not apply,1,Female,5,Aged 25 to 34 years,60880
E12000006,East of England,-8,Does not apply,1,Female,6,Aged 35 to 49 years,40684
E12000006,East of England,-8,Does not apply,1,Female,7,Aged 50 to 64 years,23818
E12000006,East of England,-8,Does not apply,1,Female,8,Aged 65 to 74 years,7885
E12000006,East of England,-8,Does not apply,1,Female,9,Aged 75 years and over,8150
E12000006,East of England,-8,Does not apply,2,Male,0,Aged under 1 year,0
E12000006,East of England,-8,Does not apply,2,Male,1,Aged 1 to 4 years,16031
E12000006,East of England,-8,Does not apply,2,Male,2,Aged 5 to 9 years,14114
E12000006,East of England,-8,Does not apply,2,Male,3,Aged 10 to 15 years,12867
E12000006,East of England,-8,Does not apply,2,Male,4,Aged 16 to 24 years,36583
E12000006,East of England,-8,Does not apply,2,Male,5,Aged 25 to 34 years,60267
E12000006,East of England,-8,Does not apply,2,Male,6,Aged 35 to 49 years,47836
E12000006,East of England,-8,Does not apply,2,Male,7,Aged 50 to 64 years,24965
E12000006,East of England,-8,Does not apply,2,Male,8,Aged 65 to 74 years,7685
E12000006,East of England,-8,Does not apply,2,Male,9,Aged 75 years and over,5219
E12000006,East of England,1,"Outflow: moved out of the area, but within the associated area",1,Female,0,Aged under 1 year,0
E12000006,East of England,1,"Outflow: moved out of the area, but within the associated area",1,Female,1,Aged 1 to 4 years,2184
E12000006,East of England,1,"Outflow: moved out of the area, but within the associated area",1,Female,2,Aged 5 to 9 years,1777
E12000006,East of England,1,"Outflow: moved out of the area, but within the associated area",1,Female,3,Aged 10 to 15 years,1744
E12000006,East of England,1,"Outflow: moved out of the area, but within the associated area",1,Female,4,Aged 16 to 24 years,26425
E12000006,East of England,1,"Outflow: moved out of the area, but within the associated area",1,Female,5,Aged 25 to 34 years,14194
E12000006,East of England,1,"Outflow: moved out of the area, but within the associated area",1,Female,6,Aged 35 to 49 years,7408
E12000006,East of England,1,"Outflow: moved out of the area, but within the associated area",1,Female,7,Aged 50 to 64 years,5607
E12000006,East of England,1,"Outflow: moved out of the area, but within the associated area",1,Female,8,Aged 65 to 74 years,2178
E12000006,East of England,1,"Outflow: moved out of the area, but within the associated area",1,Female,9,Aged 75 years and over,1677
E12000006,East of England,1,"Outflow: moved out of the area, but within the associated area",2,Male,0,Aged under 1 year,0
E12000006,East of England,1,"Outflow: moved out of the area, but within the associated area",2,Male,1,Aged 1 to 4 years,2503
E12000006,East of England,1,"Outflow: moved out of the area, but within the associated area",2,Male,2,Aged 5 to 9 years,1950
E12000006,East of England,1,"Outflow: moved out of the area, but within the associated area",2,Male,3,Aged 10 to 15 years,1762
E12000006,East of England,1,"Outflow: moved out of the area, but within the associated area",2,Male,4,Aged 16 to 24 years,24335
E12000006,East of England,1,"Outflow: moved out of the area, but within the associated area",2,Male,5,Aged 25 to 34 years,15128
E12000006,East of England,1,"Outflow: moved out of the area, but within the associated area",2,Male,6,Aged 35 to 49 years,9298
E12000006,East of England,1,"Outflow: moved out of the area, but within the associated area",2,Male,7,Aged 50 to 64 years,5839
E12000006,East of England,1,"Outflow: moved out of the area, but within the associated area",2,Male,8,Aged 65 to 74 years,2225
E12000006,East of England,1,"Outflow: moved out of the area, but within the associated area",2,Male,9,Aged 75 years and over,1212
E12000006,East of England,2,"Outflow: moved out of the associated area, but within England and Wales",1,Female,0,Aged under 1 year,0
E12000006,East of England,2,"Outflow: moved out of the associated area, but within England and Wales",1,Female,1,Aged 1 to 4 years,61
E12000006,East of England,2,"Outflow: moved out of the associated area, but within England and Wales",1,Female,2,Aged 5 to 9 years,44
E12000006,East of England,2,"Outflow: moved out of the associated area, but within England and Wales",1,Female,3,Aged 10 to 15 years,54
E12000006,East of England,2,"Outflow: moved out of the associated area, but within England and Wales",1,Female,4,Aged 16 to 24 years,670
E12000006,East of England,2,"Outflow: moved out of the associated area, but within England and Wales",1,Female,5,Aged 25 to 34 years,278
E12000006,East of England,2,"Outflow: moved out of the associated area, but within England and Wales",1,Female,6,Aged 35 to 49 years,215
E12000006,East of England,2,"Outflow: moved out of the associated area, but within England and Wales",1,Female,7,Aged 50 to 64 years,258
E12000006,East of England,2,"Outflow: moved out of the associated area, but within England and Wales",1,Female,8,Aged 65 to 74 years,92
E12000006,East of England,2,"Outflow: moved out of the associated area, but within England and Wales",1,Female,9,Aged 75 years and over,73
E12000006,East of England,2,"Outflow: moved out of the associated area, but within England and Wales",2,Male,0,Aged under 1 year,0
E12000006,East of England,2,"Outflow: moved out of the associated area, but within England and Wales",2,Male,1,Aged 1 to 4 years,67
E12000006,East of England,2,"Outflow: moved out of the associated area, but within England and Wales",2,Male,2,Aged 5 to 9 years,50
E12000006,East of England,2,"Outflow: moved out of the associated area, but within England and Wales",2,Male,3,Aged 10 to 15 years,43
E12000006,East of England,2,"Outflow: moved out of the associated area, but within England and Wales",2,Male,4,Aged 16 to 24 years,743
E12000006,East of England,2,"Outflow: moved out of the associated area, but within England and Wales",2,Male,5,Aged 25 to 34 years,361
E12000006,East of England,2,"Outflow: moved out of the associated area, but within England and Wales",2,Male,6,Aged 35 to 49 years,233
E12000006,East of England,2,"Outflow: moved out of the associated area, but within England and Wales",2,Male,7,Aged 50 to 64 years,253
E12000006,East of England,2,"Outflow: moved out of the associated area, but within England and Wales",2,Male,8,Aged 65 to 74 years,82
E12000006,East of England,2,"Outflow: moved out of the associated area, but within England and Wales",2,Male,9,Aged 75 years and over,47
E12000007,London,-8,Does not apply,1,Female,0,Aged under 1 year,0
E12000007,London,-8,Does not apply,1,Female,1,Aged 1 to 4 years,23221
E12000007,London,-8,Does not apply,1,Female,2,Aged 5 to 9 years,18826
E12000007,London,-8,Does not apply,1,Female,3,Aged 10 to 15 years,16968
E12000007,London,-8,Does not apply,1,Female,4,Aged 16 to 24 years,76159
E12000007,London,-8,Does not apply,1,Female,5,Aged 25 to 34 years,173596
E12000007,London,-8,Does not apply,1,Female,6,Aged 35 to 49 years,86361
E12000007,London,-8,Does not apply,1,Female,7,Aged 50 to 64 years,24856
E12000007,London,-8,Does not apply,1,Female,8,Aged 65 to 74 years,5463
E12000007,London,-8,Does not apply,1,Female,9,Aged 75 years and over,4816
E12000007,London,-8,Does not apply,2,Male,0,Aged under 1 year,0
E12000007,London,-8,Does not apply,2,Male,1,Aged 1 to 4 years,24536
E12000007,London,-8,Does not apply,2,Male,2,Aged 5 to 9 years,19344
E12000007,London,-8,Does not apply,2,Male,3,Aged 10 to 15 years,17589
E12000007,London,-8,Does not apply,2,Male,4,Aged 16 to 24 years,58635
E12000007,London,-8,Does not apply,2,Male,5,Aged 25 to 34 years,156412
E12000007,London,-8,Does not apply,2,Male,6,Aged 35 to 49 years,98726
E12000007,London,-8,Does not apply,2,Male,7,Aged 50 to 64 years,29611
E12000007,London,-8,Does not apply,2,Male,8,Aged 65 to 74 years,5218
E12000007,London,-8,Does not apply,2,Male,9,Aged 75 years and over,3160
E12000007,London,1,"Outflow: moved out of the area, but within the associated area",1,Female,0,Aged under 1 year,0
E12000007,London,1,"Outflow: moved out of the area, but within the associated area",1,Female,1,Aged 1 to 4 years,9153
E12000007,London,1,"Outflow: moved out of the area, but within the associated area",1,Female,2,Aged 5 to 9 years,6022
E12000007,London,1,"Outflow: moved out of the area, but within the associated area",1,Female,3,Aged 10 to 15 years,5179
E12000007,London,1,"Outflow: moved out of the area, but within the associated area",1,Female,4,Aged 16 to 24 years,39006
E12000007,London,1,"Outflow: moved out of the area, but within the associated area",1,Female,5,Aged 25 to 34 years,51605
E12000007,London,1,"Outflow: moved out of the area, but within the associated area",1,Female,6,Aged 35 to 49 years,30596
E12000007,London,1,"Outflow: moved out of the area, but within the associated area",1,Female,7,Aged 50 to 64 years,13949
E12000007,London,1,"Outflow: moved out of the area, but within the associated area",1,Female,8,Aged 65 to 74 years,4785
E12000007,London,1,"Outflow: moved out of the area, but within the associated area",1,Female,9,Aged 75 years and over,3050
E12000007,London,1,"Outflow: moved out of the area, but within the associated area",2,Male,0,Aged under 1 year,0
E12000007,London,1,"Outflow: moved out of the area, but within the associated area",2,Male,1,Aged 1 to 4 years,9851
E12000007,London,1,"Outflow: moved out of the area, but within the associated area",2,Male,2,Aged 5 to 9 years,6066
E12000007,London,1,"Outflow: moved out of the area, but within the associated area",2,Male,3,Aged 10 to 15 years,5510
E12000007,London,1,"Outflow: moved out of the area, but within the associated area",2,Male,4,Aged 16 to 24 years,34763
E12000007,London,1,"Outflow: moved out of the area, but within the associated area",2,Male,5,Aged 25 to 34 years,48016
E12000007,London,1,"Outflow: moved out of the area, but within the associated area",2,Male,6,Aged 35 to 49 years,35791
E12000007,London,1,"Outflow: moved out of the area, but within the associated area",2,Male,7,Aged 50 to 64 years,14727
E12000007,London,1,"Outflow: moved out of the area, but within the associated area",2,Male,8,Aged 65 to 74 years,4749
E12000007,London,1,"Outflow: moved out of the area, but within the associated area",2,Male,9,Aged 75 years and over,2038
E12000007,London,2,"Outflow: moved out of the associated area, but within England and Wales",1,Female,0,Aged under 1 year,0
E12000007,London,2,"Outflow: moved out of the associated area, but within England and Wales",1,Female,1,Aged 1 to 4 years,123
E12000007,London,2,"Outflow: moved out of the associated area, but within England and Wales",1,Female,2,Aged 5 to 9 years,61
E12000007,London,2,"Outflow: moved out of the associated area, but within England and Wales",1,Female,3,Aged 10 to 15 years,56
E12000007,London,2,"Outflow: moved out of the associated area, but within England and Wales",1,Female,4,Aged 16 to 24 years,975
E12000007,London,2,"Outflow: moved out of the associated area, but within England and Wales",1,Female,5,Aged 25 to 34 years,1104
E12000007,London,2,"Outflow: moved out of the associated area, but within England and Wales",1,Female,6,Aged 35 to 49 years,541
E12000007,London,2,"Outflow: moved out of the associated area, but within England and Wales",1,Female,7,Aged 50 to 64 years,313
E12000007,London,2,"Outflow: moved out of the associated area, but within England and Wales",1,Female,8,Aged 65 to 74 years,109
E12000007,London,2,"Outflow: moved out of the associated area, but within England and Wales",1,Female,9,Aged 75 years and over,68
E12000007,London,2,"Outflow: moved out of the associated area, but within England and Wales",2,Male,0,Aged under 1 year,0
E12000007,London,2,"Outflow: moved out of the associated area, but within England and Wales",2,Male,1,Aged 1 to 4 years,109
E12000007,London,2,"Outflow: moved out of the associated area, but within England and Wales",2,Male,2,Aged 5 to 9 years,81
E12000007,London,2,"Outflow: moved out of the associated area, but within England and Wales",2,Male,3,Aged 10 to 15 years,69
E12000007,London,2,"Outflow: moved out of the associated area, but within England and Wales",2,Male,4,Aged 16 to 24 years,970
E12000007,London,2,"Outflow: moved out of the associated area, but within England and Wales",2,Male,5,Aged 25 to 34 years,1054
E12000007,London,2,"Outflow: moved out of the associated area, but within England and Wales",2,Male,6,Aged 35 to 49 years,705
E12000007,London,2,"Outflow: moved out of the associated area, but within England and Wales",2,Male,7,Aged 50 to 64 years,385
E12000007,London,2,"Outflow: moved out of the associated area, but within England and Wales",2,Male,8,Aged 65 to 74 years,111
E12000007,London,2,"Outflow: moved out of the associated area, but within England and Wales",2,Male,9,Aged 75 years and over,54
E12000008,South East,-8,Does not apply,1,Female,0,Aged under 1 year,0
E12000008,South East,-8,Does not apply,1,Female,1,Aged 1 to 4 years,22481
E12000008,South East,-8,Does not apply,1,Female,2,Aged 5 to 9 years,20835
E12000008,South East,-8,Does not apply,1,Female,3,Aged 10 to 15 years,19832
E12000008,South East,-8,Does not apply,1,Female,4,Aged 16 to 24 years,86179
E12000008,South East,-8,Does not apply,1,Female,5,Aged 25 to 34 years,93087
E12000008,South East,-8,Does not apply,1,Female,6,Aged 35 to 49 years,65944
E12000008,South East,-8,Does not apply,1,Female,7,Aged 50 to 64 years,36561
E12000008,South East,-8,Does not apply,1,Female,8,Aged 65 to 74 years,12304
E12000008,South East,-8,Does not apply,1,Female,9,Aged 75 years and over,13008
E12000008,South East,-8,Does not apply,2,Male,0,Aged under 1 year,0
E12000008,South East,-8,Does not apply,2,Male,1,Aged 1 to 4 years,23917
E12000008,South East,-8,Does not apply,2,Male,2,Aged 5 to 9 years,21513
E12000008,South East,-8,Does not apply,2,Male,3,Aged 10 to 15 years,20693
E12000008,South East,-8,Does not apply,2,Male,4,Aged 16 to 24 years,73276
E12000008,South East,-8,Does not apply,2,Male,5,Aged 25 to 34 years,92036
E12000008,South East,-8,Does not apply,2,Male,6,Aged 35 to 49 years,75421
E12000008,South East,-8,Does not apply,2,Male,7,Aged 50 to 64 years,38420
E12000008,South East,-8,Does not apply,2,Male,8,Aged 65 to 74 years,11464
E12000008,South East,-8,Does not apply,2,Male,9,Aged 75 years and over,8178
E12000008,South East,1,"Outflow: moved out of the area, but within the associated area",1,Female,0,Aged under 1 year,0
E12000008,South East,1,"Outflow: moved out of the area, but within the associated area",1,Female,1,Aged 1 to 4 years,3125
E12000008,South East,1,"Outflow: moved out of the area, but within the associated area",1,Female,2,Aged 5 to 9 years,2496
E12000008,South East,1,"Outflow: moved out of the area, but within the associated area",1,Female,3,Aged 10 to 15 years,2485
E12000008,South East,1,"Outflow: moved out of the area, but within the associated area",1,Female,4,Aged 16 to 24 years,40541
E12000008,South East,1,"Outflow: moved out of the area, but within the associated area",1,Female,5,Aged 25 to 34 years,21157
E12000008,South East,1,"Outflow: moved out of the area, but within the associated area",1,Female,6,Aged 35 to 49 years,11162
E12000008,South East,1,"Outflow: moved out of the area, but within the associated area",1,Female,7,Aged 50 to 64 years,9330
E12000008,South East,1,"Outflow: moved out of the area, but within the associated area",1,Female,8,Aged 65 to 74 years,3490
E12000008,South East,1,"Outflow: moved out of the area, but within the associated area",1,Female,9,Aged 75 years and over,2510
E12000008,South East,1,"Outflow: moved out of the area, but within the associated area",2,Male,0,Aged under 1 year,0
E12000008,South East,1,"Outflow: moved out of the area, but within the associated area",2,Male,1,Aged 1 to 4 years,3257
E12000008,South East,1,"Outflow: moved out of the area, but within the associated area",2,Male,2,Aged 5 to 9 years,2565
E12000008,South East,1,"Outflow: moved out of the area, but within the associated area",2,Male,3,Aged 10 to 15 years,2608
E12000008,South East,1,"Outflow: moved out of the area, but within the associated area",2,Male,4,Aged 16 to 24 years,37882
E12000008,South East,1,"Outflow: moved out of the area, but within the associated area",2,Male,5,Aged 25 to 34 years,23086
E12000008,South East,1,"Outflow: moved out of the area, but within the associated area",2,Male,6,Aged 35 to 49 years,14112
E12000008,South East,1,"Outflow: moved out of the area, but within the associated area",2,Male,7,Aged 50 to 64 years,9913
E12000008,South East,1,"Outflow: moved out of the area, but within the associated area",2,Male,8,Aged 65 to 74 years,3584
E12000008,South East,1,"Outflow: moved out of the area, but within the associated area",2,Male,9,Aged 75 years and over,1759
E12000008,South East,2,"Outflow: moved out of the associated area, but within England and Wales",1,Female,0,Aged under 1 year,0
E12000008,South East,2,"Outflow: moved out of the associated area, but within England and Wales",1,Female,1,Aged 1 to 4 years,135
E12000008,South East,2,"Outflow: moved out of the associated area, but within England and Wales",1,Female,2,Aged 5 to 9 years,127
E12000008,South East,2,"Outflow: moved out of the associated area, but within England and Wales",1,Female,3,Aged 10 to 15 years,114
E12000008,South East,2,"Outflow: moved out of the associated area, but within England and Wales",1,Female,4,Aged 16 to 24 years,2115
E12000008,South East,2,"Outflow: moved out of the associated area, but within England and Wales",1,Female,5,Aged 25 to 34 years,702
E12000008,South East,2,"Outflow: moved out of the associated area, but within England and Wales",1,Female,6,Aged 35 to 49 years,506
E12000008,South East,2,"Outflow: moved out of the associated area, but within England and Wales",1,Female,7,Aged 50 to 64 years,651
E12000008,South East,2,"Outflow: moved out of the associated area, but within England and Wales",1,Female,8,Aged 65 to 74 years,206
E12000008,South East,2,"Outflow: moved out of the associated area, but within England and Wales",1,Female,9,Aged 75 years and over,149
E12000008,South East,2,"Outflow: moved out of the associated area, but within England and Wales",2,Male,0,Aged under 1 year,0
E12000008,South East,2,"Outflow: moved out of the associated area, but within England and Wales",2,Male,1,Aged 1 to 4 years,123
E12000008,South East,2,"Outflow: moved out of the associated area, but within England and Wales",2,Male,2,Aged 5 to 9 years,112
E12000008,South East,2,"Outflow: moved out of the associated area, but within England and Wales",2,Male,3,Aged 10 to 15 years,115
E12000008,South East,2,"Outflow: moved out of the associated area, but within England and Wales",2,Male,4,Aged 16 to 24 years,2245
E12000008,South East,2,"Outflow: moved out of the associated area, but within England and Wales",2,Male,5,Aged 25 to 34 years,884
E12000008,South East,2,"Outflow: moved out of the associated area, but within England and Wales",2,Male,6,Aged 35 to 49 years,535
E12000008,South East,2,"Outflow: moved out of the associated area, but within England and Wales",2,Male,7,Aged 50 to 64 years,685
E12000008,South East,2,"Outflow: moved out of the associated area, but within England and Wales",2,Male,8,Aged 65 to 74 years,216
E12000008,South East,2,"Outflow: moved out of the associated area, but within England and Wales",2,Male,9,Aged 75 years and over,65
E12000009,South West,-8,Does not apply,1,Female,0,Aged under 1 year,0
E12000009,South West,-8,Does not apply,1,Female,1,Aged 1 to 4 years,12607
E12000009,South West,-8,Does not apply,1,Female,2,Aged 5 to 9 years,12139
E12000009,South West,-8,Does not apply,1,Female,3,Aged 10 to 15 years,11946
E12000009,South West,-8,Does not apply,1,Female,4,Aged 16 to 24 years,64522
E12000009,South West,-8,Does not apply,1,Female,5,Aged 25 to 34 years,58262
E12000009,South West,-8,Does not apply,1,Female,6,Aged 35 to 49 years,38031
E12000009,South West,-8,Does not apply,1,Female,7,Aged 50 to 64 years,25535
E12000009,South West,-8,Does not apply,1,Female,8,Aged 65 to 74 years,9550
E12000009,South West,-8,Does not apply,1,Female,9,Aged 75 years and over,9396
E12000009,South West,-8,Does not apply,2,Male,0,Aged under 1 year,0
E12000009,South West,-8,Does not apply,2,Male,1,Aged 1 to 4 years,13568
E12000009,South West,-8,Does not apply,2,Male,2,Aged 5 to 9 years,12456
E12000009,South West,-8,Does not apply,2,Male,3,Aged 10 to 15 years,12100
E12000009,South West,-8,Does not apply,2,Male,4,Aged 16 to 24 years,55300
E12000009,South West,-8,Does not apply,2,Male,5,Aged 25 to 34 years,59825
E12000009,South West,-8,Does not apply,2,Male,6,Aged 35 to 49 years,44265
E12000009,South West,-8,Does not apply,2,Male,7,Aged 50 to 64 years,25697
E12000009,South West,-8,Does not apply,2,Male,8,Aged 65 to 74 years,9009
E12000009,South West,-8,Does not apply,2,Male,9,Aged 75 years and over,6462
E12000009,South West,1,"Outflow: moved out of the area, but within the associated area",1,Female,0,Aged under 1 year,0
E12000009,South West,1,"Outflow: moved out of the area, but within the associated area",1,Female,1,Aged 1 to 4 years,1128
E12000009,South West,1,"Outflow: moved out of the area, but within the associated area",1,Female,2,Aged 5 to 9 years,932
E12000009,South West,1,"Outflow: moved out of the area, but within the associated area",1,Female,3,Aged 10 to 15 years,1000
E12000009,South West,1,"Outflow: moved out of the area, but within the associated area",1,Female,4,Aged 16 to 24 years,20493
E12000009,South West,1,"Outflow: moved out of the area, but within the associated area",1,Female,5,Aged 25 to 34 years,8586
E12000009,South West,1,"Outflow: moved out of the area, but within the associated area",1,Female,6,Aged 35 to 49 years,4024
E12000009,South West,1,"Outflow: moved out of the area, but within the associated area",1,Female,7,Aged 50 to 64 years,3684
E12000009,South West,1,"Outflow: moved out of the area, but within the associated area",1,Female,8,Aged 65 to 74 years,1902
E12000009,South West,1,"Outflow: moved out of the area, but within the associated area",1,Female,9,Aged 75 years and over,1644
E12000009,South West,1,"Outflow: moved out of the area, but within the associated area",2,Male,0,Aged under 1 year,0
E12000009,South West,1,"Outflow: moved out of the area, but within the associated area",2,Male,1,Aged 1 to 4 years,1214
E12000009,South West,1,"Outflow: moved out of the area, but within the associated area",2,Male,2,Aged 5 to 9 years,990
E12000009,South West,1,"Outflow: moved out of the area, but within the associated area",2,Male,3,Aged 10 to 15 years,947
E12000009,South West,1,"Outflow: moved out of the area, but within the associated area",2,Male,4,Aged 16 to 24 years,19114
E12000009,South West,1,"Outflow: moved out of the area, but within the associated area",2,Male,5,Aged 25 to 34 years,10476
E12000009,South West,1,"Outflow: moved out of the area, but within the associated area",2,Male,6,Aged 35 to 49 years,5404
E12000009,South West,1,"Outflow: moved out of the area, but within the associated area",2,Male,7,Aged 50 to 64 years,3609
E12000009,South West,1,"Outflow: moved out of the area, but within the associated area",2,Male,8,Aged 65 to 74 years,1807
E12000009,South West,1,"Outflow: moved out of the area, but within the associated area",2,Male,9,Aged 75 years and over,1158
E12000009,South West,2,"Outflow: moved out of the associated area, but within England and Wales",1,Female,0,Aged under 1 year,0
E12000009,South West,2,"Outflow: moved out of the associated area, but within England and Wales",1,Female,1,Aged 1 to 4 years,176
E12000009,South West,2,"Outflow: moved out of the associated area, but within England and Wales",1,Female,2,Aged 5 to 9 years,127
E12000009,South West,2,"Outflow: moved out of the associated area, but within England and Wales",1,Female,3,Aged 10 to 15 years,121
E12000009,South West,2,"Outflow: moved out of the associated area, but within England and Wales",1,Female,4,Aged 16 to 24 years,3222
E12000009,South West,2,"Outflow: moved out of the associated area, but within England and Wales",1,Female,5,Aged 25 to 34 years,1349
E12000009,South West,2,"Outflow: moved out of the associated area, but within England and Wales",1,Female,6,Aged 35 to 49 years,656
E12000009,South West,2,"Outflow: moved out of the associated area, but within England and Wales",1,Female,7,Aged 50 to 64 years,674
E12000009,South West,2,"Outflow: moved out of the associated area, but within England and Wales",1,Female,8,Aged 65 to 74 years,231
E12000009,South West,2,"Outflow: moved out of the associated area, but within England and Wales",1,Female,9,Aged 75 years and over,142
E12000009,South West,2,"Outflow: moved out of the associated area, but within England and Wales",2,Male,0,Aged under 1 year,0
E12000009,South West,2,"Outflow: moved out of the associated area, but within England and Wales",2,Male,1,Aged 1 to 4 years,182
E12000009,South West,2,"Outflow: moved out of the associated area, but within England and Wales",2,Male,2,Aged 5 to 9 years,128
E12000009,South West,2,"Outflow: moved out of the associated area, but within England and Wales",2,Male,3,Aged 10 to 15 years,136
E12000009,South West,2,"Outflow: moved out of the associated area, but within England and Wales",2,Male,4,Aged 16 to 24 years,3055
E12000009,South West,2,"Outflow: moved out of the associated area, but within England and Wales",2,Male,5,Aged 25 to 34 years,1504
E12000009,South West,2,"Outflow: moved out of the associated area, but within England and Wales",2,Male,6,Aged 35 to 49 years,821
E12000009,South West,2,"Outflow: moved out of the associated area, but within England and Wales",2,Male,7,Aged 50 to 64 years,608
E12000009,South West,2,"Outflow: moved out of the associated area, but within England and Wales",2,Male,8,Aged 65 to 74 years,247
E12000009,South West,2,"Outflow: moved out of the associated area, but within England and Wales",2,Male,9,Aged 75 years and over,121
W92000004,Wales,-8,Does not apply,1,Female,0,Aged under 1 year,0
W92000004,Wales,-8,Does not apply,1,Female,1,Aged 1 to 4 years,6983
W92000004,Wales,-8,Does not apply,1,Female,2,Aged 5 to 9 years,6250
W92000004,Wales,-8,Does not apply,1,Female,3,Aged 10 to 15 years,5838
W92000004,Wales,-8,Does not apply,1,Female,4,Aged 16 to 24 years,31508
W92000004,Wales,-8,Does not apply,1,Female,5,Aged 25 to 34 years,26552
W92000004,Wales,-8,Does not apply,1,Female,6,Aged 35 to 49 years,15334
W92000004,Wales,-8,Does not apply,1,Female,7,Aged 50 to 64 years,9876
W92000004,Wales,-8,Does not apply,1,Female,8,Aged 65 to 74 years,3601
W92000004,Wales,-8,Does not apply,1,Female,9,Aged 75 years and over,4015
W92000004,Wales,-8,Does not apply,2,Male,0,Aged under 1 year,0
W92000004,Wales,-8,Does not apply,2,Male,1,Aged 1 to 4 years,7348
W92000004,Wales,-8,Does not apply,2,Male,2,Aged 5 to 9 years,6468
W92000004,Wales,-8,Does not apply,2,Male,3,Aged 10 to 15 years,5940
W92000004,Wales,-8,Does not apply,2,Male,4,Aged 16 to 24 years,27128
W92000004,Wales,-8,Does not apply,2,Male,5,Aged 25 to 34 years,27529
W92000004,Wales,-8,Does not apply,2,Male,6,Aged 35 to 49 years,18315
W92000004,Wales,-8,Does not apply,2,Male,7,Aged 50 to 64 years,10065
W92000004,Wales,-8,Does not apply,2,Male,8,Aged 65 to 74 years,3672
W92000004,Wales,-8,Does not apply,2,Male,9,Aged 75 years and over,2438
W92000004,Wales,1,"Outflow: moved out of the area, but within the associated area",1,Female,0,Aged under 1 year,0
W92000004,Wales,1,"Outflow: moved out of the area, but within the associated area",1,Female,1,Aged 1 to 4 years,0
W92000004,Wales,1,"Outflow: moved out of the area, but within the associated area",1,Female,2,Aged 5 to 9 years,0
W92000004,Wales,1,"Outflow: moved out of the area, but within the associated area",1,Female,3,Aged 10 to 15 years,0
W92000004,Wales,1,"Outflow: moved out of the area, but within the associated area",1,Female,4,Aged 16 to 24 years,0
W92000004,Wales,1,"Outflow: moved out of the area, but within the associated area",1,Female,5,Aged 25 to 34 years,0
W92000004,Wales,1,"Outflow: moved out of the area, but within the associated area",1,Female,6,Aged 35 to 49 years,0
W92000004,Wales,1,"Outflow: moved out of the area, but within the associated area",1,Female,7,Aged 50 to 64 years,0
W92000004,Wales,1,"Outflow: moved out of the area, but within the associated area",1,Female,8,Aged 65 to 74 years,0
W92000004,Wales,1,"Outflow: moved out of the area, but within the associated area",1,Female,9,Aged 75 years and over,0
W92000004,Wales,1,"Outflow: moved out of the area, but within the associated area",2,Male,0,Aged under 1 year,0
W92000004,Wales,1,"Outflow: moved out of the area, but within the associated area",2,Male,1,Aged 1 to 4 years,0
W92000004,Wales,1,"Outflow: moved out of the area, but within the associated area",2,Male,2,Aged 5 to 9 years,0
W92000004,Wales,1,"Outflow: moved out of the area, but within the associated area",2,Male,3,Aged 10 to 15 years,0
W92000004,Wales,1,"Outflow: moved out of the area, but within the associated area",2,Male,4,Aged 16 to 24 years,0
W92000004,Wales,1,"Outflow: moved out of the area, but within the associated area",2,Male,5,Aged 25 to 34 years,0
W92000004,Wales,1,"Outflow: moved out of the area, but within the associated area",2,Male,6,Aged 35 to 49 years,0
W92000004,Wales,1,"Outflow: moved out of the area, but within the associated area",2,Male,7,Aged 50 to 64 years,0
W92000004,Wales,1,"Outflow: moved out of the area, but within the associated area",2,Male,8,Aged 65 to 74 years,0
W92000004,Wales,1,"Outflow: moved out of the area, but within the associated area",2,Male,9,Aged 75 years and over,0
W92000004,Wales,2,"Outflow: moved out of the associated area, but within England and Wales",1,Female,0,Aged under 1 year,0
W92000004,Wales,2,"Outflow: moved out of the associated area, but within England and Wales",1,Female,1,Aged 1 to 4 years,481
W92000004,Wales,2,"Outflow: moved out of the associated area, but within England and Wales",1,Female,2,Aged 5 to 9 years,444
W92000004,Wales,2,"Outflow: moved out of the associated area, but within England and Wales",1,Female,3,Aged 10 to 15 years,414
W92000004,Wales,2,"Outflow: moved out of the associated area, but within England and Wales",1,Female,4,Aged 16 to 24 years,10332
W92000004,Wales,2,"Outflow: moved out of the associated area, but within England and Wales",1,Female,5,Aged 25 to 34 years,4016
W92000004,Wales,2,"Outflow: moved out of the associated area, but within England and Wales",1,Female,6,Aged 35 to 49 years,1695
W92000004,Wales,2,"Outflow: moved out of the associated area, but within England and Wales",1,Female,7,Aged 50 to 64 years,1476
W92000004,Wales,2,"Outflow: moved out of the associated area, but within England and Wales",1,Female,8,Aged 65 to 74 years,831
W92000004,Wales,2,"Outflow: moved out of the associated area, but within England and Wales",1,Female,9,Aged 75 years and over,806
W92000004,Wales,2,"Outflow: moved out of the associated area, but within England and Wales",2,Male,0,Aged under 1 year,0
W92000004,Wales,2,"Outflow: moved out of the associated area, but within England and Wales",2,Male,1,Aged 1 to 4 years,526
W92000004,Wales,2,"Outflow: moved out of the associated area, but within England and Wales",2,Male,2,Aged 5 to 9 years,458
W92000004,Wales,2,"Outflow: moved out of the associated area, but within England and Wales",2,Male,3,Aged 10 to 15 years,380
W92000004,Wales,2,"Outflow: moved out of the associated area, but within England and Wales",2,Male,4,Aged 16 to 24 years,9660
W92000004,Wales,2,"Outflow: moved out of the associated area, but within England and Wales",2,Male,5,Aged 25 to 34 years,4793
W92000004,Wales,2,"Outflow: moved out of the associated area, but within England and Wales",2,Male,6,Aged 35 to 49 years,2486
W92000004,Wales,2,"Outflow: moved out of the associated area, but within England and Wales",2,Male,7,Aged 50 to 64 years,1554
W92000004,Wales,2,"Outflow: moved out of the associated area, but within England and Wales",2,Male,8,Aged 65 to 74 years,830
W92000004,Wales,2,"Outflow: moved out of the associated area, but within England and Wales",2,Male,9,Aged 75 years and over,549
