England and Wales code,England and Wales label,Migration National (inflow) (4 categories) code,Migration National (inflow) (4 categories) label,Sex (2 categories) code,Sex (2 categories) label,Age (B) (10 categories) code,Age (B) (10 categories) label,Count
K04000001,England and Wales,-8,Does not apply,1,Female,0,Aged under 1 year,0
K04000001,England and Wales,-8,Does not apply,1,Female,1,Aged 1 to 4 years,0
K04000001,England and Wales,-8,Does not apply,1,Female,2,Aged 5 to 9 years,0
K04000001,England and Wales,-8,Does not apply,1,Female,3,Aged 10 to 15 years,0
K04000001,England and Wales,-8,Does not apply,1,Female,4,Aged 16 to 24 years,0
K04000001,England and Wales,-8,Does not apply,1,Female,5,Aged 25 to 34 years,0
K04000001,England and Wales,-8,Does not apply,1,Female,6,Aged 35 to 49 years,0
K04000001,England and Wales,-8,Does not apply,1,Female,7,Aged 50 to 64 years,0
K04000001,England and Wales,-8,Does not apply,1,Female,8,Aged 65 to 74 years,0
K04000001,England and Wales,-8,Does not apply,1,Female,9,Aged 75 years and over,0
K04000001,England and Wales,-8,Does not apply,2,Male,0,Aged under 1 year,0
K04000001,England and Wales,-8,Does not apply,2,Male,1,Aged 1 to 4 years,0
K04000001,England and Wales,-8,Does not apply,2,Male,2,Aged 5 to 9 years,0
K04000001,England and Wales,-8,Does not apply,2,Male,3,Aged 10 to 15 years,0
K04000001,England and Wales,-8,Does not apply,2,Male,4,Aged 16 to 24 years,0
K04000001,England and Wales,-8,Does not apply,2,Male,5,Aged 25 to 34 years,0
K04000001,England and Wales,-8,Does not apply,2,Male,6,Aged 35 to 49 years,0
K04000001,England and Wales,-8,Does not apply,2,Male,7,Aged 50 to 64 years,0
K04000001,England and Wales,-8,Does not apply,2,Male,8,Aged 65 to 74 years,0
K04000001,England and Wales,-8,Does not apply,2,Male,9,Aged 75 years and over,0
K04000001,England and Wales,1,Lived at the same address one year ago,1,Female,0,Aged under 1 year,0
K04000001,England and Wales,1,Lived at the same address one year ago,1,Female,1,Aged 1 to 4 years,1102206
K04000001,England and Wales,1,Lived at the same address one year ago,1,Female,2,Aged 5 to 9 years,1563536
K04000001,England and Wales,1,Lived at the same address one year ago,1,Female,3,Aged 10 to 15 years,1935125
K04000001,England and Wales,1,Lived at the same address one year ago,1,Female,4,Aged 16 to 24 years,2224888
K04000001,England and Wales,1,Lived at the same address one year ago,1,Female,5,Aged 25 to 34 years,3245449
K04000001,England and Wales,1,Lived at the same address one year ago,1,Female,6,Aged 35 to 49 years,5366005
K04000001,England and Wales,1,Lived at the same address one year ago,1,Female,7,Aged 50 to 64 years,5615350
K04000001,England and Wales,1,Lived at the same address one year ago,1,Female,8,Aged 65 to 74 years,2976736
K04000001,England and Wales,1,Lived at the same address one year ago,1,Female,9,Aged 75 years and over,2830607
K04000001,England and Wales,1,Lived at the same address one year ago,2,Male,0,Aged under 1 year,0
K04000001,England and Wales,1,Lived at the same address one year ago,2,Male,1,Aged 1 to 4 years,1155307
K04000001,England and Wales,1,Lived at the same address one year ago,2,Male,2,Aged 5 to 9 years,1641376
K04000001,England and Wales,1,Lived at the same address one year ago,2,Male,3,Aged 10 to 15 years,2037886
K04000001,England and Wales,1,Lived at the same address one year ago,2,Male,4,Aged 16 to 24 years,2437660
K04000001,England and Wales,1,Lived at the same address one year ago,2,Male,5,Aged 25 to 34 years,3028828
K04000001,England and Wales,1,Lived at the same address one year ago,2,Male,6,Aged 35 to 49 years,5025054
K04000001,England and Wales,1,Lived at the same address one year ago,2,Male,7,Aged 50 to 64 years,5399462
K04000001,England and Wales,1,Lived at the same address one year ago,2,Male,8,Aged 65 to 74 years,2751875
K04000001,England and Wales,1,Lived at the same address one year ago,2,Male,9,Aged 75 years and over,2159180
K04000001,England and Wales,2,"Inflow: lived elsewhere one year ago, but within the same area",1,Female,0,Aged under 1 year,0
K04000001,England and Wales,2,"Inflow: lived elsewhere one year ago, but within the same area",1,Female,1,Aged 1 to 4 years,166134
K04000001,England and Wales,2,"Inflow: lived elsewhere one year ago, but within the same area",1,Female,2,Aged 5 to 9 years,144169
K04000001,England and Wales,2,"Inflow: lived elsewhere one year ago, but within the same area",1,Female,3,Aged 10 to 15 years,135176
K04000001,England and Wales,2,"Inflow: lived elsewhere one year ago, but within the same area",1,Female,4,Aged 16 to 24 years,819501
K04000001,England and Wales,2,"Inflow: lived elsewhere one year ago, but within the same area",1,Female,5,Aged 25 to 34 years,808034
K04000001,England and Wales,2,"Inflow: lived elsewhere one year ago, but within the same area",1,Female,6,Aged 35 to 49 years,473871
K04000001,England and Wales,2,"Inflow: lived elsewhere one year ago, but within the same area",1,Female,7,Aged 50 to 64 years,265213
K04000001,England and Wales,2,"Inflow: lived elsewhere one year ago, but within the same area",1,Female,8,Aged 65 to 74 years,90243
K04000001,England and Wales,2,"Inflow: lived elsewhere one year ago, but within the same area",1,Female,9,Aged 75 years and over,86489
K04000001,England and Wales,2,"Inflow: lived elsewhere one year ago, but within the same area",2,Male,0,Aged under 1 year,0
K04000001,England and Wales,2,"Inflow: lived elsewhere one year ago, but within the same area",2,Male,1,Aged 1 to 4 years,176228
K04000001,England and Wales,2,"Inflow: lived elsewhere one year ago, but within the same area",2,Male,2,Aged 5 to 9 years,149657
K04000001,England and Wales,2,"Inflow: lived elsewhere one year ago, but within the same area",2,Male,3,Aged 10 to 15 years,139256
K04000001,England and Wales,2,"Inflow: lived elsewhere one year ago, but within the same area",2,Male,4,Aged 16 to 24 years,701068
K04000001,England and Wales,2,"Inflow: lived elsewhere one year ago, but within the same area",2,Male,5,Aged 25 to 34 years,805736
K04000001,England and Wales,2,"Inflow: lived elsewhere one year ago, but within the same area",2,Male,6,Aged 35 to 49 years,563414
K04000001,England and Wales,2,"Inflow: lived elsewhere one year ago, but within the same area",2,Male,7,Aged 50 to 64 years,280336
K04000001,England and Wales,2,"Inflow: lived elsewhere one year ago, but within the same area",2,Male,8,Aged 65 to 74 years,88077
K04000001,England and Wales,2,"Inflow: lived elsewhere one year ago, but within the same area",2,Male,9,Aged 75 years and over,55985
K04000001,England and Wales,3,Inflow: lived elsewhere one year ago outside the UK,1,Female,0,Aged under 1 year,0
K04000001,England and Wales,3,Inflow: lived elsewhere one year ago outside the UK,1,Female,1,Aged 1 to 4 years,12310
K04000001,England and Wales,3,Inflow: lived elsewhere one year ago outside the UK,1,Female,2,Aged 5 to 9 years,12731
K04000001,England and Wales,3,Inflow: lived elsewhere one year ago outside the UK,1,Female,3,Aged 10 to 15 years,13093
K04000001,England and Wales,3,Inflow: lived elsewhere one year ago outside the UK,1,Female,4,Aged 16 to 24 years,71909
K04000001,England and Wales,3,Inflow: lived elsewhere one year ago outside the UK,1,Female,5,Aged 25 to 34 years,83552
K04000001,England and Wales,3,Inflow: lived elsewhere one year ago outside the UK,1,Female,6,Aged 35 to 49 years,46467
K04000001,England and Wales,3,Inflow: lived elsewhere one year ago outside the UK,1,Female,7,Aged 50 to 64 years,22081
K04000001,England and Wales,3,Inflow: lived elsewhere one year ago outside the UK,1,Female,8,Aged 65 to 74 years,8453
K04000001,England and Wales,3,Inflow: lived elsewhere one year ago outside the UK,1,Female,9,Aged 75 years and over,4180
K04000001,England and Wales,3,Inflow: lived elsewhere one year ago outside the UK,2,Male,0,Aged under 1 year,0
K04000001,England and Wales,3,Inflow: lived elsewhere one year ago outside the UK,2,Male,1,Aged 1 to 4 years,12526
K04000001,England and Wales,3,Inflow: lived elsewhere one year ago outside the UK,2,Male,2,Aged 5 to 9 years,13157
K04000001,England and Wales,3,Inflow: lived elsewhere one year ago outside the UK,2,Male,3,Aged 10 to 15 years,13972
K04000001,England and Wales,3,Inflow: lived elsewhere one year ago outside the UK,2,Male,4,Aged 16 to 24 years,63287
K04000001,England and Wales,3,Inflow: lived elsewhere one year ago outside the UK,2,Male,5,Aged 25 to 34 years,78937
K04000001,England and Wales,3,Inflow: lived elsewhere one year ago outside the UK,2,Male,6,Aged 35 to 49 years,51287
K04000001,England and Wales,3,Inflow: lived elsewhere one year ago outside the UK,2,Male,7,Aged 50 to 64 years,25633
K04000001,England and Wales,3,Inflow: lived elsewhere one year ago outside the UK,2,Male,8,Aged 65 to 74 years,7737
K04000001,England and Wales,3,Inflow: lived elsewhere one year ago outside the UK,2,Male,9,Aged 75 years and over,3782
