England and Wales code,England and Wales label,Migration National (inflow) (4 categories) code,Migration National (inflow) (4 categories) label,Economic activity status (10 categories) code,Economic activity status (10 categories) label,Hours worked (3 categories) code,Hours worked (3 categories) label,Count
K04000001,England and Wales,-8,Does not apply,-8,Does not apply,-8,Does not apply,0
K04000001,England and Wales,-8,Does not apply,-8,Does not apply,1,Part-time: 30 hours or less worked,0
K04000001,England and Wales,-8,Does not apply,-8,Does not apply,2,Full-time: 31 or more hours worked,0
K04000001,England and Wales,-8,Does not apply,1,Economically active (excluding full-time students): In employment,-8,Does not apply,0
K04000001,England and Wales,-8,Does not apply,1,Economically active (excluding full-time students): In employment,1,Part-time: 30 hours or less worked,0
K04000001,England and Wales,-8,Does not apply,1,Economically active (excluding full-time students): In employment,2,Full-time: 31 or more hours worked,0
K04000001,England and Wales,-8,Does not apply,2,Economically active (excluding full-time students): Unemployed: Seeking work or waiting to start a job already obtained: Available to start working within 2 weeks,-8,Does not apply,0
K04000001,England and Wales,-8,Does not apply,2,Economically active (excluding full-time students): Unemployed: Seeking work or waiting to start a job already obtained: Available to start working within 2 weeks,1,Part-time: 30 hours or less worked,0
K04000001,England and Wales,-8,Does not apply,2,Economically active (excluding full-time students): Unemployed: Seeking work or waiting to start a job already obtained: Available to start working within 2 weeks,2,Full-time: 31 or more hours worked,0
K04000001,England and Wales,-8,Does not apply,3,Economically active and a full-time student: In employment,-8,Does not apply,0
K04000001,England and Wales,-8,Does not apply,3,Economically active and a full-time student: In employment,1,Part-time: 30 hours or less worked,0
K04000001,England and Wales,-8,Does not apply,3,Economically active and a full-time student: In employment,2,Full-time: 31 or more hours worked,0
K04000001,England and Wales,-8,Does not apply,4,Economically active and a full-time student: Unemployed: Seeking work or waiting to start a job already obtained: Available to start working within 2 weeks,-8,Does not apply,0
K04000001,England and Wales,-8,Does not apply,4,Economically active and a full-time student: Unemployed: Seeking work or waiting to start a job already obtained: Available to start working within 2 weeks,1,Part-time: 30 hours or less worked,0
K04000001,England and Wales,-8,Does not apply,4,Economically active and a full-time student: Unemployed: Seeking work or waiting to start a job already obtained: Available to start working within 2 weeks,2,Full-time: 31 or more hours worked,0
K04000001,England and Wales,-8,Does not apply,5,Economically inactive: Retired,-8,Does not apply,0
K04000001,England and Wales,-8,Does not apply,5,Economically inactive: Retired,1,Part-time: 30 hours or less worked,0
K04000001,England and Wales,-8,Does not apply,5,Economically inactive: Retired,2,Full-time: 31 or more hours worked,0
K04000001,England and Wales,-8,Does not apply,6,Economically inactive: Student,-8,Does not apply,0
K04000001,England and Wales,-8,Does not apply,6,Economically inactive: Student,1,Part-time: 30 hours or less worked,0
K04000001,England and Wales,-8,Does not apply,6,Economically inactive: Student,2,Full-time: 31 or more hours worked,0
K04000001,England and Wales,-8,Does not apply,7,Economically inactive: Looking after home or family,-8,Does not apply,0
K04000001,England and Wales,-8,Does not apply,7,Economically inactive: Looking after home or family,1,Part-time: 30 hours or less worked,0
K04000001,England and Wales,-8,Does not apply,7,Economically inactive: Looking after home or family,2,Full-time: 31 or more hours worked,0
K04000001,England and Wales,-8,Does not apply,8,Economically inactive: Long-term sick or disabled,-8,Does not apply,0
K04000001,England and Wales,-8,Does not apply,8,Economically inactive: Long-term sick or disabled,1,Part-time: 30 hours or less worked,0
K04000001,England and Wales,-8,Does not apply,8,Economically inactive: Long-term sick or disabled,2,Full-time: 31 or more hours worked,0
K04000001,England and Wales,-8,Does not apply,9,Economically inactive: Other,-8,Does not apply,0
K04000001,England and Wales,-8,Does not apply,9,Economically inactive: Other,1,Part-time: 30 hours or less worked,0
K04000001,England and Wales,-8,Does not apply,9,Economically inactive: Other,2,Full-time: 31 or more hours worked,0
K04000001,England and Wales,1,Lived at the same address one year ago,-8,Does not apply,-8,Does not apply,9435436
K04000001,England and Wales,1,Lived at the same address one year ago,-8,Does not apply,1,Part-time: 30 hours or less worked,0
K04000001,England and Wales,1,Lived at the same address one year ago,-8,Does not apply,2,Full-time: 31 or more hours worked,0
K04000001,England and Wales,1,Lived at the same address one year ago,1,Economically active (excluding full-time students): In employment,-8,Does not apply,0
K04000001,England and Wales,1,Lived at the same address one year ago,1,Economically active (excluding full-time students): In employment,1,Part-time: 30 hours or less worked,6973810
K04000001,England and Wales,1,Lived at the same address one year ago,1,Economically active (excluding full-time students): In employment,2,Full-time: 31 or more hours worked,16728019
K04000001,England and Wales,1,Lived at the same address one year ago,2,Economically active (excluding full-time students): Unemployed: Seeking work or waiting to start a job already obtained: Available to start working within 2 weeks,-8,Does not apply,1161274
K04000001,England and Wales,1,Lived at the same address one year ago,2,Economically active (excluding full-time students): Unemployed: Seeking work or waiting to start a job already obtained: Available to start working within 2 weeks,1,Part-time: 30 hours or less worked,0
K04000001,England and Wales,1,Lived at the same address one year ago,2,Economically active (excluding full-time students): Unemployed: Seeking work or waiting to start a job already obtained: Available to start working within 2 weeks,2,Full-time: 31 or more hours worked,0
K04000001,England and Wales,1,Lived at the same address one year ago,3,Economically active and a full-time student: In employment,-8,Does not apply,0
K04000001,England and Wales,1,Lived at the same address one year ago,3,Economically active and a full-time student: In employment,1,Part-time: 30 hours or less worked,469298
K04000001,England and Wales,1,Lived at the same address one year ago,3,Economically active and a full-time student: In employment,2,Full-time: 31 or more hours worked,118043
K04000001,England and Wales,1,Lived at the same address one year ago,4,Economically active and a full-time student: Unemployed: Seeking work or waiting to start a job already obtained: Available to start working within 2 weeks,-8,Does not apply,192318
K04000001,England and Wales,1,Lived at the same address one year ago,4,Economically active and a full-time student: Unemployed: Seeking work or waiting to start a job already obtained: Available to start working within 2 weeks,1,Part-time: 30 hours or less worked,0
K04000001,England and Wales,1,Lived at the same address one year ago,4,Economically active and a full-time student: Unemployed: Seeking work or waiting to start a job already obtained: Available to start working within 2 weeks,2,Full-time: 31 or more hours worked,0
K04000001,England and Wales,1,Lived at the same address one year ago,5,Economically inactive: Retired,-8,Does not apply,10167240
K04000001,England and Wales,1,Lived at the same address one year ago,5,Economically inactive: Retired,1,Part-time: 30 hours or less worked,0
K04000001,England and Wales,1,Lived at the same address one year ago,5,Economically inactive: Retired,2,Full-time: 31 or more hours worked,0
K04000001,England and Wales,1,Lived at the same address one year ago,6,Economically inactive: Student,-8,Does not apply,1964708
K04000001,England and Wales,1,Lived at the same address one year ago,6,Economically inactive: Student,1,Part-time: 30 hours or less worked,0
K04000001,England and Wales,1,Lived at the same address one year ago,6,Economically inactive: Student,2,Full-time: 31 or more hours worked,0
K04000001,England and Wales,1,Lived at the same address one year ago,7,Economically inactive: Looking after home or family,-8,Does not apply,2085376
K04000001,England and Wales,1,Lived at the same address one year ago,7,Economically inactive: Looking after home or family,1,Part-time: 30 hours or less worked,0
K04000001,England and Wales,1,Lived at the same address one year ago,7,Economically inactive: Looking after home or family,2,Full-time: 31 or more hours worked,0
K04000001,England and Wales,1,Lived at the same address one year ago,8,Economically inactive: Long-term sick or disabled,-8,Does not apply,1884123
K04000001,England and Wales,1,Lived at the same address one year ago,8,Economically inactive: Long-term sick or disabled,1,Part-time: 30 hours or less worked,0
K04000001,England and Wales,1,Lived at the same address one year ago,8,Economically inactive: Long-term sick or disabled,2,Full-time: 31 or more hours worked,0
K04000001,England and Wales,1,Lived at the same address one year ago,9,Economically inactive: Other,-8,Does not apply,1316884
K04000001,England and Wales,1,Lived at the same address one year ago,9,Economically inactive: Other,1,Part-time: 30 hours or less worked,0
K04000001,England and Wales,1,Lived at the same address one year ago,9,Economically inactive: Other,2,Full-time: 31 or more hours worked,0
K04000001,England and Wales,2,"Inflow: lived elsewhere one year ago, but within the same area",-8,Does not apply,-8,Does not apply,910619
K04000001,England and Wales,2,"Inflow: lived elsewhere one year ago, but within the same area",-8,Does not apply,1,Part-time: 30 hours or less worked,0
K04000001,England and Wales,2,"Inflow: lived elsewhere one year ago, but within the same area",-8,Does not apply,2,Full-time: 31 or more hours worked,0
K04000001,England and Wales,2,"Inflow: lived elsewhere one year ago, but within the same area",1,Economically active (excluding full-time students): In employment,-8,Does not apply,0
K04000001,England and Wales,2,"Inflow: lived elsewhere one year ago, but within the same area",1,Economically active (excluding full-time students): In employment,1,Part-time: 30 hours or less worked,619369
K04000001,England and Wales,2,"Inflow: lived elsewhere one year ago, but within the same area",1,Economically active (excluding full-time students): In employment,2,Full-time: 31 or more hours worked,2438202
K04000001,England and Wales,2,"Inflow: lived elsewhere one year ago, but within the same area",2,Economically active (excluding full-time students): Unemployed: Seeking work or waiting to start a job already obtained: Available to start working within 2 weeks,-8,Does not apply,180431
K04000001,England and Wales,2,"Inflow: lived elsewhere one year ago, but within the same area",2,Economically active (excluding full-time students): Unemployed: Seeking work or waiting to start a job already obtained: Available to start working within 2 weeks,1,Part-time: 30 hours or less worked,0
K04000001,England and Wales,2,"Inflow: lived elsewhere one year ago, but within the same area",2,Economically active (excluding full-time students): Unemployed: Seeking work or waiting to start a job already obtained: Available to start working within 2 weeks,2,Full-time: 31 or more hours worked,0
K04000001,England and Wales,2,"Inflow: lived elsewhere one year ago, but within the same area",3,Economically active and a full-time student: In employment,-8,Does not apply,0
K04000001,England and Wales,2,"Inflow: lived elsewhere one year ago, but within the same area",3,Economically active and a full-time student: In employment,1,Part-time: 30 hours or less worked,164770
K04000001,England and Wales,2,"Inflow: lived elsewhere one year ago, but within the same area",3,Economically active and a full-time student: In employment,2,Full-time: 31 or more hours worked,43710
K04000001,England and Wales,2,"Inflow: lived elsewhere one year ago, but within the same area",4,Economically active and a full-time student: Unemployed: Seeking work or waiting to start a job already obtained: Available to start working within 2 weeks,-8,Does not apply,87227
K04000001,England and Wales,2,"Inflow: lived elsewhere one year ago, but within the same area",4,Economically active and a full-time student: Unemployed: Seeking work or waiting to start a job already obtained: Available to start working within 2 weeks,1,Part-time: 30 hours or less worked,0
K04000001,England and Wales,2,"Inflow: lived elsewhere one year ago, but within the same area",4,Economically active and a full-time student: Unemployed: Seeking work or waiting to start a job already obtained: Available to start working within 2 weeks,2,Full-time: 31 or more hours worked,0
K04000001,England and Wales,2,"Inflow: lived elsewhere one year ago, but within the same area",5,Economically inactive: Retired,-8,Does not apply,319684
K04000001,England and Wales,2,"Inflow: lived elsewhere one year ago, but within the same area",5,Economically inactive: Retired,1,Part-time: 30 hours or less worked,0
K04000001,England and Wales,2,"Inflow: lived elsewhere one year ago, but within the same area",5,Economically inactive: Retired,2,Full-time: 31 or more hours worked,0
K04000001,England and Wales,2,"Inflow: lived elsewhere one year ago, but within the same area",6,Economically inactive: Student,-8,Does not apply,677051
K04000001,England and Wales,2,"Inflow: lived elsewhere one year ago, but within the same area",6,Economically inactive: Student,1,Part-time: 30 hours or less worked,0
K04000001,England and Wales,2,"Inflow: lived elsewhere one year ago, but within the same area",6,Economically inactive: Student,2,Full-time: 31 or more hours worked,0
K04000001,England and Wales,2,"Inflow: lived elsewhere one year ago, but within the same area",7,Economically inactive: Looking after home or family,-8,Does not apply,195913
K04000001,England and Wales,2,"Inflow: lived elsewhere one year ago, but within the same area",7,Economically inactive: Looking after home or family,1,Part-time: 30 hours or less worked,0
K04000001,England and Wales,2,"Inflow: lived elsewhere one year ago, but within the same area",7,Economically inactive: Looking after home or family,2,Full-time: 31 or more hours worked,0
K04000001,England and Wales,2,"Inflow: lived elsewhere one year ago, but within the same area",8,Economically inactive: Long-term sick or disabled,-8,Does not apply,139070
K04000001,England and Wales,2,"Inflow: lived elsewhere one year ago, but within the same area",8,Economically inactive: Long-term sick or disabled,1,Part-time: 30 hours or less worked,0
K04000001,England and Wales,2,"Inflow: lived elsewhere one year ago, but within the same area",8,Economically inactive: Long-term sick or disabled,2,Full-time: 31 or more hours worked,0
K04000001,England and Wales,2,"Inflow: lived elsewhere one year ago, but within the same area",9,Economically inactive: Other,-8,Does not apply,172546
K04000001,England and Wales,2,"Inflow: lived elsewhere one year ago, but within the same area",9,Economically inactive: Other,1,Part-time: 30 hours or less worked,0
K04000001,England and Wales,2,"Inflow: lived elsewhere one year ago, but within the same area",9,Economically inactive: Other,2,Full-time: 31 or more hours worked,0
K04000001,England and Wales,3,Inflow: lived elsewhere one year ago outside the UK,-8,Does not apply,-8,Does not apply,77790
K04000001,England and Wales,3,Inflow: lived elsewhere one year ago outside the UK,-8,Does not apply,1,Part-time: 30 hours or less worked,0
K04000001,England and Wales,3,Inflow: lived elsewhere one year ago outside the UK,-8,Does not apply,2,Full-time: 31 or more hours worked,0
K04000001,England and Wales,3,Inflow: lived elsewhere one year ago outside the UK,1,Economically active (excluding full-time students): In employment,-8,Does not apply,0
K04000001,England and Wales,3,Inflow: lived elsewhere one year ago outside the UK,1,Economically active (excluding full-time students): In employment,1,Part-time: 30 hours or less worked,39691
K04000001,England and Wales,3,Inflow: lived elsewhere one year ago outside the UK,1,Economically active (excluding full-time students): In employment,2,Full-time: 31 or more hours worked,161176
K04000001,England and Wales,3,Inflow: lived elsewhere one year ago outside the UK,2,Economically active (excluding full-time students): Unemployed: Seeking work or waiting to start a job already obtained: Available to start working within 2 weeks,-8,Does not apply,34658
K04000001,England and Wales,3,Inflow: lived elsewhere one year ago outside the UK,2,Economically active (excluding full-time students): Unemployed: Seeking work or waiting to start a job already obtained: Available to start working within 2 weeks,1,Part-time: 30 hours or less worked,0
K04000001,England and Wales,3,Inflow: lived elsewhere one year ago outside the UK,2,Economically active (excluding full-time students): Unemployed: Seeking work or waiting to start a job already obtained: Available to start working within 2 weeks,2,Full-time: 31 or more hours worked,0
K04000001,England and Wales,3,Inflow: lived elsewhere one year ago outside the UK,3,Economically active and a full-time student: In employment,-8,Does not apply,0
K04000001,England and Wales,3,Inflow: lived elsewhere one year ago outside the UK,3,Economically active and a full-time student: In employment,1,Part-time: 30 hours or less worked,14066
K04000001,England and Wales,3,Inflow: lived elsewhere one year ago outside the UK,3,Economically active and a full-time student: In employment,2,Full-time: 31 or more hours worked,3510
K04000001,England and Wales,3,Inflow: lived elsewhere one year ago outside the UK,4,Economically active and a full-time student: Unemployed: Seeking work or waiting to start a job already obtained: Available to start working within 2 weeks,-8,Does not apply,19277
K04000001,England and Wales,3,Inflow: lived elsewhere one year ago outside the UK,4,Economically active and a full-time student: Unemployed: Seeking work or waiting to start a job already obtained: Available to start working within 2 weeks,1,Part-time: 30 hours or less worked,0
K04000001,England and Wales,3,Inflow: lived elsewhere one year ago outside the UK,4,Economically active and a full-time student: Unemployed: Seeking work or waiting to start a job already obtained: Available to start working within 2 weeks,2,Full-time: 31 or more hours worked,0
K04000001,England and Wales,3,Inflow: lived elsewhere one year ago outside the UK,5,Economically inactive: Retired,-8,Does not apply,26789
K04000001,England and Wales,3,Inflow: lived elsewhere one year ago outside the UK,5,Economically inactive: Retired,1,Part-time: 30 hours or less worked,0
K04000001,England and Wales,3,Inflow: lived elsewhere one year ago outside the UK,5,Economically inactive: Retired,2,Full-time: 31 or more hours worked,0
K04000001,England and Wales,3,Inflow: lived elsewhere one year ago outside the UK,6,Economically inactive: Student,-8,Does not apply,98875
K04000001,England and Wales,3,Inflow: lived elsewhere one year ago outside the UK,6,Economically inactive: Student,1,Part-time: 30 hours or less worked,0
K04000001,England and Wales,3,Inflow: lived elsewhere one year ago outside the UK,6,Economically inactive: Student,2,Full-time: 31 or more hours worked,0
K04000001,England and Wales,3,Inflow: lived elsewhere one year ago outside the UK,7,Economically inactive: Looking after home or family,-8,Does not apply,36053
K04000001,England and Wales,3,Inflow: lived elsewhere one year ago outside the UK,7,Economically inactive: Looking after home or family,1,Part-time: 30 hours or less worked,0
K04000001,England and Wales,3,Inflow: lived elsewhere one year ago outside the UK,7,Economically inactive: Looking after home or family,2,Full-time: 31 or more hours worked,0
K04000001,England and Wales,3,Inflow: lived elsewhere one year ago outside the UK,8,Economically inactive: Long-term sick or disabled,-8,Does not apply,2428
K04000001,England and Wales,3,Inflow: lived elsewhere one year ago outside the UK,8,Economically inactive: Long-term sick or disabled,1,Part-time: 30 hours or less worked,0
K04000001,England and Wales,3,Inflow: lived elsewhere one year ago outside the UK,8,Economically inactive: Long-term sick or disabled,2,Full-time: 31 or more hours worked,0
K04000001,England and Wales,3,Inflow: lived elsewhere one year ago outside the UK,9,Economically inactive: Other,-8,Does not apply,30783
K04000001,England and Wales,3,Inflow: lived elsewhere one year ago outside the UK,9,Economically inactive: Other,1,Part-time: 30 hours or less worked,0
K04000001,England and Wales,3,Inflow: lived elsewhere one year ago outside the UK,9,Economically inactive: Other,2,Full-time: 31 or more hours worked,0
