Countries code,Countries label,Migration Country (inflow) (5 categories) code,Migration Country (inflow) (5 categories) label,Economic activity status (10 categories) code,Economic activity status (10 categories) label,Hours worked (3 categories) code,Hours worked (3 categories) label,Count
E92000001,England,-8,Does not apply,-8,Does not apply,-8,Does not apply,0
E92000001,England,-8,Does not apply,-8,Does not apply,1,Part-time: 30 hours or less worked,0
E92000001,England,-8,Does not apply,-8,Does not apply,2,Full-time: 31 or more hours worked,0
E92000001,England,-8,Does not apply,1,Economically active (excluding full-time students): In employment,-8,Does not apply,0
E92000001,England,-8,Does not apply,1,Economically active (excluding full-time students): In employment,1,Part-time: 30 hours or less worked,0
E92000001,England,-8,Does not apply,1,Economically active (excluding full-time students): In employment,2,Full-time: 31 or more hours worked,0
E92000001,England,-8,Does not apply,2,Economically active (excluding full-time students): Unemployed: Seeking work or waiting to start a job already obtained: Available to start working within 2 weeks,-8,Does not apply,0
E92000001,England,-8,Does not apply,2,Economically active (excluding full-time students): Unemployed: Seeking work or waiting to start a job already obtained: Available to start working within 2 weeks,1,Part-time: 30 hours or less worked,0
E92000001,England,-8,Does not apply,2,Economically active (excluding full-time students): Unemployed: Seeking work or waiting to start a job already obtained: Available to start working within 2 weeks,2,Full-time: 31 or more hours worked,0
E92000001,England,-8,Does not apply,3,Economically active and a full-time student: In employment,-8,Does not apply,0
E92000001,England,-8,Does not apply,3,Economically active and a full-time student: In employment,1,Part-time: 30 hours or less worked,0
E92000001,England,-8,Does not apply,3,Economically active and a full-time student: In employment,2,Full-time: 31 or more hours worked,0
E92000001,England,-8,Does not apply,4,Economically active and a full-time student: Unemployed: Seeking work or waiting to start a job already obtained: Available to start working within 2 weeks,-8,Does not apply,0
E92000001,England,-8,Does not apply,4,Economically active and a full-time student: Unemployed: Seeking work or waiting to start a job already obtained: Available to start working within 2 weeks,1,Part-time: 30 hours or less worked,0
E92000001,England,-8,Does not apply,4,Economically active and a full-time student: Unemployed: Seeking work or waiting to start a job already obtained: Available to start working within 2 weeks,2,Full-time: 31 or more hours worked,0
E92000001,England,-8,Does not apply,5,Economically inactive: Retired,-8,Does not apply,0
E92000001,England,-8,Does not apply,5,Economically inactive: Retired,1,Part-time: 30 hours or less worked,0
E92000001,England,-8,Does not apply,5,Economically inactive: Retired,2,Full-time: 31 or more hours worked,0
E92000001,England,-8,Does not apply,6,Economically inactive: Student,-8,Does not apply,0
E92000001,England,-8,Does not apply,6,Economically inactive: Student,1,Part-time: 30 hours or less worked,0
E92000001,England,-8,Does not apply,6,Economically inactive: Student,2,Full-time: 31 or more hours worked,0
E92000001,England,-8,Does not apply,7,Economically inactive: Looking after home or family,-8,Does not apply,0
E92000001,England,-8,Does not apply,7,Economically inactive: Looking after home or family,1,Part-time: 30 hours or less worked,0
E92000001,England,-8,Does not apply,7,Economically inactive: Looking after home or family,2,Full-time: 31 or more hours worked,0
E92000001,England,-8,Does not apply,8,Economically inactive: Long-term sick or disabled,-8,Does not apply,0
E92000001,England,-8,Does not apply,8,Economically inactive: Long-term sick or disabled,1,Part-time: 30 hours or less worked,0
E92000001,England,-8,Does not apply,8,Economically inactive: Long-term sick or disabled,2,Full-time: 31 or more hours worked,0
E92000001,England,-8,Does not apply,9,Economically inactive: Other,-8,Does not apply,0
E92000001,England,-8,Does not apply,9,Economically inactive: Other,1,Part-time: 30 hours or less worked,0
E92000001,England,-8,Does not apply,9,Economically inactive: Other,2,Full-time: 31 or more hours worked,0
E92000001,England,1,Lived at the same address one year ago,-8,Does not apply,-8,Does not apply,8960932
E92000001,England,1,Lived at the same address one year ago,-8,Does not apply,1,Part-time: 30 hours or less worked,0
E92000001,England,1,Lived at the same address one year ago,-8,Does not apply,2,Full-time: 31 or more hours worked,0
E92000001,England,1,Lived at the same address one year ago,1,Economically active (excluding full-time students): In employment,-8,Does not apply,0
E92000001,England,1,Lived at the same address one year ago,1,Economically active (excluding full-time students): In employment,1,Part-time: 30 hours or less worked,6626467
E92000001,England,1,Lived at the same address one year ago,1,Economically active (excluding full-time students): In employment,2,Full-time: 31 or more hours worked,15877022
E92000001,England,1,Lived at the same address one year ago,2,Economically active (excluding full-time students): Unemployed: Seeking work or waiting to start a job already obtained: Available to start working within 2 weeks,-8,Does not apply,1107030
E92000001,England,1,Lived at the same address one year ago,2,Economically active (excluding full-time students): Unemployed: Seeking work or waiting to start a job already obtained: Available to start working within 2 weeks,1,Part-time: 30 hours or less worked,0
E92000001,England,1,Lived at the same address one year ago,2,Economically active (excluding full-time students): Unemployed: Seeking work or waiting to start a job already obtained: Available to start working within 2 weeks,2,Full-time: 31 or more hours worked,0
E92000001,England,1,Lived at the same address one year ago,3,Economically active and a full-time student: In employment,-8,Does not apply,0
E92000001,England,1,Lived at the same address one year ago,3,Economically active and a full-time student: In employment,1,Part-time: 30 hours or less worked,444891
E92000001,England,1,Lived at the same address one year ago,3,Economically active and a full-time student: In employment,2,Full-time: 31 or more hours worked,112580
E92000001,England,1,Lived at the same address one year ago,4,Economically active and a full-time student: Unemployed: Seeking work or waiting to start a job already obtained: Available to start working within 2 weeks,-8,Does not apply,182460
E92000001,England,1,Lived at the same address one year ago,4,Economically active and a full-time student: Unemployed: Seeking work or waiting to start a job already obtained: Available to start working within 2 weeks,1,Part-time: 30 hours or less worked,0
E92000001,England,1,Lived at the same address one year ago,4,Economically active and a full-time student: Unemployed: Seeking work or waiting to start a job already obtained: Available to start working within 2 weeks,2,Full-time: 31 or more hours worked,0
E92000001,England,1,Lived at the same address one year ago,5,Economically inactive: Retired,-8,Does not apply,9554684
E92000001,England,1,Lived at the same address one year ago,5,Economically inactive: Retired,1,Part-time: 30 hours or less worked,0
E92000001,England,1,Lived at the same address one year ago,5,Economically inactive: Retired,2,Full-time: 31 or more hours worked,0
E92000001,England,1,Lived at the same address one year ago,6,Economically inactive: Student,-8,Does not apply,1863275
E92000001,England,1,Lived at the same address one year ago,6,Economically inactive: Student,1,Part-time: 30 hours or less worked,0
E92000001,England,1,Lived at the same address one year ago,6,Economically inactive: Student,2,Full-time: 31 or more hours worked,0
E92000001,England,1,Lived at the same address one year ago,7,Economically inactive: Looking after home or family,-8,Does not apply,1985785
E92000001,England,1,Lived at the same address one year ago,7,Economically inactive: Looking after home or family,1,Part-time: 30 hours or less worked,0
E92000001,England,1,Lived at the same address one year ago,7,Economically inactive: Looking after home or family,2,Full-time: 31 or more hours worked,0
E92000001,England,1,Lived at the same address one year ago,8,Economically inactive: Long-term sick or disabled,-8,Does not apply,1742939
E92000001,England,1,Lived at the same address one year ago,8,Economically inactive: Long-term sick or disabled,1,Part-time: 30 hours or less worked,0
E92000001,England,1,Lived at the same address one year ago,8,Economically inactive: Long-term sick or disabled,2,Full-time: 31 or more hours worked,0
E92000001,England,1,Lived at the same address one year ago,9,Economically inactive: Other,-8,Does not apply,1251736
E92000001,England,1,Lived at the same address one year ago,9,Economically inactive: Other,1,Part-time: 30 hours or less worked,0
E92000001,England,1,Lived at the same address one year ago,9,Economically inactive: Other,2,Full-time: 31 or more hours worked,0
E92000001,England,2,"Inflow: lived elsewhere one year ago, but within the same area",-8,Does not apply,-8,Does not apply,861917
E92000001,England,2,"Inflow: lived elsewhere one year ago, but within the same area",-8,Does not apply,1,Part-time: 30 hours or less worked,0
E92000001,England,2,"Inflow: lived elsewhere one year ago, but within the same area",-8,Does not apply,2,Full-time: 31 or more hours worked,0
E92000001,England,2,"Inflow: lived elsewhere one year ago, but within the same area",1,Economically active (excluding full-time students): In employment,-8,Does not apply,0
E92000001,England,2,"Inflow: lived elsewhere one year ago, but within the same area",1,Economically active (excluding full-time students): In employment,1,Part-time: 30 hours or less worked,585962
E92000001,England,2,"Inflow: lived elsewhere one year ago, but within the same area",1,Economically active (excluding full-time students): In employment,2,Full-time: 31 or more hours worked,2314113
E92000001,England,2,"Inflow: lived elsewhere one year ago, but within the same area",2,Economically active (excluding full-time students): Unemployed: Seeking work or waiting to start a job already obtained: Available to start working within 2 weeks,-8,Does not apply,168594
E92000001,England,2,"Inflow: lived elsewhere one year ago, but within the same area",2,Economically active (excluding full-time students): Unemployed: Seeking work or waiting to start a job already obtained: Available to start working within 2 weeks,1,Part-time: 30 hours or less worked,0
E92000001,England,2,"Inflow: lived elsewhere one year ago, but within the same area",2,Economically active (excluding full-time students): Unemployed: Seeking work or waiting to start a job already obtained: Available to start working within 2 weeks,2,Full-time: 31 or more hours worked,0
E92000001,England,2,"Inflow: lived elsewhere one year ago, but within the same area",3,Economically active and a full-time student: In employment,-8,Does not apply,0
E92000001,England,2,"Inflow: lived elsewhere one year ago, but within the same area",3,Economically active and a full-time student: In employment,1,Part-time: 30 hours or less worked,153643
E92000001,England,2,"Inflow: lived elsewhere one year ago, but within the same area",3,Economically active and a full-time student: In employment,2,Full-time: 31 or more hours worked,41101
E92000001,England,2,"Inflow: lived elsewhere one year ago, but within the same area",4,Economically active and a full-time student: Unemployed: Seeking work or waiting to start a job already obtained: Available to start working within 2 weeks,-8,Does not apply,80591
E92000001,England,2,"Inflow: lived elsewhere one year ago, but within the same area",4,Economically active and a full-time student: Unemployed: Seeking work or waiting to start a job already obtained: Available to start working within 2 weeks,1,Part-time: 30 hours or less worked,0
E92000001,England,2,"Inflow: lived elsewhere one year ago, but within the same area",4,Economically active and a full-time student: Unemployed: Seeking work or waiting to start a job already obtained: Available to start working within 2 weeks,2,Full-time: 31 or more hours worked,0
E92000001,England,2,"Inflow: lived elsewhere one year ago, but within the same area",5,Economically inactive: Retired,-8,Does not apply,296183
E92000001,England,2,"Inflow: lived elsewhere one year ago, but within the same area",5,Economically inactive: Retired,1,Part-time: 30 hours or less worked,0
E92000001,England,2,"Inflow: lived elsewhere one year ago, but within the same area",5,Economically inactive: Retired,2,Full-time: 31 or more hours worked,0
E92000001,England,2,"Inflow: lived elsewhere one year ago, but within the same area",6,Economically inactive: Student,-8,Does not apply,620031
E92000001,England,2,"Inflow: lived elsewhere one year ago, but within the same area",6,Economically inactive: Student,1,Part-time: 30 hours or less worked,0
E92000001,England,2,"Inflow: lived elsewhere one year ago, but within the same area",6,Economically inactive: Student,2,Full-time: 31 or more hours worked,0
E92000001,England,2,"Inflow: lived elsewhere one year ago, but within the same area",7,Economically inactive: Looking after home or family,-8,Does not apply,184988
E92000001,England,2,"Inflow: lived elsewhere one year ago, but within the same area",7,Economically inactive: Looking after home or family,1,Part-time: 30 hours or less worked,0
E92000001,England,2,"Inflow: lived elsewhere one year ago, but within the same area",7,Economically inactive: Looking after home or family,2,Full-time: 31 or more hours worked,0
E92000001,England,2,"Inflow: lived elsewhere one year ago, but within the same area",8,Economically inactive: Long-term sick or disabled,-8,Does not apply,127792
E92000001,England,2,"Inflow: lived elsewhere one year ago, but within the same area",8,Economically inactive: Long-term sick or disabled,1,Part-time: 30 hours or less worked,0
E92000001,England,2,"Inflow: lived elsewhere one year ago, but within the same area",8,Economically inactive: Long-term sick or disabled,2,Full-time: 31 or more hours worked,0
E92000001,England,2,"Inflow: lived elsewhere one year ago, but within the same area",9,Economically inactive: Other,-8,Does not apply,161599
E92000001,England,2,"Inflow: lived elsewhere one year ago, but within the same area",9,Economically inactive: Other,1,Part-time: 30 hours or less worked,0
E92000001,England,2,"Inflow: lived elsewhere one year ago, but within the same area",9,Economically inactive: Other,2,Full-time: 31 or more hours worked,0
E92000001,England,3,"Inflow: lived elsewhere one year ago outside the area, but within the associated area",-8,Does not apply,-8,Does not apply,5386
E92000001,England,3,"Inflow: lived elsewhere one year ago outside the area, but within the associated area",-8,Does not apply,1,Part-time: 30 hours or less worked,0
E92000001,England,3,"Inflow: lived elsewhere one year ago outside the area, but within the associated area",-8,Does not apply,2,Full-time: 31 or more hours worked,0
E92000001,England,3,"Inflow: lived elsewhere one year ago outside the area, but within the associated area",1,Economically active (excluding full-time students): In employment,-8,Does not apply,0
E92000001,England,3,"Inflow: lived elsewhere one year ago outside the area, but within the associated area",1,Economically active (excluding full-time students): In employment,1,Part-time: 30 hours or less worked,5713
E92000001,England,3,"Inflow: lived elsewhere one year ago outside the area, but within the associated area",1,Economically active (excluding full-time students): In employment,2,Full-time: 31 or more hours worked,27699
E92000001,England,3,"Inflow: lived elsewhere one year ago outside the area, but within the associated area",2,Economically active (excluding full-time students): Unemployed: Seeking work or waiting to start a job already obtained: Available to start working within 2 weeks,-8,Does not apply,3384
E92000001,England,3,"Inflow: lived elsewhere one year ago outside the area, but within the associated area",2,Economically active (excluding full-time students): Unemployed: Seeking work or waiting to start a job already obtained: Available to start working within 2 weeks,1,Part-time: 30 hours or less worked,0
E92000001,England,3,"Inflow: lived elsewhere one year ago outside the area, but within the associated area",2,Economically active (excluding full-time students): Unemployed: Seeking work or waiting to start a job already obtained: Available to start working within 2 weeks,2,Full-time: 31 or more hours worked,0
E92000001,England,3,"Inflow: lived elsewhere one year ago outside the area, but within the associated area",3,Economically active and a full-time student: In employment,-8,Does not apply,0
E92000001,England,3,"Inflow: lived elsewhere one year ago outside the area, but within the associated area",3,Economically active and a full-time student: In employment,1,Part-time: 30 hours or less worked,2657
E92000001,England,3,"Inflow: lived elsewhere one year ago outside the area, but within the associated area",3,Economically active and a full-time student: In employment,2,Full-time: 31 or more hours worked,933
E92000001,England,3,"Inflow: lived elsewhere one year ago outside the area, but within the associated area",4,Economically active and a full-time student: Unemployed: Seeking work or waiting to start a job already obtained: Available to start working within 2 weeks,-8,Does not apply,2087
E92000001,England,3,"Inflow: lived elsewhere one year ago outside the area, but within the associated area",4,Economically active and a full-time student: Unemployed: Seeking work or waiting to start a job already obtained: Available to start working within 2 weeks,1,Part-time: 30 hours or less worked,0
E92000001,England,3,"Inflow: lived elsewhere one year ago outside the area, but within the associated area",4,Economically active and a full-time student: Unemployed: Seeking work or waiting to start a job already obtained: Available to start working within 2 weeks,2,Full-time: 31 or more hours worked,0
E92000001,England,3,"Inflow: lived elsewhere one year ago outside the area, but within the associated area",5,Economically inactive: Retired,-8,Does not apply,5418
E92000001,England,3,"Inflow: lived elsewhere one year ago outside the area, but within the associated area",5,Economically inactive: Retired,1,Part-time: 30 hours or less worked,0
E92000001,England,3,"Inflow: lived elsewhere one year ago outside the area, but within the associated area",5,Economically inactive: Retired,2,Full-time: 31 or more hours worked,0
E92000001,England,3,"Inflow: lived elsewhere one year ago outside the area, but within the associated area",6,Economically inactive: Student,-8,Does not apply,17144
E92000001,England,3,"Inflow: lived elsewhere one year ago outside the area, but within the associated area",6,Economically inactive: Student,1,Part-time: 30 hours or less worked,0
E92000001,England,3,"Inflow: lived elsewhere one year ago outside the area, but within the associated area",6,Economically inactive: Student,2,Full-time: 31 or more hours worked,0
E92000001,England,3,"Inflow: lived elsewhere one year ago outside the area, but within the associated area",7,Economically inactive: Looking after home or family,-8,Does not apply,1784
E92000001,England,3,"Inflow: lived elsewhere one year ago outside the area, but within the associated area",7,Economically inactive: Looking after home or family,1,Part-time: 30 hours or less worked,0
E92000001,England,3,"Inflow: lived elsewhere one year ago outside the area, but within the associated area",7,Economically inactive: Looking after home or family,2,Full-time: 31 or more hours worked,0
E92000001,England,3,"Inflow: lived elsewhere one year ago outside the area, but within the associated area",8,Economically inactive: Long-term sick or disabled,-8,Does not apply,1229
E92000001,England,3,"Inflow: lived elsewhere one year ago outside the area, but within the associated area",8,Economically inactive: Long-term sick or disabled,1,Part-time: 30 hours or less worked,0
E92000001,England,3,"Inflow: lived elsewhere one year ago outside the area, but within the associated area",8,Economically inactive: Long-term sick or disabled,2,Full-time: 31 or more hours worked,0
E92000001,England,3,"Inflow: lived elsewhere one year ago outside the area, but within the associated area",9,Economically inactive: Other,-8,Does not apply,2549
E92000001,England,3,"Inflow: lived elsewhere one year ago outside the area, but within the associated area",9,Economically inactive: Other,1,Part-time: 30 hours or less worked,0
E92000001,England,3,"Inflow: lived elsewhere one year ago outside the area, but within the associated area",9,Economically inactive: Other,2,Full-time: 31 or more hours worked,0
E92000001,England,4,Inflow: lived elsewhere one year ago outside the UK,-8,Does not apply,-8,Does not apply,75868
E92000001,England,4,Inflow: lived elsewhere one year ago outside the UK,-8,Does not apply,1,Part-time: 30 hours or less worked,0
E92000001,England,4,Inflow: lived elsewhere one year ago outside the UK,-8,Does not apply,2,Full-time: 31 or more hours worked,0
E92000001,England,4,Inflow: lived elsewhere one year ago outside the UK,1,Economically active (excluding full-time students): In employment,-8,Does not apply,0
E92000001,England,4,Inflow: lived elsewhere one year ago outside the UK,1,Economically active (excluding full-time students): In employment,1,Part-time: 30 hours or less worked,38656
E92000001,England,4,Inflow: lived elsewhere one year ago outside the UK,1,Economically active (excluding full-time students): In employment,2,Full-time: 31 or more hours worked,156890
E92000001,England,4,Inflow: lived elsewhere one year ago outside the UK,2,Economically active (excluding full-time students): Unemployed: Seeking work or waiting to start a job already obtained: Available to start working within 2 weeks,-8,Does not apply,33721
E92000001,England,4,Inflow: lived elsewhere one year ago outside the UK,2,Economically active (excluding full-time students): Unemployed: Seeking work or waiting to start a job already obtained: Available to start working within 2 weeks,1,Part-time: 30 hours or less worked,0
E92000001,England,4,Inflow: lived elsewhere one year ago outside the UK,2,Economically active (excluding full-time students): Unemployed: Seeking work or waiting to start a job already obtained: Available to start working within 2 weeks,2,Full-time: 31 or more hours worked,0
E92000001,England,4,Inflow: lived elsewhere one year ago outside the UK,3,Economically active and a full-time student: In employment,-8,Does not apply,0
E92000001,England,4,Inflow: lived elsewhere one year ago outside the UK,3,Economically active and a full-time student: In employment,1,Part-time: 30 hours or less worked,13449
E92000001,England,4,Inflow: lived elsewhere one year ago outside the UK,3,Economically active and a full-time student: In employment,2,Full-time: 31 or more hours worked,3437
E92000001,England,4,Inflow: lived elsewhere one year ago outside the UK,4,Economically active and a full-time student: Unemployed: Seeking work or waiting to start a job already obtained: Available to start working within 2 weeks,-8,Does not apply,18421
E92000001,England,4,Inflow: lived elsewhere one year ago outside the UK,4,Economically active and a full-time student: Unemployed: Seeking work or waiting to start a job already obtained: Available to start working within 2 weeks,1,Part-time: 30 hours or less worked,0
E92000001,England,4,Inflow: lived elsewhere one year ago outside the UK,4,Economically active and a full-time student: Unemployed: Seeking work or waiting to start a job already obtained: Available to start working within 2 weeks,2,Full-time: 31 or more hours worked,0
E92000001,England,4,Inflow: lived elsewhere one year ago outside the UK,5,Economically inactive: Retired,-8,Does not apply,25769
E92000001,England,4,Inflow: lived elsewhere one year ago outside the UK,5,Economically inactive: Retired,1,Part-time: 30 hours or less worked,0
E92000001,England,4,Inflow: lived elsewhere one year ago outside the UK,5,Economically inactive: Retired,2,Full-time: 31 or more hours worked,0
E92000001,England,4,Inflow: lived elsewhere one year ago outside the UK,6,Economically inactive: Student,-8,Does not apply,95003
E92000001,England,4,Inflow: lived elsewhere one year ago outside the UK,6,Economically inactive: Student,1,Part-time: 30 hours or less worked,0
E92000001,England,4,Inflow: lived elsewhere one year ago outside the UK,6,Economically inactive: Student,2,Full-time: 31 or more hours worked,0
E92000001,England,4,Inflow: lived elsewhere one year ago outside the UK,7,Economically inactive: Looking after home or family,-8,Does not apply,35181
E92000001,England,4,Inflow: lived elsewhere one year ago outside the UK,7,Economically inactive: Looking after home or family,1,Part-time: 30 hours or less worked,0
E92000001,England,4,Inflow: lived elsewhere one year ago outside the UK,7,Economically inactive: Looking after home or family,2,Full-time: 31 or more hours worked,0
E92000001,England,4,Inflow: lived elsewhere one year ago outside the UK,8,Economically inactive: Long-term sick or disabled,-8,Does not apply,2340
E92000001,England,4,Inflow: lived elsewhere one year ago outside the UK,8,Economically inactive: Long-term sick or disabled,1,Part-time: 30 hours or less worked,0
E92000001,England,4,Inflow: lived elsewhere one year ago outside the UK,8,Economically inactive: Long-term sick or disabled,2,Full-time: 31 or more hours worked,0
E92000001,England,4,Inflow: lived elsewhere one year ago outside the UK,9,Economically inactive: Other,-8,Does not apply,30026
E92000001,England,4,Inflow: lived elsewhere one year ago outside the UK,9,Economically inactive: Other,1,Part-time: 30 hours or less worked,0
E92000001,England,4,Inflow: lived elsewhere one year ago outside the UK,9,Economically inactive: Other,2,Full-time: 31 or more hours worked,0
W92000004,Wales,-8,Does not apply,-8,Does not apply,-8,Does not apply,0
W92000004,Wales,-8,Does not apply,-8,Does not apply,1,Part-time: 30 hours or less worked,0
W92000004,Wales,-8,Does not apply,-8,Does not apply,2,Full-time: 31 or more hours worked,0
W92000004,Wales,-8,Does not apply,1,Economically active (excluding full-time students): In employment,-8,Does not apply,0
W92000004,Wales,-8,Does not apply,1,Economically active (excluding full-time students): In employment,1,Part-time: 30 hours or less worked,0
W92000004,Wales,-8,Does not apply,1,Economically active (excluding full-time students): In employment,2,Full-time: 31 or more hours worked,0
W92000004,Wales,-8,Does not apply,2,Economically active (excluding full-time students): Unemployed: Seeking work or waiting to start a job already obtained: Available to start working within 2 weeks,-8,Does not apply,0
W92000004,Wales,-8,Does not apply,2,Economically active (excluding full-time students): Unemployed: Seeking work or waiting to start a job already obtained: Available to start working within 2 weeks,1,Part-time: 30 hours or less worked,0
W92000004,Wales,-8,Does not apply,2,Economically active (excluding full-time students): Unemployed: Seeking work or waiting to start a job already obtained: Available to start working within 2 weeks,2,Full-time: 31 or more hours worked,0
W92000004,Wales,-8,Does not apply,3,Economically active and a full-time student: In employment,-8,Does not apply,0
W92000004,Wales,-8,Does not apply,3,Economically active and a full-time student: In employment,1,Part-time: 30 hours or less worked,0
W92000004,Wales,-8,Does not apply,3,Economically active and a full-time student: In employment,2,Full-time: 31 or more hours worked,0
W92000004,Wales,-8,Does not apply,4,Economically active and a full-time student: Unemployed: Seeking work or waiting to start a job already obtained: Available to start working within 2 weeks,-8,Does not apply,0
W92000004,Wales,-8,Does not apply,4,Economically active and a full-time student: Unemployed: Seeking work or waiting to start a job already obtained: Available to start working within 2 weeks,1,Part-time: 30 hours or less worked,0
W92000004,Wales,-8,Does not apply,4,Economically active and a full-time student: Unemployed: Seeking work or waiting to start a job already obtained: Available to start working within 2 weeks,2,Full-time: 31 or more hours worked,0
W92000004,Wales,-8,Does not apply,5,Economically inactive: Retired,-8,Does not apply,0
W92000004,Wales,-8,Does not apply,5,Economically inactive: Retired,1,Part-time: 30 hours or less worked,0
W92000004,Wales,-8,Does not apply,5,Economically inactive: Retired,2,Full-time: 31 or more hours worked,0
W92000004,Wales,-8,Does not apply,6,Economically inactive: Student,-8,Does not apply,0
W92000004,Wales,-8,Does not apply,6,Economically inactive: Student,1,Part-time: 30 hours or less worked,0
W92000004,Wales,-8,Does not apply,6,Economically inactive: Student,2,Full-time: 31 or more hours worked,0
W92000004,Wales,-8,Does not apply,7,Economically inactive: Looking after home or family,-8,Does not apply,0
W92000004,Wales,-8,Does not apply,7,Economically inactive: Looking after home or family,1,Part-time: 30 hours or less worked,0
W92000004,Wales,-8,Does not apply,7,Economically inactive: Looking after home or family,2,Full-time: 31 or more hours worked,0
W92000004,Wales,-8,Does not apply,8,Economically inactive: Long-term sick or disabled,-8,Does not apply,0
W92000004,Wales,-8,Does not apply,8,Economically inactive: Long-term sick or disabled,1,Part-time: 30 hours or less worked,0
W92000004,Wales,-8,Does not apply,8,Economically inactive: Long-term sick or disabled,2,Full-time: 31 or more hours worked,0
W92000004,Wales,-8,Does not apply,9,Economically inactive: Other,-8,Does not apply,0
W92000004,Wales,-8,Does not apply,9,Economically inactive: Other,1,Part-time: 30 hours or less worked,0
W92000004,Wales,-8,Does not apply,9,Economically inactive: Other,2,Full-time: 31 or more hours worked,0
W92000004,Wales,1,Lived at the same address one year ago,-8,Does not apply,-8,Does not apply,474504
W92000004,Wales,1,Lived at the same address one year ago,-8,Does not apply,1,Part-time: 30 hours or less worked,0
W92000004,Wales,1,Lived at the same address one year ago,-8,Does not apply,2,Full-time: 31 or more hours worked,0
W92000004,Wales,1,Lived at the same address one year ago,1,Economically active (excluding full-time students): In employment,-8,Does not apply,0
W92000004,Wales,1,Lived at the same address one year ago,1,Economically active (excluding full-time students): In employment,1,Part-time: 30 hours or less worked,347343
W92000004,Wales,1,Lived at the same address one year ago,1,Economically active (excluding full-time students): In employment,2,Full-time: 31 or more hours worked,850997
W92000004,Wales,1,Lived at the same address one year ago,2,Economically active (excluding full-time students): Unemployed: Seeking work or waiting to start a job already obtained: Available to start working within 2 weeks,-8,Does not apply,54244
W92000004,Wales,1,Lived at the same address one year ago,2,Economically active (excluding full-time students): Unemployed: Seeking work or waiting to start a job already obtained: Available to start working within 2 weeks,1,Part-time: 30 hours or less worked,0
W92000004,Wales,1,Lived at the same address one year ago,2,Economically active (excluding full-time students): Unemployed: Seeking work or waiting to start a job already obtained: Available to start working within 2 weeks,2,Full-time: 31 or more hours worked,0
W92000004,Wales,1,Lived at the same address one year ago,3,Economically active and a full-time student: In employment,-8,Does not apply,0
W92000004,Wales,1,Lived at the same address one year ago,3,Economically active and a full-time student: In employment,1,Part-time: 30 hours or less worked,24407
W92000004,Wales,1,Lived at the same address one year ago,3,Economically active and a full-time student: In employment,2,Full-time: 31 or more hours worked,5463
W92000004,Wales,1,Lived at the same address one year ago,4,Economically active and a full-time student: Unemployed: Seeking work or waiting to start a job already obtained: Available to start working within 2 weeks,-8,Does not apply,9858
W92000004,Wales,1,Lived at the same address one year ago,4,Economically active and a full-time student: Unemployed: Seeking work or waiting to start a job already obtained: Available to start working within 2 weeks,1,Part-time: 30 hours or less worked,0
W92000004,Wales,1,Lived at the same address one year ago,4,Economically active and a full-time student: Unemployed: Seeking work or waiting to start a job already obtained: Available to start working within 2 weeks,2,Full-time: 31 or more hours worked,0
W92000004,Wales,1,Lived at the same address one year ago,5,Economically inactive: Retired,-8,Does not apply,612556
W92000004,Wales,1,Lived at the same address one year ago,5,Economically inactive: Retired,1,Part-time: 30 hours or less worked,0
W92000004,Wales,1,Lived at the same address one year ago,5,Economically inactive: Retired,2,Full-time: 31 or more hours worked,0
W92000004,Wales,1,Lived at the same address one year ago,6,Economically inactive: Student,-8,Does not apply,101433
W92000004,Wales,1,Lived at the same address one year ago,6,Economically inactive: Student,1,Part-time: 30 hours or less worked,0
W92000004,Wales,1,Lived at the same address one year ago,6,Economically inactive: Student,2,Full-time: 31 or more hours worked,0
W92000004,Wales,1,Lived at the same address one year ago,7,Economically inactive: Looking after home or family,-8,Does not apply,99591
W92000004,Wales,1,Lived at the same address one year ago,7,Economically inactive: Looking after home or family,1,Part-time: 30 hours or less worked,0
W92000004,Wales,1,Lived at the same address one year ago,7,Economically inactive: Looking after home or family,2,Full-time: 31 or more hours worked,0
W92000004,Wales,1,Lived at the same address one year ago,8,Economically inactive: Long-term sick or disabled,-8,Does not apply,141184
W92000004,Wales,1,Lived at the same address one year ago,8,Economically inactive: Long-term sick or disabled,1,Part-time: 30 hours or less worked,0
W92000004,Wales,1,Lived at the same address one year ago,8,Economically inactive: Long-term sick or disabled,2,Full-time: 31 or more hours worked,0
W92000004,Wales,1,Lived at the same address one year ago,9,Economically inactive: Other,-8,Does not apply,65148
W92000004,Wales,1,Lived at the same address one year ago,9,Economically inactive: Other,1,Part-time: 30 hours or less worked,0
W92000004,Wales,1,Lived at the same address one year ago,9,Economically inactive: Other,2,Full-time: 31 or more hours worked,0
W92000004,Wales,2,"Inflow: lived elsewhere one year ago, but within the same area",-8,Does not apply,-8,Does not apply,38827
W92000004,Wales,2,"Inflow: lived elsewhere one year ago, but within the same area",-8,Does not apply,1,Part-time: 30 hours or less worked,0
W92000004,Wales,2,"Inflow: lived elsewhere one year ago, but within the same area",-8,Does not apply,2,Full-time: 31 or more hours worked,0
W92000004,Wales,2,"Inflow: lived elsewhere one year ago, but within the same area",1,Economically active (excluding full-time students): In employment,-8,Does not apply,0
W92000004,Wales,2,"Inflow: lived elsewhere one year ago, but within the same area",1,Economically active (excluding full-time students): In employment,1,Part-time: 30 hours or less worked,22537
W92000004,Wales,2,"Inflow: lived elsewhere one year ago, but within the same area",1,Economically active (excluding full-time students): In employment,2,Full-time: 31 or more hours worked,78054
W92000004,Wales,2,"Inflow: lived elsewhere one year ago, but within the same area",2,Economically active (excluding full-time students): Unemployed: Seeking work or waiting to start a job already obtained: Available to start working within 2 weeks,-8,Does not apply,5952
W92000004,Wales,2,"Inflow: lived elsewhere one year ago, but within the same area",2,Economically active (excluding full-time students): Unemployed: Seeking work or waiting to start a job already obtained: Available to start working within 2 weeks,1,Part-time: 30 hours or less worked,0
W92000004,Wales,2,"Inflow: lived elsewhere one year ago, but within the same area",2,Economically active (excluding full-time students): Unemployed: Seeking work or waiting to start a job already obtained: Available to start working within 2 weeks,2,Full-time: 31 or more hours worked,0
W92000004,Wales,2,"Inflow: lived elsewhere one year ago, but within the same area",3,Economically active and a full-time student: In employment,-8,Does not apply,0
W92000004,Wales,2,"Inflow: lived elsewhere one year ago, but within the same area",3,Economically active and a full-time student: In employment,1,Part-time: 30 hours or less worked,6450
W92000004,Wales,2,"Inflow: lived elsewhere one year ago, but within the same area",3,Economically active and a full-time student: In employment,2,Full-time: 31 or more hours worked,1222
W92000004,Wales,2,"Inflow: lived elsewhere one year ago, but within the same area",4,Economically active and a full-time student: Unemployed: Seeking work or waiting to start a job already obtained: Available to start working within 2 weeks,-8,Does not apply,2970
W92000004,Wales,2,"Inflow: lived elsewhere one year ago, but within the same area",4,Economically active and a full-time student: Unemployed: Seeking work or waiting to start a job already obtained: Available to start working within 2 weeks,1,Part-time: 30 hours or less worked,0
W92000004,Wales,2,"Inflow: lived elsewhere one year ago, but within the same area",4,Economically active and a full-time student: Unemployed: Seeking work or waiting to start a job already obtained: Available to start working within 2 weeks,2,Full-time: 31 or more hours worked,0
W92000004,Wales,2,"Inflow: lived elsewhere one year ago, but within the same area",5,Economically inactive: Retired,-8,Does not apply,13190
W92000004,Wales,2,"Inflow: lived elsewhere one year ago, but within the same area",5,Economically inactive: Retired,1,Part-time: 30 hours or less worked,0
W92000004,Wales,2,"Inflow: lived elsewhere one year ago, but within the same area",5,Economically inactive: Retired,2,Full-time: 31 or more hours worked,0
W92000004,Wales,2,"Inflow: lived elsewhere one year ago, but within the same area",6,Economically inactive: Student,-8,Does not apply,26579
W92000004,Wales,2,"Inflow: lived elsewhere one year ago, but within the same area",6,Economically inactive: Student,1,Part-time: 30 hours or less worked,0
W92000004,Wales,2,"Inflow: lived elsewhere one year ago, but within the same area",6,Economically inactive: Student,2,Full-time: 31 or more hours worked,0
W92000004,Wales,2,"Inflow: lived elsewhere one year ago, but within the same area",7,Economically inactive: Looking after home or family,-8,Does not apply,7576
W92000004,Wales,2,"Inflow: lived elsewhere one year ago, but within the same area",7,Economically inactive: Looking after home or family,1,Part-time: 30 hours or less worked,0
W92000004,Wales,2,"Inflow: lived elsewhere one year ago, but within the same area",7,Economically inactive: Looking after home or family,2,Full-time: 31 or more hours worked,0
W92000004,Wales,2,"Inflow: lived elsewhere one year ago, but within the same area",8,Economically inactive: Long-term sick or disabled,-8,Does not apply,8860
W92000004,Wales,2,"Inflow: lived elsewhere one year ago, but within the same area",8,Economically inactive: Long-term sick or disabled,1,Part-time: 30 hours or less worked,0
W92000004,Wales,2,"Inflow: lived elsewhere one year ago, but within the same area",8,Economically inactive: Long-term sick or disabled,2,Full-time: 31 or more hours worked,0
W92000004,Wales,2,"Inflow: lived elsewhere one year ago, but within the same area",9,Economically inactive: Other,-8,Does not apply,6641
W92000004,Wales,2,"Inflow: lived elsewhere one year ago, but within the same area",9,Economically inactive: Other,1,Part-time: 30 hours or less worked,0
W92000004,Wales,2,"Inflow: lived elsewhere one year ago, but within the same area",9,Economically inactive: Other,2,Full-time: 31 or more hours worked,0
W92000004,Wales,3,"Inflow: lived elsewhere one year ago outside the area, but within the associated area",-8,Does not apply,-8,Does not apply,4489
W92000004,Wales,3,"Inflow: lived elsewhere one year ago outside the area, but within the associated area",-8,Does not apply,1,Part-time: 30 hours or less worked,0
W92000004,Wales,3,"Inflow: lived elsewhere one year ago outside the area, but within the associated area",-8,Does not apply,2,Full-time: 31 or more hours worked,0
W92000004,Wales,3,"Inflow: lived elsewhere one year ago outside the area, but within the associated area",1,Economically active (excluding full-time students): In employment,-8,Does not apply,0
W92000004,Wales,3,"Inflow: lived elsewhere one year ago outside the area, but within the associated area",1,Economically active (excluding full-time students): In employment,1,Part-time: 30 hours or less worked,5157
W92000004,Wales,3,"Inflow: lived elsewhere one year ago outside the area, but within the associated area",1,Economically active (excluding full-time students): In employment,2,Full-time: 31 or more hours worked,18335
W92000004,Wales,3,"Inflow: lived elsewhere one year ago outside the area, but within the associated area",2,Economically active (excluding full-time students): Unemployed: Seeking work or waiting to start a job already obtained: Available to start working within 2 weeks,-8,Does not apply,2501
W92000004,Wales,3,"Inflow: lived elsewhere one year ago outside the area, but within the associated area",2,Economically active (excluding full-time students): Unemployed: Seeking work or waiting to start a job already obtained: Available to start working within 2 weeks,1,Part-time: 30 hours or less worked,0
W92000004,Wales,3,"Inflow: lived elsewhere one year ago outside the area, but within the associated area",2,Economically active (excluding full-time students): Unemployed: Seeking work or waiting to start a job already obtained: Available to start working within 2 weeks,2,Full-time: 31 or more hours worked,0
W92000004,Wales,3,"Inflow: lived elsewhere one year ago outside the area, but within the associated area",3,Economically active and a full-time student: In employment,-8,Does not apply,0
W92000004,Wales,3,"Inflow: lived elsewhere one year ago outside the area, but within the associated area",3,Economically active and a full-time student: In employment,1,Part-time: 30 hours or less worked,2020
W92000004,Wales,3,"Inflow: lived elsewhere one year ago outside the area, but within the associated area",3,Economically active and a full-time student: In employment,2,Full-time: 31 or more hours worked,454
W92000004,Wales,3,"Inflow: lived elsewhere one year ago outside the area, but within the associated area",4,Economically active and a full-time student: Unemployed: Seeking work or waiting to start a job already obtained: Available to start working within 2 weeks,-8,Does not apply,1579
W92000004,Wales,3,"Inflow: lived elsewhere one year ago outside the area, but within the associated area",4,Economically active and a full-time student: Unemployed: Seeking work or waiting to start a job already obtained: Available to start working within 2 weeks,1,Part-time: 30 hours or less worked,0
W92000004,Wales,3,"Inflow: lived elsewhere one year ago outside the area, but within the associated area",4,Economically active and a full-time student: Unemployed: Seeking work or waiting to start a job already obtained: Available to start working within 2 weeks,2,Full-time: 31 or more hours worked,0
W92000004,Wales,3,"Inflow: lived elsewhere one year ago outside the area, but within the associated area",5,Economically inactive: Retired,-8,Does not apply,4893
W92000004,Wales,3,"Inflow: lived elsewhere one year ago outside the area, but within the associated area",5,Economically inactive: Retired,1,Part-time: 30 hours or less worked,0
W92000004,Wales,3,"Inflow: lived elsewhere one year ago outside the area, but within the associated area",5,Economically inactive: Retired,2,Full-time: 31 or more hours worked,0
W92000004,Wales,3,"Inflow: lived elsewhere one year ago outside the area, but within the associated area",6,Economically inactive: Student,-8,Does not apply,13297
W92000004,Wales,3,"Inflow: lived elsewhere one year ago outside the area, but within the associated area",6,Economically inactive: Student,1,Part-time: 30 hours or less worked,0
W92000004,Wales,3,"Inflow: lived elsewhere one year ago outside the area, but within the associated area",6,Economically inactive: Student,2,Full-time: 31 or more hours worked,0
W92000004,Wales,3,"Inflow: lived elsewhere one year ago outside the area, but within the associated area",7,Economically inactive: Looking after home or family,-8,Does not apply,1565
W92000004,Wales,3,"Inflow: lived elsewhere one year ago outside the area, but within the associated area",7,Economically inactive: Looking after home or family,1,Part-time: 30 hours or less worked,0
W92000004,Wales,3,"Inflow: lived elsewhere one year ago outside the area, but within the associated area",7,Economically inactive: Looking after home or family,2,Full-time: 31 or more hours worked,0
W92000004,Wales,3,"Inflow: lived elsewhere one year ago outside the area, but within the associated area",8,Economically inactive: Long-term sick or disabled,-8,Does not apply,1189
W92000004,Wales,3,"Inflow: lived elsewhere one year ago outside the area, but within the associated area",8,Economically inactive: Long-term sick or disabled,1,Part-time: 30 hours or less worked,0
W92000004,Wales,3,"Inflow: lived elsewhere one year ago outside the area, but within the associated area",8,Economically inactive: Long-term sick or disabled,2,Full-time: 31 or more hours worked,0
W92000004,Wales,3,"Inflow: lived elsewhere one year ago outside the area, but within the associated area",9,Economically inactive: Other,-8,Does not apply,1756
W92000004,Wales,3,"Inflow: lived elsewhere one year ago outside the area, but within the associated area",9,Economically inactive: Other,1,Part-time: 30 hours or less worked,0
W92000004,Wales,3,"Inflow: lived elsewhere one year ago outside the area, but within the associated area",9,Economically inactive: Other,2,Full-time: 31 or more hours worked,0
W92000004,Wales,4,Inflow: lived elsewhere one year ago outside the UK,-8,Does not apply,-8,Does not apply,1922
W92000004,Wales,4,Inflow: lived elsewhere one year ago outside the UK,-8,Does not apply,1,Part-time: 30 hours or less worked,0
W92000004,Wales,4,Inflow: lived elsewhere one year ago outside the UK,-8,Does not apply,2,Full-time: 31 or more hours worked,0
W92000004,Wales,4,Inflow: lived elsewhere one year ago outside the UK,1,Economically active (excluding full-time students): In employment,-8,Does not apply,0
W92000004,Wales,4,Inflow: lived elsewhere one year ago outside the UK,1,Economically active (excluding full-time students): In employment,1,Part-time: 30 hours or less worked,1035
W92000004,Wales,4,Inflow: lived elsewhere one year ago outside the UK,1,Economically active (excluding full-time students): In employment,2,Full-time: 31 or more hours worked,4286
W92000004,Wales,4,Inflow: lived elsewhere one year ago outside the UK,2,Economically active (excluding full-time students): Unemployed: Seeking work or waiting to start a job already obtained: Available to start working within 2 weeks,-8,Does not apply,937
W92000004,Wales,4,Inflow: lived elsewhere one year ago outside the UK,2,Economically active (excluding full-time students): Unemployed: Seeking work or waiting to start a job already obtained: Available to start working within 2 weeks,1,Part-time: 30 hours or less worked,0
W92000004,Wales,4,Inflow: lived elsewhere one year ago outside the UK,2,Economically active (excluding full-time students): Unemployed: Seeking work or waiting to start a job already obtained: Available to start working within 2 weeks,2,Full-time: 31 or more hours worked,0
W92000004,Wales,4,Inflow: lived elsewhere one year ago outside the UK,3,Economically active and a full-time student: In employment,-8,Does not apply,0
W92000004,Wales,4,Inflow: lived elsewhere one year ago outside the UK,3,Economically active and a full-time student: In employment,1,Part-time: 30 hours or less worked,617
W92000004,Wales,4,Inflow: lived elsewhere one year ago outside the UK,3,Economically active and a full-time student: In employment,2,Full-time: 31 or more hours worked,73
W92000004,Wales,4,Inflow: lived elsewhere one year ago outside the UK,4,Economically active and a full-time student: Unemployed: Seeking work or waiting to start a job already obtained: Available to start working within 2 weeks,-8,Does not apply,856
W92000004,Wales,4,Inflow: lived elsewhere one year ago outside the UK,4,Economically active and a full-time student: Unemployed: Seeking work or waiting to start a job already obtained: Available to start working within 2 weeks,1,Part-time: 30 hours or less worked,0
W92000004,Wales,4,Inflow: lived elsewhere one year ago outside the UK,4,Economically active and a full-time student: Unemployed: Seeking work or waiting to start a job already obtained: Available to start working within 2 weeks,2,Full-time: 31 or more hours worked,0
W92000004,Wales,4,Inflow: lived elsewhere one year ago outside the UK,5,Economically inactive: Retired,-8,Does not apply,1020
W92000004,Wales,4,Inflow: lived elsewhere one year ago outside the UK,5,Economically inactive: Retired,1,Part-time: 30 hours or less worked,0
W92000004,Wales,4,Inflow: lived elsewhere one year ago outside the UK,5,Economically inactive: Retired,2,Full-time: 31 or more hours worked,0
W92000004,Wales,4,Inflow: lived elsewhere one year ago outside the UK,6,Economically inactive: Student,-8,Does not apply,3872
W92000004,Wales,4,Inflow: lived elsewhere one year ago outside the UK,6,Economically inactive: Student,1,Part-time: 30 hours or less worked,0
W92000004,Wales,4,Inflow: lived elsewhere one year ago outside the UK,6,Economically inactive: Student,2,Full-time: 31 or more hours worked,0
W92000004,Wales,4,Inflow: lived elsewhere one year ago outside the UK,7,Economically inactive: Looking after home or family,-8,Does not apply,872
W92000004,Wales,4,Inflow: lived elsewhere one year ago outside the UK,7,Economically inactive: Looking after home or family,1,Part-time: 30 hours or less worked,0
W92000004,Wales,4,Inflow: lived elsewhere one year ago outside the UK,7,Economically inactive: Looking after home or family,2,Full-time: 31 or more hours worked,0
W92000004,Wales,4,Inflow: lived elsewhere one year ago outside the UK,8,Economically inactive: Long-term sick or disabled,-8,Does not apply,87
W92000004,Wales,4,Inflow: lived elsewhere one year ago outside the UK,8,Economically inactive: Long-term sick or disabled,1,Part-time: 30 hours or less worked,0
W92000004,Wales,4,Inflow: lived elsewhere one year ago outside the UK,8,Economically inactive: Long-term sick or disabled,2,Full-time: 31 or more hours worked,0
W92000004,Wales,4,Inflow: lived elsewhere one year ago outside the UK,9,Economically inactive: Other,-8,Does not apply,757
W92000004,Wales,4,Inflow: lived elsewhere one year ago outside the UK,9,Economically inactive: Other,1,Part-time: 30 hours or less worked,0
W92000004,Wales,4,Inflow: lived elsewhere one year ago outside the UK,9,Economically inactive: Other,2,Full-time: 31 or more hours worked,0
