Migrant country one year ago code,Migrant country one year ago label,Migration Country (outflow) (2 categories) code,Migration Country (outflow) (2 categories) label,Economic activity status (10 categories) code,Economic activity status (10 categories) label,Hours worked (3 categories) code,Hours worked (3 categories) label,Count
-8,Does not apply,-8,Does not apply,-8,Does not apply,-8,Does not apply,9438209
-8,Does not apply,-8,Does not apply,-8,Does not apply,1,Part-time: 30 hours or less worked,0
-8,Does not apply,-8,Does not apply,-8,Does not apply,2,Full-time: 31 or more hours worked,0
-8,Does not apply,-8,Does not apply,1,Economically active (excluding full-time students): In employment,-8,Does not apply,0
-8,Does not apply,-8,Does not apply,1,Economically active (excluding full-time students): In employment,1,Part-time: 30 hours or less worked,6976406
-8,Does not apply,-8,Does not apply,1,Economically active (excluding full-time students): In employment,2,Full-time: 31 or more hours worked,16742200
-8,Does not apply,-8,Does not apply,2,Economically active (excluding full-time students): Unemployed: Seeking work or waiting to start a job already obtained: Available to start working within 2 weeks,-8,Does not apply,1162982
-8,Does not apply,-8,Does not apply,2,Economically active (excluding full-time students): Unemployed: Seeking work or waiting to start a job already obtained: Available to start working within 2 weeks,1,Part-time: 30 hours or less worked,0
-8,Does not apply,-8,Does not apply,2,Economically active (excluding full-time students): Unemployed: Seeking work or waiting to start a job already obtained: Available to start working within 2 weeks,2,Full-time: 31 or more hours worked,0
-8,Does not apply,-8,Does not apply,3,Economically active and a full-time student: In employment,-8,Does not apply,0
-8,Does not apply,-8,Does not apply,3,Economically active and a full-time student: In employment,1,Part-time: 30 hours or less worked,470424
-8,Does not apply,-8,Does not apply,3,Economically active and a full-time student: In employment,2,Full-time: 31 or more hours worked,118512
-8,Does not apply,-8,Does not apply,4,Economically active and a full-time student: Unemployed: Seeking work or waiting to start a job already obtained: Available to start working within 2 weeks,-8,Does not apply,193314
-8,Does not apply,-8,Does not apply,4,Economically active and a full-time student: Unemployed: Seeking work or waiting to start a job already obtained: Available to start working within 2 weeks,1,Part-time: 30 hours or less worked,0
-8,Does not apply,-8,Does not apply,4,Economically active and a full-time student: Unemployed: Seeking work or waiting to start a job already obtained: Available to start working within 2 weeks,2,Full-time: 31 or more hours worked,0
-8,Does not apply,-8,Does not apply,5,Economically inactive: Retired,-8,Does not apply,10169599
-8,Does not apply,-8,Does not apply,5,Economically inactive: Retired,1,Part-time: 30 hours or less worked,0
-8,Does not apply,-8,Does not apply,5,Economically inactive: Retired,2,Full-time: 31 or more hours worked,0
-8,Does not apply,-8,Does not apply,6,Economically inactive: Student,-8,Does not apply,1971406
-8,Does not apply,-8,Does not apply,6,Economically inactive: Student,1,Part-time: 30 hours or less worked,0
-8,Does not apply,-8,Does not apply,6,Economically inactive: Student,2,Full-time: 31 or more hours worked,0
-8,Does not apply,-8,Does not apply,7,Economically inactive: Looking after home or family,-8,Does not apply,2086300
-8,Does not apply,-8,Does not apply,7,Economically inactive: Looking after home or family,1,Part-time: 30 hours or less worked,0
-8,Does not apply,-8,Does not apply,7,Economically inactive: Looking after home or family,2,Full-time: 31 or more hours worked,0
-8,Does not apply,-8,Does not apply,8,Economically inactive: Long-term sick or disabled,-8,Does not apply,1884670
-8,Does not apply,-8,Does not apply,8,Economically inactive: Long-term sick or disabled,1,Part-time: 30 hours or less worked,0
-8,Does not apply,-8,Does not apply,8,Economically inactive: Long-term sick or disabled,2,Full-time: 31 or more hours worked,0
-8,Does not apply,-8,Does not apply,9,Economically inactive: Other,-8,Does not apply,1318020
-8,Does not apply,-8,Does not apply,9,Economically inactive: Other,1,Part-time: 30 hours or less worked,0
-8,Does not apply,-8,Does not apply,9,Economically inactive: Other,2,Full-time: 31 or more hours worked,0
-8,Does not apply,1,"Outflow: moved out of the area, but within the associated area",-8,Does not apply,-8,Does not apply,0
-8,Does not apply,1,"Outflow: moved out of the area, but within the associated area",-8,Does not apply,1,Part-time: 30 hours or less worked,0
-8,Does not apply,1,"Outflow: moved out of the area, but within the associated area",-8,Does not apply,2,Full-time: 31 or more hours worked,0
-8,Does not apply,1,"Outflow: moved out of the area, but within the associated area",1,Economically active (excluding full-time students): In employment,-8,Does not apply,0
-8,Does not apply,1,"Outflow: moved out of the area, but within the associated area",1,Economically active (excluding full-time students): In employment,1,Part-time: 30 hours or less worked,0
-8,Does not apply,1,"Outflow: moved out of the area, but within the associated area",1,Economically active (excluding full-time students): In employment,2,Full-time: 31 or more hours worked,0
-8,Does not apply,1,"Outflow: moved out of the area, but within the associated area",2,Economically active (excluding full-time students): Unemployed: Seeking work or waiting to start a job already obtained: Available to start working within 2 weeks,-8,Does not apply,0
-8,Does not apply,1,"Outflow: moved out of the area, but within the associated area",2,Economically active (excluding full-time students): Unemployed: Seeking work or waiting to start a job already obtained: Available to start working within 2 weeks,1,Part-time: 30 hours or less worked,0
-8,Does not apply,1,"Outflow: moved out of the area, but within the associated area",2,Economically active (excluding full-time students): Unemployed: Seeking work or waiting to start a job already obtained: Available to start working within 2 weeks,2,Full-time: 31 or more hours worked,0
-8,Does not apply,1,"Outflow: moved out of the area, but within the associated area",3,Economically active and a full-time student: In employment,-8,Does not apply,0
-8,Does not apply,1,"Outflow: moved out of the area, but within the associated area",3,Economically active and a full-time student: In employment,1,Part-time: 30 hours or less worked,0
-8,Does not apply,1,"Outflow: moved out of the area, but within the associated area",3,Economically active and a full-time student: In employment,2,Full-time: 31 or more hours worked,0
-8,Does not apply,1,"Outflow: moved out of the area, but within the associated area",4,Economically active and a full-time student: Unemployed: Seeking work or waiting to start a job already obtained: Available to start working within 2 weeks,-8,Does not apply,0
-8,Does not apply,1,"Outflow: moved out of the area, but within the associated area",4,Economically active and a full-time student: Unemployed: Seeking work or waiting to start a job already obtained: Available to start working within 2 weeks,1,Part-time: 30 hours or less worked,0
-8,Does not apply,1,"Outflow: moved out of the area, but within the associated area",4,Economically active and a full-time student: Unemployed: Seeking work or waiting to start a job already obtained: Available to start working within 2 weeks,2,Full-time: 31 or more hours worked,0
-8,Does not apply,1,"Outflow: moved out of the area, but within the associated area",5,Economically inactive: Retired,-8,Does not apply,0
-8,Does not apply,1,"Outflow: moved out of the area, but within the associated area",5,Economically inactive: Retired,1,Part-time: 30 hours or less worked,0
-8,Does not apply,1,"Outflow: moved out of the area, but within the associated area",5,Economically inactive: Retired,2,Full-time: 31 or more hours worked,0
-8,Does not apply,1,"Outflow: moved out of the area, but within the associated area",6,Economically inactive: Student,-8,Does not apply,0
-8,Does not apply,1,"Outflow: moved out of the area, but within the associated area",6,Economically inactive: Student,1,Part-time: 30 hours or less worked,0
-8,Does not apply,1,"Outflow: moved out of the area, but within the associated area",6,Economically inactive: Student,2,Full-time: 31 or more hours worked,0
-8,Does not apply,1,"Outflow: moved out of the area, but within the associated area",7,Economically inactive: Looking after home or family,-8,Does not apply,0
-8,Does not apply,1,"Outflow: moved out of the area, but within the associated area",7,Economically inactive: Looking after home or family,1,Part-time: 30 hours or less worked,0
-8,Does not apply,1,"Outflow: moved out of the area, but within the associated area",7,Economically inactive: Looking after home or family,2,Full-time: 31 or more hours worked,0
-8,Does not apply,1,"Outflow: moved out of the area, but within the associated area",8,Economically inactive: Long-term sick or disabled,-8,Does not apply,0
-8,Does not apply,1,"Outflow: moved out of the area, but within the associated area",8,Economically inactive: Long-term sick or disabled,1,Part-time: 30 hours or less worked,0
-8,Does not apply,1,"Outflow: moved out of the area, but within the associated area",8,Economically inactive: Long-term sick or disabled,2,Full-time: 31 or more hours worked,0
-8,Does not apply,1,"Outflow: moved out of the area, but within the associated area",9,Economically inactive: Other,-8,Does not apply,0
-8,Does not apply,1,"Outflow: moved out of the area, but within the associated area",9,Economically inactive: Other,1,Part-time: 30 hours or less worked,0
-8,Does not apply,1,"Outflow: moved out of the area, but within the associated area",9,Economically inactive: Other,2,Full-time: 31 or more hours worked,0
999999999,Person with migrant origin outside the UK,-8,Does not apply,-8,Does not apply,-8,Does not apply,77790
999999999,Person with migrant origin outside the UK,-8,Does not apply,-8,Does not apply,1,Part-time: 30 hours or less worked,0
999999999,Person with migrant origin outside the UK,-8,Does not apply,-8,Does not apply,2,Full-time: 31 or more hours worked,0
999999999,Person with migrant origin outside the UK,-8,Does not apply,1,Economically active (excluding full-time students): In employment,-8,Does not apply,0
999999999,Person with migrant origin outside the UK,-8,Does not apply,1,Economically active (excluding full-time students): In employment,1,Part-time: 30 hours or less worked,39691
999999999,Person with migrant origin outside the UK,-8,Does not apply,1,Economically active (excluding full-time students): In employment,2,Full-time: 31 or more hours worked,161176
999999999,Person with migrant origin outside the UK,-8,Does not apply,2,Economically active (excluding full-time students): Unemployed: Seeking work or waiting to start a job already obtained: Available to start working within 2 weeks,-8,Does not apply,34658
999999999,Person with migrant origin outside the UK,-8,Does not apply,2,Economically active (excluding full-time students): Unemployed: Seeking work or waiting to start a job already obtained: Available to start working within 2 weeks,1,Part-time: 30 hours or less worked,0
999999999,Person with migrant origin outside the UK,-8,Does not apply,2,Economically active (excluding full-time students): Unemployed: Seeking work or waiting to start a job already obtained: Available to start working within 2 weeks,2,Full-time: 31 or more hours worked,0
999999999,Person with migrant origin outside the UK,-8,Does not apply,3,Economically active and a full-time student: In employment,-8,Does not apply,0
999999999,Person with migrant origin outside the UK,-8,Does not apply,3,Economically active and a full-time student: In employment,1,Part-time: 30 hours or less worked,14066
999999999,Person with migrant origin outside the UK,-8,Does not apply,3,Economically active and a full-time student: In employment,2,Full-time: 31 or more hours worked,3510
999999999,Person with migrant origin outside the UK,-8,Does not apply,4,Economically active and a full-time student: Unemployed: Seeking work or waiting to start a job already obtained: Available to start working within 2 weeks,-8,Does not apply,19277
999999999,Person with migrant origin outside the UK,-8,Does not apply,4,Economically active and a full-time student: Unemployed: Seeking work or waiting to start a job already obtained: Available to start working within 2 weeks,1,Part-time: 30 hours or less worked,0
999999999,Person with migrant origin outside the UK,-8,Does not apply,4,Economically active and a full-time student: Unemployed: Seeking work or waiting to start a job already obtained: Available to start working within 2 weeks,2,Full-time: 31 or more hours worked,0
999999999,Person with migrant origin outside the UK,-8,Does not apply,5,Economically inactive: Retired,-8,Does not apply,26789
999999999,Person with migrant origin outside the UK,-8,Does not apply,5,Economically inactive: Retired,1,Part-time: 30 hours or less worked,0
999999999,Person with migrant origin outside the UK,-8,Does not apply,5,Economically inactive: Retired,2,Full-time: 31 or more hours worked,0
999999999,Person with migrant origin outside the UK,-8,Does not apply,6,Economically inactive: Student,-8,Does not apply,98875
999999999,Person with migrant origin outside the UK,-8,Does not apply,6,Economically inactive: Student,1,Part-time: 30 hours or less worked,0
999999999,Person with migrant origin outside the UK,-8,Does not apply,6,Economically inactive: Student,2,Full-time: 31 or more hours worked,0
999999999,Person with migrant origin outside the UK,-8,Does not apply,7,Economically inactive: Looking after home or family,-8,Does not apply,36053
999999999,Person with migrant origin outside the UK,-8,Does not apply,7,Economically inactive: Looking after home or family,1,Part-time: 30 hours or less worked,0
999999999,Person with migrant origin outside the UK,-8,Does not apply,7,Economically inactive: Looking after home or family,2,Full-time: 31 or more hours worked,0
999999999,Person with migrant origin outside the UK,-8,Does not apply,8,Economically inactive: Long-term sick or disabled,-8,Does not apply,2428
999999999,Person with migrant origin outside the UK,-8,Does not apply,8,Economically inactive: Long-term sick or disabled,1,Part-time: 30 hours or less worked,0
999999999,Person with migrant origin outside the UK,-8,Does not apply,8,Economically inactive: Long-term sick or disabled,2,Full-time: 31 or more hours worked,0
999999999,Person with migrant origin outside the UK,-8,Does not apply,9,Economically inactive: Other,-8,Does not apply,30783
999999999,Person with migrant origin outside the UK,-8,Does not apply,9,Economically inactive: Other,1,Part-time: 30 hours or less worked,0
999999999,Person with migrant origin outside the UK,-8,Does not apply,9,Economically inactive: Other,2,Full-time: 31 or more hours worked,0
999999999,Person with migrant origin outside the UK,1,"Outflow: moved out of the area, but within the associated area",-8,Does not apply,-8,Does not apply,0
999999999,Person with migrant origin outside the UK,1,"Outflow: moved out of the area, but within the associated area",-8,Does not apply,1,Part-time: 30 hours or less worked,0
999999999,Person with migrant origin outside the UK,1,"Outflow: moved out of the area, but within the associated area",-8,Does not apply,2,Full-time: 31 or more hours worked,0
999999999,Person with migrant origin outside the UK,1,"Outflow: moved out of the area, but within the associated area",1,Economically active (excluding full-time students): In employment,-8,Does not apply,0
999999999,Person with migrant origin outside the UK,1,"Outflow: moved out of the area, but within the associated area",1,Economically active (excluding full-time students): In employment,1,Part-time: 30 hours or less worked,0
999999999,Person with migrant origin outside the UK,1,"Outflow: moved out of the area, but within the associated area",1,Economically active (excluding full-time students): In employment,2,Full-time: 31 or more hours worked,0
999999999,Person with migrant origin outside the UK,1,"Outflow: moved out of the area, but within the associated area",2,Economically active (excluding full-time students): Unemployed: Seeking work or waiting to start a job already obtained: Available to start working within 2 weeks,-8,Does not apply,0
999999999,Person with migrant origin outside the UK,1,"Outflow: moved out of the area, but within the associated area",2,Economically active (excluding full-time students): Unemployed: Seeking work or waiting to start a job already obtained: Available to start working within 2 weeks,1,Part-time: 30 hours or less worked,0
999999999,Person with migrant origin outside the UK,1,"Outflow: moved out of the area, but within the associated area",2,Economically active (excluding full-time students): Unemployed: Seeking work or waiting to start a job already obtained: Available to start working within 2 weeks,2,Full-time: 31 or more hours worked,0
999999999,Person with migrant origin outside the UK,1,"Outflow: moved out of the area, but within the associated area",3,Economically active and a full-time student: In employment,-8,Does not apply,0
999999999,Person with migrant origin outside the UK,1,"Outflow: moved out of the area, but within the associated area",3,Economically active and a full-time student: In employment,1,Part-time: 30 hours or less worked,0
999999999,Person with migrant origin outside the UK,1,"Outflow: moved out of the area, but within the associated area",3,Economically active and a full-time student: In employment,2,Full-time: 31 or more hours worked,0
999999999,Person with migrant origin outside the UK,1,"Outflow: moved out of the area, but within the associated area",4,Economically active and a full-time student: Unemployed: Seeking work or waiting to start a job already obtained: Available to start working within 2 weeks,-8,Does not apply,0
999999999,Person with migrant origin outside the UK,1,"Outflow: moved out of the area, but within the associated area",4,Economically active and a full-time student: Unemployed: Seeking work or waiting to start a job already obtained: Available to start working within 2 weeks,1,Part-time: 30 hours or less worked,0
999999999,Person with migrant origin outside the UK,1,"Outflow: moved out of the area, but within the associated area",4,Economically active and a full-time student: Unemployed: Seeking work or waiting to start a job already obtained: Available to start working within 2 weeks,2,Full-time: 31 or more hours worked,0
999999999,Person with migrant origin outside the UK,1,"Outflow: moved out of the area, but within the associated area",5,Economically inactive: Retired,-8,Does not apply,0
999999999,Person with migrant origin outside the UK,1,"Outflow: moved out of the area, but within the associated area",5,Economically inactive: Retired,1,Part-time: 30 hours or less worked,0
999999999,Person with migrant origin outside the UK,1,"Outflow: moved out of the area, but within the associated area",5,Economically inactive: Retired,2,Full-time: 31 or more hours worked,0
999999999,Person with migrant origin outside the UK,1,"Outflow: moved out of the area, but within the associated area",6,Economically inactive: Student,-8,Does not apply,0
999999999,Person with migrant origin outside the UK,1,"Outflow: moved out of the area, but within the associated area",6,Economically inactive: Student,1,Part-time: 30 hours or less worked,0
999999999,Person with migrant origin outside the UK,1,"Outflow: moved out of the area, but within the associated area",6,Economically inactive: Student,2,Full-time: 31 or more hours worked,0
999999999,Person with migrant origin outside the UK,1,"Outflow: moved out of the area, but within the associated area",7,Economically inactive: Looking after home or family,-8,Does not apply,0
999999999,Person with migrant origin outside the UK,1,"Outflow: moved out of the area, but within the associated area",7,Economically inactive: Looking after home or family,1,Part-time: 30 hours or less worked,0
999999999,Person with migrant origin outside the UK,1,"Outflow: moved out of the area, but within the associated area",7,Economically inactive: Looking after home or family,2,Full-time: 31 or more hours worked,0
999999999,Person with migrant origin outside the UK,1,"Outflow: moved out of the area, but within the associated area",8,Economically inactive: Long-term sick or disabled,-8,Does not apply,0
999999999,Person with migrant origin outside the UK,1,"Outflow: moved out of the area, but within the associated area",8,Economically inactive: Long-term sick or disabled,1,Part-time: 30 hours or less worked,0
999999999,Person with migrant origin outside the UK,1,"Outflow: moved out of the area, but within the associated area",8,Economically inactive: Long-term sick or disabled,2,Full-time: 31 or more hours worked,0
999999999,Person with migrant origin outside the UK,1,"Outflow: moved out of the area, but within the associated area",9,Economically inactive: Other,-8,Does not apply,0
999999999,Person with migrant origin outside the UK,1,"Outflow: moved out of the area, but within the associated area",9,Economically inactive: Other,1,Part-time: 30 hours or less worked,0
999999999,Person with migrant origin outside the UK,1,"Outflow: moved out of the area, but within the associated area",9,Economically inactive: Other,2,Full-time: 31 or more hours worked,0
E92000001,England,-8,Does not apply,-8,Does not apply,-8,Does not apply,861917
E92000001,England,-8,Does not apply,-8,Does not apply,1,Part-time: 30 hours or less worked,0
E92000001,England,-8,Does not apply,-8,Does not apply,2,Full-time: 31 or more hours worked,0
E92000001,England,-8,Does not apply,1,Economically active (excluding full-time students): In employment,-8,Does not apply,0
E92000001,England,-8,Does not apply,1,Economically active (excluding full-time students): In employment,1,Part-time: 30 hours or less worked,585962
E92000001,England,-8,Does not apply,1,Economically active (excluding full-time students): In employment,2,Full-time: 31 or more hours worked,2314113
E92000001,England,-8,Does not apply,2,Economically active (excluding full-time students): Unemployed: Seeking work or waiting to start a job already obtained: Available to start working within 2 weeks,-8,Does not apply,168594
E92000001,England,-8,Does not apply,2,Economically active (excluding full-time students): Unemployed: Seeking work or waiting to start a job already obtained: Available to start working within 2 weeks,1,Part-time: 30 hours or less worked,0
E92000001,England,-8,Does not apply,2,Economically active (excluding full-time students): Unemployed: Seeking work or waiting to start a job already obtained: Available to start working within 2 weeks,2,Full-time: 31 or more hours worked,0
E92000001,England,-8,Does not apply,3,Economically active and a full-time student: In employment,-8,Does not apply,0
E92000001,England,-8,Does not apply,3,Economically active and a full-time student: In employment,1,Part-time: 30 hours or less worked,153643
E92000001,England,-8,Does not apply,3,Economically active and a full-time student: In employment,2,Full-time: 31 or more hours worked,41101
E92000001,England,-8,Does not apply,4,Economically active and a full-time student: Unemployed: Seeking work or waiting to start a job already obtained: Available to start working within 2 weeks,-8,Does not apply,80591
E92000001,England,-8,Does not apply,4,Economically active and a full-time student: Unemployed: Seeking work or waiting to start a job already obtained: Available to start working within 2 weeks,1,Part-time: 30 hours or less worked,0
E92000001,England,-8,Does not apply,4,Economically active and a full-time student: Unemployed: Seeking work or waiting to start a job already obtained: Available to start working within 2 weeks,2,Full-time: 31 or more hours worked,0
E92000001,England,-8,Does not apply,5,Economically inactive: Retired,-8,Does not apply,296183
E92000001,England,-8,Does not apply,5,Economically inactive: Retired,1,Part-time: 30 hours or less worked,0
E92000001,England,-8,Does not apply,5,Economically inactive: Retired,2,Full-time: 31 or more hours worked,0
E92000001,England,-8,Does not apply,6,Economically inactive: Student,-8,Does not apply,620031
E92000001,England,-8,Does not apply,6,Economically inactive: Student,1,Part-time: 30 hours or less worked,0
E92000001,England,-8,Does not apply,6,Economically inactive: Student,2,Full-time: 31 or more hours worked,0
E92000001,England,-8,Does not apply,7,Economically inactive: Looking after home or family,-8,Does not apply,184988
E92000001,England,-8,Does not apply,7,Economically inactive: Looking after home or family,1,Part-time: 30 hours or less worked,0
E92000001,England,-8,Does not apply,7,Economically inactive: Looking after home or family,2,Full-time: 31 or more hours worked,0
E92000001,England,-8,Does not apply,8,Economically inactive: Long-term sick or disabled,-8,Does not apply,127792
E92000001,England,-8,Does not apply,8,Economically inactive: Long-term sick or disabled,1,Part-time: 30 hours or less worked,0
E92000001,England,-8,Does not apply,8,Economically inactive: Long-term sick or disabled,2,Full-time: 31 or more hours worked,0
E92000001,England,-8,Does not apply,9,Economically inactive: Other,-8,Does not apply,161599
E92000001,England,-8,Does not apply,9,Economically inactive: Other,1,Part-time: 30 hours or less worked,0
E92000001,England,-8,Does not apply,9,Economically inactive: Other,2,Full-time: 31 or more hours worked,0
E92000001,England,1,"Outflow: moved out of the area, but within the associated area",-8,Does not apply,-8,Does not apply,4400
E92000001,England,1,"Outflow: moved out of the area, but within the associated area",-8,Does not apply,1,Part-time: 30 hours or less worked,0
E92000001,England,1,"Outflow: moved out of the area, but within the associated area",-8,Does not apply,2,Full-time: 31 or more hours worked,0
E92000001,England,1,"Outflow: moved out of the area, but within the associated area",1,Economically active (excluding full-time students): In employment,-8,Does not apply,0
E92000001,England,1,"Outflow: moved out of the area, but within the associated area",1,Economically active (excluding full-time students): In employment,1,Part-time: 30 hours or less worked,5053
E92000001,England,1,"Outflow: moved out of the area, but within the associated area",1,Economically active (excluding full-time students): In employment,2,Full-time: 31 or more hours worked,17866
E92000001,England,1,"Outflow: moved out of the area, but within the associated area",2,Economically active (excluding full-time students): Unemployed: Seeking work or waiting to start a job already obtained: Available to start working within 2 weeks,-8,Does not apply,2436
E92000001,England,1,"Outflow: moved out of the area, but within the associated area",2,Economically active (excluding full-time students): Unemployed: Seeking work or waiting to start a job already obtained: Available to start working within 2 weeks,1,Part-time: 30 hours or less worked,0
E92000001,England,1,"Outflow: moved out of the area, but within the associated area",2,Economically active (excluding full-time students): Unemployed: Seeking work or waiting to start a job already obtained: Available to start working within 2 weeks,2,Full-time: 31 or more hours worked,0
E92000001,England,1,"Outflow: moved out of the area, but within the associated area",3,Economically active and a full-time student: In employment,-8,Does not apply,0
E92000001,England,1,"Outflow: moved out of the area, but within the associated area",3,Economically active and a full-time student: In employment,1,Part-time: 30 hours or less worked,1977
E92000001,England,1,"Outflow: moved out of the area, but within the associated area",3,Economically active and a full-time student: In employment,2,Full-time: 31 or more hours worked,439
E92000001,England,1,"Outflow: moved out of the area, but within the associated area",4,Economically active and a full-time student: Unemployed: Seeking work or waiting to start a job already obtained: Available to start working within 2 weeks,-8,Does not apply,1551
E92000001,England,1,"Outflow: moved out of the area, but within the associated area",4,Economically active and a full-time student: Unemployed: Seeking work or waiting to start a job already obtained: Available to start working within 2 weeks,1,Part-time: 30 hours or less worked,0
E92000001,England,1,"Outflow: moved out of the area, but within the associated area",4,Economically active and a full-time student: Unemployed: Seeking work or waiting to start a job already obtained: Available to start working within 2 weeks,2,Full-time: 31 or more hours worked,0
E92000001,England,1,"Outflow: moved out of the area, but within the associated area",5,Economically inactive: Retired,-8,Does not apply,4792
E92000001,England,1,"Outflow: moved out of the area, but within the associated area",5,Economically inactive: Retired,1,Part-time: 30 hours or less worked,0
E92000001,England,1,"Outflow: moved out of the area, but within the associated area",5,Economically inactive: Retired,2,Full-time: 31 or more hours worked,0
E92000001,England,1,"Outflow: moved out of the area, but within the associated area",6,Economically inactive: Student,-8,Does not apply,13066
E92000001,England,1,"Outflow: moved out of the area, but within the associated area",6,Economically inactive: Student,1,Part-time: 30 hours or less worked,0
E92000001,England,1,"Outflow: moved out of the area, but within the associated area",6,Economically inactive: Student,2,Full-time: 31 or more hours worked,0
E92000001,England,1,"Outflow: moved out of the area, but within the associated area",7,Economically inactive: Looking after home or family,-8,Does not apply,1534
E92000001,England,1,"Outflow: moved out of the area, but within the associated area",7,Economically inactive: Looking after home or family,1,Part-time: 30 hours or less worked,0
E92000001,England,1,"Outflow: moved out of the area, but within the associated area",7,Economically inactive: Looking after home or family,2,Full-time: 31 or more hours worked,0
E92000001,England,1,"Outflow: moved out of the area, but within the associated area",8,Economically inactive: Long-term sick or disabled,-8,Does not apply,1164
E92000001,England,1,"Outflow: moved out of the area, but within the associated area",8,Economically inactive: Long-term sick or disabled,1,Part-time: 30 hours or less worked,0
E92000001,England,1,"Outflow: moved out of the area, but within the associated area",8,Economically inactive: Long-term sick or disabled,2,Full-time: 31 or more hours worked,0
E92000001,England,1,"Outflow: moved out of the area, but within the associated area",9,Economically inactive: Other,-8,Does not apply,1694
E92000001,England,1,"Outflow: moved out of the area, but within the associated area",9,Economically inactive: Other,1,Part-time: 30 hours or less worked,0
E92000001,England,1,"Outflow: moved out of the area, but within the associated area",9,Economically inactive: Other,2,Full-time: 31 or more hours worked,0
W92000004,Wales,-8,Does not apply,-8,Does not apply,-8,Does not apply,38827
W92000004,Wales,-8,Does not apply,-8,Does not apply,1,Part-time: 30 hours or less worked,0
W92000004,Wales,-8,Does not apply,-8,Does not apply,2,Full-time: 31 or more hours worked,0
W92000004,Wales,-8,Does not apply,1,Economically active (excluding full-time students): In employment,-8,Does not apply,0
W92000004,Wales,-8,Does not apply,1,Economically active (excluding full-time students): In employment,1,Part-time: 30 hours or less worked,22537
W92000004,Wales,-8,Does not apply,1,Economically active (excluding full-time students): In employment,2,Full-time: 31 or more hours worked,78054
W92000004,Wales,-8,Does not apply,2,Economically active (excluding full-time students): Unemployed: Seeking work or waiting to start a job already obtained: Available to start working within 2 weeks,-8,Does not apply,5952
W92000004,Wales,-8,Does not apply,2,Economically active (excluding full-time students): Unemployed: Seeking work or waiting to start a job already obtained: Available to start working within 2 weeks,1,Part-time: 30 hours or less worked,0
W92000004,Wales,-8,Does not apply,2,Economically active (excluding full-time students): Unemployed: Seeking work or waiting to start a job already obtained: Available to start working within 2 weeks,2,Full-time: 31 or more hours worked,0
W92000004,Wales,-8,Does not apply,3,Economically active and a full-time student: In employment,-8,Does not apply,0
W92000004,Wales,-8,Does not apply,3,Economically active and a full-time student: In employment,1,Part-time: 30 hours or less worked,6450
W92000004,Wales,-8,Does not apply,3,Economically active and a full-time student: In employment,2,Full-time: 31 or more hours worked,1222
W92000004,Wales,-8,Does not apply,4,Economically active and a full-time student: Unemployed: Seeking work or waiting to start a job already obtained: Available to start working within 2 weeks,-8,Does not apply,2970
W92000004,Wales,-8,Does not apply,4,Economically active and a full-time student: Unemployed: Seeking work or waiting to start a job already obtained: Available to start working within 2 weeks,1,Part-time: 30 hours or less worked,0
W92000004,Wales,-8,Does not apply,4,Economically active and a full-time student: Unemployed: Seeking work or waiting to start a job already obtained: Available to start working within 2 weeks,2,Full-time: 31 or more hours worked,0
W92000004,Wales,-8,Does not apply,5,Economically inactive: Retired,-8,Does not apply,13190
W92000004,Wales,-8,Does not apply,5,Economically inactive: Retired,1,Part-time: 30 hours or less worked,0
W92000004,Wales,-8,Does not apply,5,Economically inactive: Retired,2,Full-time: 31 or more hours worked,0
W92000004,Wales,-8,Does not apply,6,Economically inactive: Student,-8,Does not apply,26579
W92000004,Wales,-8,Does not apply,6,Economically inactive: Student,1,Part-time: 30 hours or less worked,0
W92000004,Wales,-8,Does not apply,6,Economically inactive: Student,2,Full-time: 31 or more hours worked,0
W92000004,Wales,-8,Does not apply,7,Economically inactive: Looking after home or family,-8,Does not apply,7576
W92000004,Wales,-8,Does not apply,7,Economically inactive: Looking after home or family,1,Part-time: 30 hours or less worked,0
W92000004,Wales,-8,Does not apply,7,Economically inactive: Looking after home or family,2,Full-time: 31 or more hours worked,0
W92000004,Wales,-8,Does not apply,8,Economically inactive: Long-term sick or disabled,-8,Does not apply,8860
W92000004,Wales,-8,Does not apply,8,Economically inactive: Long-term sick or disabled,1,Part-time: 30 hours or less worked,0
W92000004,Wales,-8,Does not apply,8,Economically inactive: Long-term sick or disabled,2,Full-time: 31 or more hours worked,0
W92000004,Wales,-8,Does not apply,9,Economically inactive: Other,-8,Does not apply,6641
W92000004,Wales,-8,Does not apply,9,Economically inactive: Other,1,Part-time: 30 hours or less worked,0
W92000004,Wales,-8,Does not apply,9,Economically inactive: Other,2,Full-time: 31 or more hours worked,0
W92000004,Wales,1,"Outflow: moved out of the area, but within the associated area",-8,Does not apply,-8,Does not apply,2702
W92000004,Wales,1,"Outflow: moved out of the area, but within the associated area",-8,Does not apply,1,Part-time: 30 hours or less worked,0
W92000004,Wales,1,"Outflow: moved out of the area, but within the associated area",-8,Does not apply,2,Full-time: 31 or more hours worked,0
W92000004,Wales,1,"Outflow: moved out of the area, but within the associated area",1,Economically active (excluding full-time students): In employment,-8,Does not apply,0
W92000004,Wales,1,"Outflow: moved out of the area, but within the associated area",1,Economically active (excluding full-time students): In employment,1,Part-time: 30 hours or less worked,3218
W92000004,Wales,1,"Outflow: moved out of the area, but within the associated area",1,Economically active (excluding full-time students): In employment,2,Full-time: 31 or more hours worked,13986
W92000004,Wales,1,"Outflow: moved out of the area, but within the associated area",2,Economically active (excluding full-time students): Unemployed: Seeking work or waiting to start a job already obtained: Available to start working within 2 weeks,-8,Does not apply,1741
W92000004,Wales,1,"Outflow: moved out of the area, but within the associated area",2,Economically active (excluding full-time students): Unemployed: Seeking work or waiting to start a job already obtained: Available to start working within 2 weeks,1,Part-time: 30 hours or less worked,0
W92000004,Wales,1,"Outflow: moved out of the area, but within the associated area",2,Economically active (excluding full-time students): Unemployed: Seeking work or waiting to start a job already obtained: Available to start working within 2 weeks,2,Full-time: 31 or more hours worked,0
W92000004,Wales,1,"Outflow: moved out of the area, but within the associated area",3,Economically active and a full-time student: In employment,-8,Does not apply,0
W92000004,Wales,1,"Outflow: moved out of the area, but within the associated area",3,Economically active and a full-time student: In employment,1,Part-time: 30 hours or less worked,1574
W92000004,Wales,1,"Outflow: moved out of the area, but within the associated area",3,Economically active and a full-time student: In employment,2,Full-time: 31 or more hours worked,479
W92000004,Wales,1,"Outflow: moved out of the area, but within the associated area",4,Economically active and a full-time student: Unemployed: Seeking work or waiting to start a job already obtained: Available to start working within 2 weeks,-8,Does not apply,1119
W92000004,Wales,1,"Outflow: moved out of the area, but within the associated area",4,Economically active and a full-time student: Unemployed: Seeking work or waiting to start a job already obtained: Available to start working within 2 weeks,1,Part-time: 30 hours or less worked,0
W92000004,Wales,1,"Outflow: moved out of the area, but within the associated area",4,Economically active and a full-time student: Unemployed: Seeking work or waiting to start a job already obtained: Available to start working within 2 weeks,2,Full-time: 31 or more hours worked,0
W92000004,Wales,1,"Outflow: moved out of the area, but within the associated area",5,Economically inactive: Retired,-8,Does not apply,3160
W92000004,Wales,1,"Outflow: moved out of the area, but within the associated area",5,Economically inactive: Retired,1,Part-time: 30 hours or less worked,0
W92000004,Wales,1,"Outflow: moved out of the area, but within the associated area",5,Economically inactive: Retired,2,Full-time: 31 or more hours worked,0
W92000004,Wales,1,"Outflow: moved out of the area, but within the associated area",6,Economically inactive: Student,-8,Does not apply,10677
W92000004,Wales,1,"Outflow: moved out of the area, but within the associated area",6,Economically inactive: Student,1,Part-time: 30 hours or less worked,0
W92000004,Wales,1,"Outflow: moved out of the area, but within the associated area",6,Economically inactive: Student,2,Full-time: 31 or more hours worked,0
W92000004,Wales,1,"Outflow: moved out of the area, but within the associated area",7,Economically inactive: Looking after home or family,-8,Does not apply,891
W92000004,Wales,1,"Outflow: moved out of the area, but within the associated area",7,Economically inactive: Looking after home or family,1,Part-time: 30 hours or less worked,0
W92000004,Wales,1,"Outflow: moved out of the area, but within the associated area",7,Economically inactive: Looking after home or family,2,Full-time: 31 or more hours worked,0
W92000004,Wales,1,"Outflow: moved out of the area, but within the associated area",8,Economically inactive: Long-term sick or disabled,-8,Does not apply,707
W92000004,Wales,1,"Outflow: moved out of the area, but within the associated area",8,Economically inactive: Long-term sick or disabled,1,Part-time: 30 hours or less worked,0
W92000004,Wales,1,"Outflow: moved out of the area, but within the associated area",8,Economically inactive: Long-term sick or disabled,2,Full-time: 31 or more hours worked,0
W92000004,Wales,1,"Outflow: moved out of the area, but within the associated area",9,Economically inactive: Other,-8,Does not apply,1475
W92000004,Wales,1,"Outflow: moved out of the area, but within the associated area",9,Economically inactive: Other,1,Part-time: 30 hours or less worked,0
W92000004,Wales,1,"Outflow: moved out of the area, but within the associated area",9,Economically inactive: Other,2,Full-time: 31 or more hours worked,0
