Countries code,Countries label,Migration Country (inflow) (5 categories) code,Migration Country (inflow) (5 categories) label,Disability - Equality act disabled (4 categories) code,Disability - Equality act disabled (4 categories) label,Count
E92000001,England,-8,Does not apply,-8,Does not apply,0
E92000001,England,-8,Does not apply,1,Disabled under the Equality Act: Day-to-day activities limited a lot,0
E92000001,England,-8,Does not apply,2,Disabled under the Equality Act: Day-to-day activities limited a little,0
E92000001,England,-8,Does not apply,3,Not disabled under the Equality Act,0
E92000001,England,1,Lived at the same address one year ago,-8,Does not apply,0
E92000001,England,1,Lived at the same address one year ago,1,Disabled under the Equality Act: Day-to-day activities limited a lot,3859886
E92000001,England,1,Lived at the same address one year ago,2,Disabled under the Equality Act: Day-to-day activities limited a little,5097870
E92000001,England,1,Lived at the same address one year ago,3,Not disabled under the Equality Act,40752046
E92000001,England,2,"Inflow: lived elsewhere one year ago, but within the same area",-8,Does not apply,0
E92000001,England,2,"Inflow: lived elsewhere one year ago, but within the same area",1,Disabled under the Equality Act: Day-to-day activities limited a lot,267891
E92000001,England,2,"Inflow: lived elsewhere one year ago, but within the same area",2,Disabled under the Equality Act: Day-to-day activities limited a little,503534
E92000001,England,2,"Inflow: lived elsewhere one year ago, but within the same area",3,Not disabled under the Equality Act,4825089
E92000001,England,3,"Inflow: lived elsewhere one year ago outside the area, but within the associated area",-8,Does not apply,0
E92000001,England,3,"Inflow: lived elsewhere one year ago outside the area, but within the associated area",1,Disabled under the Equality Act: Day-to-day activities limited a lot,3155
E92000001,England,3,"Inflow: lived elsewhere one year ago outside the area, but within the associated area",2,Disabled under the Equality Act: Day-to-day activities limited a little,7658
E92000001,England,3,"Inflow: lived elsewhere one year ago outside the area, but within the associated area",3,Not disabled under the Equality Act,65170
E92000001,England,4,Inflow: lived elsewhere one year ago outside the UK,-8,Does not apply,0
E92000001,England,4,Inflow: lived elsewhere one year ago outside the UK,1,Disabled under the Equality Act: Day-to-day activities limited a lot,7126
E92000001,England,4,Inflow: lived elsewhere one year ago outside the UK,2,Disabled under the Equality Act: Day-to-day activities limited a little,21120
E92000001,England,4,Inflow: lived elsewhere one year ago outside the UK,3,Not disabled under the Equality Act,500515
W92000004,Wales,-8,Does not apply,-8,Does not apply,0
W92000004,Wales,-8,Does not apply,1,Disabled under the Equality Act: Day-to-day activities limited a lot,0
W92000004,Wales,-8,Does not apply,2,Disabled under the Equality Act: Day-to-day activities limited a little,0
W92000004,Wales,-8,Does not apply,3,Not disabled under the Equality Act,0
W92000004,Wales,1,Lived at the same address one year ago,-8,Does not apply,0
W92000004,Wales,1,Lived at the same address one year ago,1,Disabled under the Equality Act: Day-to-day activities limited a lot,299521
W92000004,Wales,1,Lived at the same address one year ago,2,Disabled under the Equality Act: Day-to-day activities limited a little,320227
W92000004,Wales,1,Lived at the same address one year ago,3,Not disabled under the Equality Act,2166980
W92000004,Wales,2,"Inflow: lived elsewhere one year ago, but within the same area",-8,Does not apply,0
W92000004,Wales,2,"Inflow: lived elsewhere one year ago, but within the same area",1,Disabled under the Equality Act: Day-to-day activities limited a lot,16717
W92000004,Wales,2,"Inflow: lived elsewhere one year ago, but within the same area",2,Disabled under the Equality Act: Day-to-day activities limited a little,23373
W92000004,Wales,2,"Inflow: lived elsewhere one year ago, but within the same area",3,Not disabled under the Equality Act,178770
W92000004,Wales,3,"Inflow: lived elsewhere one year ago outside the area, but within the associated area",-8,Does not apply,0
W92000004,Wales,3,"Inflow: lived elsewhere one year ago outside the area, but within the associated area",1,Disabled under the Equality Act: Day-to-day activities limited a lot,2742
W92000004,Wales,3,"Inflow: lived elsewhere one year ago outside the area, but within the associated area",2,Disabled under the Equality Act: Day-to-day activities limited a little,6252
W92000004,Wales,3,"Inflow: lived elsewhere one year ago outside the area, but within the associated area",3,Not disabled under the Equality Act,48241
W92000004,Wales,4,Inflow: lived elsewhere one year ago outside the UK,-8,Does not apply,0
W92000004,Wales,4,Inflow: lived elsewhere one year ago outside the UK,1,Disabled under the Equality Act: Day-to-day activities limited a lot,308
W92000004,Wales,4,Inflow: lived elsewhere one year ago outside the UK,2,Disabled under the Equality Act: Day-to-day activities limited a little,782
W92000004,Wales,4,Inflow: lived elsewhere one year ago outside the UK,3,Not disabled under the Equality Act,15245
