Migrant region one year ago code,Migrant region one year ago label,Migration Region (outflow) (3 categories) code,Migration Region (outflow) (3 categories) label,Disability - Equality act disabled (4 categories) code,Disability - Equality act disabled (4 categories) label,Count
-8,Does not apply,-8,Does not apply,-8,Does not apply,0
-8,Does not apply,-8,Does not apply,1,Disabled under the Equality Act: Day-to-day activities limited a lot,4160752
-8,Does not apply,-8,Does not apply,2,Disabled under the Equality Act: Day-to-day activities limited a little,5421353
-8,Does not apply,-8,Does not apply,3,Not disabled under the Equality Act,42949941
-8,Does not apply,1,"Outflow: moved out of the area, but within the associated area",-8,Does not apply,0
-8,Does not apply,1,"Outflow: moved out of the area, but within the associated area",1,Disabled under the Equality Act: Day-to-day activities limited a lot,0
-8,Does not apply,1,"Outflow: moved out of the area, but within the associated area",2,Disabled under the Equality Act: Day-to-day activities limited a little,0
-8,Does not apply,1,"Outflow: moved out of the area, but within the associated area",3,Not disabled under the Equality Act,0
-8,Does not apply,2,"Outflow: moved out of the associated area, but within England and Wales",-8,Does not apply,0
-8,Does not apply,2,"Outflow: moved out of the associated area, but within England and Wales",1,Disabled under the Equality Act: Day-to-day activities limited a lot,0
-8,Does not apply,2,"Outflow: moved out of the associated area, but within England and Wales",2,Disabled under the Equality Act: Day-to-day activities limited a little,0
-8,Does not apply,2,"Outflow: moved out of the associated area, but within England and Wales",3,Not disabled under the Equality Act,0
999999999,Person with migrant origin outside the UK,-8,Does not apply,-8,Does not apply,0
999999999,Person with migrant origin outside the UK,-8,Does not apply,1,Disabled under the Equality Act: Day-to-day activities limited a lot,7434
999999999,Person with migrant origin outside the UK,-8,Does not apply,2,Disabled under the Equality Act: Day-to-day activities limited a little,21902
999999999,Person with migrant origin outside the UK,-8,Does not apply,3,Not disabled under the Equality Act,515760
999999999,Person with migrant origin outside the UK,1,"Outflow: moved out of the area, but within the associated area",-8,Does not apply,0
999999999,Person with migrant origin outside the UK,1,"Outflow: moved out of the area, but within the associated area",1,Disabled under the Equality Act: Day-to-day activities limited a lot,0
999999999,Person with migrant origin outside the UK,1,"Outflow: moved out of the area, but within the associated area",2,Disabled under the Equality Act: Day-to-day activities limited a little,0
999999999,Person with migrant origin outside the UK,1,"Outflow: moved out of the area, but within the associated area",3,Not disabled under the Equality Act,0
999999999,Person with migrant origin outside the UK,2,"Outflow: moved out of the associated area, but within England and Wales",-8,Does not apply,0
999999999,Person with migrant origin outside the UK,2,"Outflow: moved out of the associated area, but within England and Wales",1,Disabled under the Equality Act: Day-to-day activities limited a lot,0
999999999,Person with migrant origin outside the UK,2,"Outflow: moved out of the associated area, but within England and Wales",2,Disabled under the Equality Act: Day-to-day activities limited a little,0
999999999,Person with migrant origin outside the UK,2,"Outflow: moved out of the associated area, but within England and Wales",3,Not disabled under the Equality Act,0
E12000001,North East,-8,Does not apply,-8,Does not apply,0
E12000001,North East,-8,Does not apply,1,Disabled under the Equality Act: Day-to-day activities limited a lot,15338
E12000001,North East,-8,Does not apply,2,Disabled under the Equality Act: Day-to-day activities limited a little,22095
E12000001,North East,-8,Does not apply,3,Not disabled under the Equality Act,168073
E12000001,North East,1,"Outflow: moved out of the area, but within the associated area",-8,Does not apply,0
E12000001,North East,1,"Outflow: moved out of the area, but within the associated area",1,Disabled under the Equality Act: Day-to-day activities limited a lot,1146
E12000001,North East,1,"Outflow: moved out of the area, but within the associated area",2,Disabled under the Equality Act: Day-to-day activities limited a little,2765
E12000001,North East,1,"Outflow: moved out of the area, but within the associated area",3,Not disabled under the Equality Act,23714
E12000001,North East,2,"Outflow: moved out of the associated area, but within England and Wales",-8,Does not apply,0
E12000001,North East,2,"Outflow: moved out of the associated area, but within England and Wales",1,Disabled under the Equality Act: Day-to-day activities limited a lot,35
E12000001,North East,2,"Outflow: moved out of the associated area, but within England and Wales",2,Disabled under the Equality Act: Day-to-day activities limited a little,56
E12000001,North East,2,"Outflow: moved out of the associated area, but within England and Wales",3,Not disabled under the Equality Act,516
E12000002,North West,-8,Does not apply,-8,Does not apply,0
E12000002,North West,-8,Does not apply,1,Disabled under the Equality Act: Day-to-day activities limited a lot,35786
E12000002,North West,-8,Does not apply,2,Disabled under the Equality Act: Day-to-day activities limited a little,55209
E12000002,North West,-8,Does not apply,3,Not disabled under the Equality Act,476605
E12000002,North West,1,"Outflow: moved out of the area, but within the associated area",-8,Does not apply,0
E12000002,North West,1,"Outflow: moved out of the area, but within the associated area",1,Disabled under the Equality Act: Day-to-day activities limited a lot,3476
E12000002,North West,1,"Outflow: moved out of the area, but within the associated area",2,Disabled under the Equality Act: Day-to-day activities limited a little,7963
E12000002,North West,1,"Outflow: moved out of the area, but within the associated area",3,Not disabled under the Equality Act,64146
E12000002,North West,2,"Outflow: moved out of the associated area, but within England and Wales",-8,Does not apply,0
E12000002,North West,2,"Outflow: moved out of the associated area, but within England and Wales",1,Disabled under the Equality Act: Day-to-day activities limited a lot,567
E12000002,North West,2,"Outflow: moved out of the associated area, but within England and Wales",2,Disabled under the Equality Act: Day-to-day activities limited a little,1028
E12000002,North West,2,"Outflow: moved out of the associated area, but within England and Wales",3,Not disabled under the Equality Act,7220
E12000003,Yorkshire and The Humber,-8,Does not apply,-8,Does not apply,0
E12000003,Yorkshire and The Humber,-8,Does not apply,1,Disabled under the Equality Act: Day-to-day activities limited a lot,24313
E12000003,Yorkshire and The Humber,-8,Does not apply,2,Disabled under the Equality Act: Day-to-day activities limited a little,42853
E12000003,Yorkshire and The Humber,-8,Does not apply,3,Not disabled under the Equality Act,359915
E12000003,Yorkshire and The Humber,1,"Outflow: moved out of the area, but within the associated area",-8,Does not apply,0
E12000003,Yorkshire and The Humber,1,"Outflow: moved out of the area, but within the associated area",1,Disabled under the Equality Act: Day-to-day activities limited a lot,3075
E12000003,Yorkshire and The Humber,1,"Outflow: moved out of the area, but within the associated area",2,Disabled under the Equality Act: Day-to-day activities limited a little,7884
E12000003,Yorkshire and The Humber,1,"Outflow: moved out of the area, but within the associated area",3,Not disabled under the Equality Act,66900
E12000003,Yorkshire and The Humber,2,"Outflow: moved out of the associated area, but within England and Wales",-8,Does not apply,0
E12000003,Yorkshire and The Humber,2,"Outflow: moved out of the associated area, but within England and Wales",1,Disabled under the Equality Act: Day-to-day activities limited a lot,98
E12000003,Yorkshire and The Humber,2,"Outflow: moved out of the associated area, but within England and Wales",2,Disabled under the Equality Act: Day-to-day activities limited a little,235
E12000003,Yorkshire and The Humber,2,"Outflow: moved out of the associated area, but within England and Wales",3,Not disabled under the Equality Act,1562
E12000004,East Midlands,-8,Does not apply,-8,Does not apply,0
E12000004,East Midlands,-8,Does not apply,1,Disabled under the Equality Act: Day-to-day activities limited a lot,19780
E12000004,East Midlands,-8,Does not apply,2,Disabled under the Equality Act: Day-to-day activities limited a little,35098
E12000004,East Midlands,-8,Does not apply,3,Not disabled under the Equality Act,313446
E12000004,East Midlands,1,"Outflow: moved out of the area, but within the associated area",-8,Does not apply,0
E12000004,East Midlands,1,"Outflow: moved out of the area, but within the associated area",1,Disabled under the Equality Act: Day-to-day activities limited a lot,3996
E12000004,East Midlands,1,"Outflow: moved out of the area, but within the associated area",2,Disabled under the Equality Act: Day-to-day activities limited a little,9011
E12000004,East Midlands,1,"Outflow: moved out of the area, but within the associated area",3,Not disabled under the Equality Act,75942
E12000004,East Midlands,2,"Outflow: moved out of the associated area, but within England and Wales",-8,Does not apply,0
E12000004,East Midlands,2,"Outflow: moved out of the associated area, but within England and Wales",1,Disabled under the Equality Act: Day-to-day activities limited a lot,177
E12000004,East Midlands,2,"Outflow: moved out of the associated area, but within England and Wales",2,Disabled under the Equality Act: Day-to-day activities limited a little,348
E12000004,East Midlands,2,"Outflow: moved out of the associated area, but within England and Wales",3,Not disabled under the Equality Act,2284
E12000005,West Midlands,-8,Does not apply,-8,Does not apply,0
E12000005,West Midlands,-8,Does not apply,1,Disabled under the Equality Act: Day-to-day activities limited a lot,23850
E12000005,West Midlands,-8,Does not apply,2,Disabled under the Equality Act: Day-to-day activities limited a little,38602
E12000005,West Midlands,-8,Does not apply,3,Not disabled under the Equality Act,362205
E12000005,West Midlands,1,"Outflow: moved out of the area, but within the associated area",-8,Does not apply,0
E12000005,West Midlands,1,"Outflow: moved out of the area, but within the associated area",1,Disabled under the Equality Act: Day-to-day activities limited a lot,3298
E12000005,West Midlands,1,"Outflow: moved out of the area, but within the associated area",2,Disabled under the Equality Act: Day-to-day activities limited a little,8401
E12000005,West Midlands,1,"Outflow: moved out of the area, but within the associated area",3,Not disabled under the Equality Act,74719
E12000005,West Midlands,2,"Outflow: moved out of the associated area, but within England and Wales",-8,Does not apply,0
E12000005,West Midlands,2,"Outflow: moved out of the associated area, but within England and Wales",1,Disabled under the Equality Act: Day-to-day activities limited a lot,474
E12000005,West Midlands,2,"Outflow: moved out of the associated area, but within England and Wales",2,Disabled under the Equality Act: Day-to-day activities limited a little,893
E12000005,West Midlands,2,"Outflow: moved out of the associated area, but within England and Wales",3,Not disabled under the Equality Act,6783
E12000006,East of England,-8,Does not apply,-8,Does not apply,0
E12000006,East of England,-8,Does not apply,1,Disabled under the Equality Act: Day-to-day activities limited a lot,23220
E12000006,East of England,-8,Does not apply,2,Disabled under the Equality Act: Day-to-day activities limited a little,40538
E12000006,East of England,-8,Does not apply,3,Not disabled under the Equality Act,388360
E12000006,East of England,1,"Outflow: moved out of the area, but within the associated area",-8,Does not apply,0
E12000006,East of England,1,"Outflow: moved out of the area, but within the associated area",1,Disabled under the Equality Act: Day-to-day activities limited a lot,4418
E12000006,East of England,1,"Outflow: moved out of the area, but within the associated area",2,Disabled under the Equality Act: Day-to-day activities limited a little,11872
E12000006,East of England,1,"Outflow: moved out of the area, but within the associated area",3,Not disabled under the Equality Act,111154
E12000006,East of England,2,"Outflow: moved out of the associated area, but within England and Wales",-8,Does not apply,0
E12000006,East of England,2,"Outflow: moved out of the associated area, but within England and Wales",1,Disabled under the Equality Act: Day-to-day activities limited a lot,160
E12000006,East of England,2,"Outflow: moved out of the associated area, but within England and Wales",2,Disabled under the Equality Act: Day-to-day activities limited a little,401
E12000006,East of England,2,"Outflow: moved out of the associated area, but within England and Wales",3,Not disabled under the Equality Act,3062
E12000007,London,-8,Does not apply,-8,Does not apply,0
E12000007,London,-8,Does not apply,1,Disabled under the Equality Act: Day-to-day activities limited a lot,26228
E12000007,London,-8,Does not apply,2,Disabled under the Equality Act: Day-to-day activities limited a little,53238
E12000007,London,-8,Does not apply,3,Not disabled under the Equality Act,764031
E12000007,London,1,"Outflow: moved out of the area, but within the associated area",-8,Does not apply,0
E12000007,London,1,"Outflow: moved out of the area, but within the associated area",1,Disabled under the Equality Act: Day-to-day activities limited a lot,8851
E12000007,London,1,"Outflow: moved out of the area, but within the associated area",2,Disabled under the Equality Act: Day-to-day activities limited a little,23212
E12000007,London,1,"Outflow: moved out of the area, but within the associated area",3,Not disabled under the Equality Act,292793
E12000007,London,2,"Outflow: moved out of the associated area, but within England and Wales",-8,Does not apply,0
E12000007,London,2,"Outflow: moved out of the associated area, but within England and Wales",1,Disabled under the Equality Act: Day-to-day activities limited a lot,235
E12000007,London,2,"Outflow: moved out of the associated area, but within England and Wales",2,Disabled under the Equality Act: Day-to-day activities limited a little,657
E12000007,London,2,"Outflow: moved out of the associated area, but within England and Wales",3,Not disabled under the Equality Act,5995
E12000008,South East,-8,Does not apply,-8,Does not apply,0
E12000008,South East,-8,Does not apply,1,Disabled under the Equality Act: Day-to-day activities limited a lot,34972
E12000008,South East,-8,Does not apply,2,Disabled under the Equality Act: Day-to-day activities limited a little,67535
E12000008,South East,-8,Does not apply,3,Not disabled under the Equality Act,632638
E12000008,South East,1,"Outflow: moved out of the area, but within the associated area",-8,Does not apply,0
E12000008,South East,1,"Outflow: moved out of the area, but within the associated area",1,Disabled under the Equality Act: Day-to-day activities limited a lot,6651
E12000008,South East,1,"Outflow: moved out of the area, but within the associated area",2,Disabled under the Equality Act: Day-to-day activities limited a little,18758
E12000008,South East,1,"Outflow: moved out of the area, but within the associated area",3,Not disabled under the Equality Act,169653
E12000008,South East,2,"Outflow: moved out of the associated area, but within England and Wales",-8,Does not apply,0
E12000008,South East,2,"Outflow: moved out of the associated area, but within England and Wales",1,Disabled under the Equality Act: Day-to-day activities limited a lot,378
E12000008,South East,2,"Outflow: moved out of the associated area, but within England and Wales",2,Disabled under the Equality Act: Day-to-day activities limited a little,1033
E12000008,South East,2,"Outflow: moved out of the associated area, but within England and Wales",3,Not disabled under the Equality Act,8274
E12000009,South West,-8,Does not apply,-8,Does not apply,0
E12000009,South West,-8,Does not apply,1,Disabled under the Equality Act: Day-to-day activities limited a lot,26069
E12000009,South West,-8,Does not apply,2,Disabled under the Equality Act: Day-to-day activities limited a little,49455
E12000009,South West,-8,Does not apply,3,Not disabled under the Equality Act,405146
E12000009,South West,1,"Outflow: moved out of the area, but within the associated area",-8,Does not apply,0
E12000009,South West,1,"Outflow: moved out of the area, but within the associated area",1,Disabled under the Equality Act: Day-to-day activities limited a lot,3424
E12000009,South West,1,"Outflow: moved out of the area, but within the associated area",2,Disabled under the Equality Act: Day-to-day activities limited a little,9041
E12000009,South West,1,"Outflow: moved out of the area, but within the associated area",3,Not disabled under the Equality Act,75649
E12000009,South West,2,"Outflow: moved out of the associated area, but within England and Wales",-8,Does not apply,0
E12000009,South West,2,"Outflow: moved out of the associated area, but within England and Wales",1,Disabled under the Equality Act: Day-to-day activities limited a lot,554
E12000009,South West,2,"Outflow: moved out of the associated area, but within England and Wales",2,Disabled under the Equality Act: Day-to-day activities limited a little,1484
E12000009,South West,2,"Outflow: moved out of the associated area, but within England and Wales",3,Not disabled under the Equality Act,11462
W92000004,Wales,-8,Does not apply,-8,Does not apply,0
W92000004,Wales,-8,Does not apply,1,Disabled under the Equality Act: Day-to-day activities limited a lot,16717
W92000004,Wales,-8,Does not apply,2,Disabled under the Equality Act: Day-to-day activities limited a little,23373
W92000004,Wales,-8,Does not apply,3,Not disabled under the Equality Act,178770
W92000004,Wales,1,"Outflow: moved out of the area, but within the associated area",-8,Does not apply,0
W92000004,Wales,1,"Outflow: moved out of the area, but within the associated area",1,Disabled under the Equality Act: Day-to-day activities limited a lot,0
W92000004,Wales,1,"Outflow: moved out of the area, but within the associated area",2,Disabled under the Equality Act: Day-to-day activities limited a little,0
W92000004,Wales,1,"Outflow: moved out of the area, but within the associated area",3,Not disabled under the Equality Act,0
W92000004,Wales,2,"Outflow: moved out of the associated area, but within England and Wales",-8,Does not apply,0
W92000004,Wales,2,"Outflow: moved out of the associated area, but within England and Wales",1,Disabled under the Equality Act: Day-to-day activities limited a lot,1873
W92000004,Wales,2,"Outflow: moved out of the associated area, but within England and Wales",2,Disabled under the Equality Act: Day-to-day activities limited a little,4519
W92000004,Wales,2,"Outflow: moved out of the associated area, but within England and Wales",3,Not disabled under the Equality Act,35337
