England and Wales code,England and Wales label,Migration National (inflow) (4 categories) code,Migration National (inflow) (4 categories) label,Disability - Equality act disabled (4 categories) code,Disability - Equality act disabled (4 categories) label,Count
K04000001,England and Wales,-8,Does not apply,-8,Does not apply,0
K04000001,England and Wales,-8,Does not apply,1,Disabled under the Equality Act: Day-to-day activities limited a lot,0
K04000001,England and Wales,-8,Does not apply,2,Disabled under the Equality Act: Day-to-day activities limited a little,0
K04000001,England and Wales,-8,Does not apply,3,Not disabled under the Equality Act,0
K04000001,England and Wales,1,Lived at the same address one year ago,-8,Does not apply,0
K04000001,England and Wales,1,Lived at the same address one year ago,1,Disabled under the Equality Act: Day-to-day activities limited a lot,4159407
K04000001,England and Wales,1,Lived at the same address one year ago,2,Disabled under the Equality Act: Day-to-day activities limited a little,5418097
K04000001,England and Wales,1,Lived at the same address one year ago,3,Not disabled under the Equality Act,42919025
K04000001,England and Wales,2,"Inflow: lived elsewhere one year ago, but within the same area",-8,Does not apply,0
K04000001,England and Wales,2,"Inflow: lived elsewhere one year ago, but within the same area",1,Disabled under the Equality Act: Day-to-day activities limited a lot,290505
K04000001,England and Wales,2,"Inflow: lived elsewhere one year ago, but within the same area",2,Disabled under the Equality Act: Day-to-day activities limited a little,540817
K04000001,England and Wales,2,"Inflow: lived elsewhere one year ago, but within the same area",3,Not disabled under the Equality Act,5117270
K04000001,England and Wales,3,Inflow: lived elsewhere one year ago outside the UK,-8,Does not apply,0
K04000001,England and Wales,3,Inflow: lived elsewhere one year ago outside the UK,1,Disabled under the Equality Act: Day-to-day activities limited a lot,7434
K04000001,England and Wales,3,Inflow: lived elsewhere one year ago outside the UK,2,Disabled under the Equality Act: Day-to-day activities limited a little,21902
K04000001,England and Wales,3,Inflow: lived elsewhere one year ago outside the UK,3,Not disabled under the Equality Act,515760
