Regions code,Regions label,Migration Region (inflow) (6 categories) code,Migration Region (inflow) (6 categories) label,Disability - Equality act disabled (4 categories) code,Disability - Equality act disabled (4 categories) label,Count
E12000001,North East,-8,Does not apply,-8,Does not apply,0
E12000001,North East,-8,Does not apply,1,Disabled under the Equality Act: Day-to-day activities limited a lot,0
E12000001,North East,-8,Does not apply,2,Disabled under the Equality Act: Day-to-day activities limited a little,0
E12000001,North East,-8,Does not apply,3,Not disabled under the Equality Act,0
E12000001,North East,1,Lived at the same address one year ago,-8,Does not apply,0
E12000001,North East,1,Lived at the same address one year ago,1,Disabled under the Equality Act: Day-to-day activities limited a lot,244166
E12000001,North East,1,Lived at the same address one year ago,2,Disabled under the Equality Act: Day-to-day activities limited a little,277539
E12000001,North East,1,Lived at the same address one year ago,3,Not disabled under the Equality Act,1833268
E12000001,North East,2,"Inflow: lived elsewhere one year ago, but within the same area",-8,Does not apply,0
E12000001,North East,2,"Inflow: lived elsewhere one year ago, but within the same area",1,Disabled under the Equality Act: Day-to-day activities limited a lot,15338
E12000001,North East,2,"Inflow: lived elsewhere one year ago, but within the same area",2,Disabled under the Equality Act: Day-to-day activities limited a little,22095
E12000001,North East,2,"Inflow: lived elsewhere one year ago, but within the same area",3,Not disabled under the Equality Act,168073
E12000001,North East,3,"Inflow: lived elsewhere one year ago outside the area, but within the associated area",-8,Does not apply,0
E12000001,North East,3,"Inflow: lived elsewhere one year ago outside the area, but within the associated area",1,Disabled under the Equality Act: Day-to-day activities limited a lot,1863
E12000001,North East,3,"Inflow: lived elsewhere one year ago outside the area, but within the associated area",2,Disabled under the Equality Act: Day-to-day activities limited a little,4316
E12000001,North East,3,"Inflow: lived elsewhere one year ago outside the area, but within the associated area",3,Not disabled under the Equality Act,34687
E12000001,North East,4,"Inflow: lived elsewhere one year ago outside the associated area, but within the UK",-8,Does not apply,0
E12000001,North East,4,"Inflow: lived elsewhere one year ago outside the associated area, but within the UK",1,Disabled under the Equality Act: Day-to-day activities limited a lot,191
E12000001,North East,4,"Inflow: lived elsewhere one year ago outside the associated area, but within the UK",2,Disabled under the Equality Act: Day-to-day activities limited a little,448
E12000001,North East,4,"Inflow: lived elsewhere one year ago outside the associated area, but within the UK",3,Not disabled under the Equality Act,3610
E12000001,North East,5,Inflow: lived elsewhere one year ago outside the UK,-8,Does not apply,0
E12000001,North East,5,Inflow: lived elsewhere one year ago outside the UK,1,Disabled under the Equality Act: Day-to-day activities limited a lot,268
E12000001,North East,5,Inflow: lived elsewhere one year ago outside the UK,2,Disabled under the Equality Act: Day-to-day activities limited a little,712
E12000001,North East,5,Inflow: lived elsewhere one year ago outside the UK,3,Not disabled under the Equality Act,15665
E12000002,North West,-8,Does not apply,-8,Does not apply,0
E12000002,North West,-8,Does not apply,1,Disabled under the Equality Act: Day-to-day activities limited a lot,0
E12000002,North West,-8,Does not apply,2,Disabled under the Equality Act: Day-to-day activities limited a little,0
E12000002,North West,-8,Does not apply,3,Not disabled under the Equality Act,0
E12000002,North West,1,Lived at the same address one year ago,-8,Does not apply,0
E12000002,North West,1,Lived at the same address one year ago,1,Disabled under the Equality Act: Day-to-day activities limited a lot,621528
E12000002,North West,1,Lived at the same address one year ago,2,Disabled under the Equality Act: Day-to-day activities limited a little,708641
E12000002,North West,1,Lived at the same address one year ago,3,Not disabled under the Equality Act,5274481
E12000002,North West,2,"Inflow: lived elsewhere one year ago, but within the same area",-8,Does not apply,0
E12000002,North West,2,"Inflow: lived elsewhere one year ago, but within the same area",1,Disabled under the Equality Act: Day-to-day activities limited a lot,35786
E12000002,North West,2,"Inflow: lived elsewhere one year ago, but within the same area",2,Disabled under the Equality Act: Day-to-day activities limited a little,55209
E12000002,North West,2,"Inflow: lived elsewhere one year ago, but within the same area",3,Not disabled under the Equality Act,476605
E12000002,North West,3,"Inflow: lived elsewhere one year ago outside the area, but within the associated area",-8,Does not apply,0
E12000002,North West,3,"Inflow: lived elsewhere one year ago outside the area, but within the associated area",1,Disabled under the Equality Act: Day-to-day activities limited a lot,3554
E12000002,North West,3,"Inflow: lived elsewhere one year ago outside the area, but within the associated area",2,Disabled under the Equality Act: Day-to-day activities limited a little,9411
E12000002,North West,3,"Inflow: lived elsewhere one year ago outside the area, but within the associated area",3,Not disabled under the Equality Act,80566
E12000002,North West,4,"Inflow: lived elsewhere one year ago outside the associated area, but within the UK",-8,Does not apply,0
E12000002,North West,4,"Inflow: lived elsewhere one year ago outside the associated area, but within the UK",1,Disabled under the Equality Act: Day-to-day activities limited a lot,722
E12000002,North West,4,"Inflow: lived elsewhere one year ago outside the associated area, but within the UK",2,Disabled under the Equality Act: Day-to-day activities limited a little,1560
E12000002,North West,4,"Inflow: lived elsewhere one year ago outside the associated area, but within the UK",3,Not disabled under the Equality Act,12651
E12000002,North West,5,Inflow: lived elsewhere one year ago outside the UK,-8,Does not apply,0
E12000002,North West,5,Inflow: lived elsewhere one year ago outside the UK,1,Disabled under the Equality Act: Day-to-day activities limited a lot,953
E12000002,North West,5,Inflow: lived elsewhere one year ago outside the UK,2,Disabled under the Equality Act: Day-to-day activities limited a little,2514
E12000002,North West,5,Inflow: lived elsewhere one year ago outside the UK,3,Not disabled under the Equality Act,56736
E12000003,Yorkshire and The Humber,-8,Does not apply,-8,Does not apply,0
E12000003,Yorkshire and The Humber,-8,Does not apply,1,Disabled under the Equality Act: Day-to-day activities limited a lot,0
E12000003,Yorkshire and The Humber,-8,Does not apply,2,Disabled under the Equality Act: Day-to-day activities limited a little,0
E12000003,Yorkshire and The Humber,-8,Does not apply,3,Not disabled under the Equality Act,0
E12000003,Yorkshire and The Humber,1,Lived at the same address one year ago,-8,Does not apply,0
E12000003,Yorkshire and The Humber,1,Lived at the same address one year ago,1,Disabled under the Equality Act: Day-to-day activities limited a lot,415067
E12000003,Yorkshire and The Humber,1,Lived at the same address one year ago,2,Disabled under the Equality Act: Day-to-day activities limited a little,522129
E12000003,Yorkshire and The Humber,1,Lived at the same address one year ago,3,Not disabled under the Equality Act,3923585
E12000003,Yorkshire and The Humber,2,"Inflow: lived elsewhere one year ago, but within the same area",-8,Does not apply,0
E12000003,Yorkshire and The Humber,2,"Inflow: lived elsewhere one year ago, but within the same area",1,Disabled under the Equality Act: Day-to-day activities limited a lot,24313
E12000003,Yorkshire and The Humber,2,"Inflow: lived elsewhere one year ago, but within the same area",2,Disabled under the Equality Act: Day-to-day activities limited a little,42853
E12000003,Yorkshire and The Humber,2,"Inflow: lived elsewhere one year ago, but within the same area",3,Not disabled under the Equality Act,359915
E12000003,Yorkshire and The Humber,3,"Inflow: lived elsewhere one year ago outside the area, but within the associated area",-8,Does not apply,0
E12000003,Yorkshire and The Humber,3,"Inflow: lived elsewhere one year ago outside the area, but within the associated area",1,Disabled under the Equality Act: Day-to-day activities limited a lot,3589
E12000003,Yorkshire and The Humber,3,"Inflow: lived elsewhere one year ago outside the area, but within the associated area",2,Disabled under the Equality Act: Day-to-day activities limited a little,9713
E12000003,Yorkshire and The Humber,3,"Inflow: lived elsewhere one year ago outside the area, but within the associated area",3,Not disabled under the Equality Act,79193
E12000003,Yorkshire and The Humber,4,"Inflow: lived elsewhere one year ago outside the associated area, but within the UK",-8,Does not apply,0
E12000003,Yorkshire and The Humber,4,"Inflow: lived elsewhere one year ago outside the associated area, but within the UK",1,Disabled under the Equality Act: Day-to-day activities limited a lot,255
E12000003,Yorkshire and The Humber,4,"Inflow: lived elsewhere one year ago outside the associated area, but within the UK",2,Disabled under the Equality Act: Day-to-day activities limited a little,550
E12000003,Yorkshire and The Humber,4,"Inflow: lived elsewhere one year ago outside the associated area, but within the UK",3,Not disabled under the Equality Act,4560
E12000003,Yorkshire and The Humber,5,Inflow: lived elsewhere one year ago outside the UK,-8,Does not apply,0
E12000003,Yorkshire and The Humber,5,Inflow: lived elsewhere one year ago outside the UK,1,Disabled under the Equality Act: Day-to-day activities limited a lot,556
E12000003,Yorkshire and The Humber,5,Inflow: lived elsewhere one year ago outside the UK,2,Disabled under the Equality Act: Day-to-day activities limited a little,1671
E12000003,Yorkshire and The Humber,5,Inflow: lived elsewhere one year ago outside the UK,3,Not disabled under the Equality Act,36888
E12000004,East Midlands,-8,Does not apply,-8,Does not apply,0
E12000004,East Midlands,-8,Does not apply,1,Disabled under the Equality Act: Day-to-day activities limited a lot,0
E12000004,East Midlands,-8,Does not apply,2,Disabled under the Equality Act: Day-to-day activities limited a little,0
E12000004,East Midlands,-8,Does not apply,3,Not disabled under the Equality Act,0
E12000004,East Midlands,1,Lived at the same address one year ago,-8,Does not apply,0
E12000004,East Midlands,1,Lived at the same address one year ago,1,Disabled under the Equality Act: Day-to-day activities limited a lot,348926
E12000004,East Midlands,1,Lived at the same address one year ago,2,Disabled under the Equality Act: Day-to-day activities limited a little,472588
E12000004,East Midlands,1,Lived at the same address one year ago,3,Not disabled under the Equality Act,3483110
E12000004,East Midlands,2,"Inflow: lived elsewhere one year ago, but within the same area",-8,Does not apply,0
E12000004,East Midlands,2,"Inflow: lived elsewhere one year ago, but within the same area",1,Disabled under the Equality Act: Day-to-day activities limited a lot,19780
E12000004,East Midlands,2,"Inflow: lived elsewhere one year ago, but within the same area",2,Disabled under the Equality Act: Day-to-day activities limited a little,35098
E12000004,East Midlands,2,"Inflow: lived elsewhere one year ago, but within the same area",3,Not disabled under the Equality Act,313446
E12000004,East Midlands,3,"Inflow: lived elsewhere one year ago outside the area, but within the associated area",-8,Does not apply,0
E12000004,East Midlands,3,"Inflow: lived elsewhere one year ago outside the area, but within the associated area",1,Disabled under the Equality Act: Day-to-day activities limited a lot,4314
E12000004,East Midlands,3,"Inflow: lived elsewhere one year ago outside the area, but within the associated area",2,Disabled under the Equality Act: Day-to-day activities limited a little,11196
E12000004,East Midlands,3,"Inflow: lived elsewhere one year ago outside the area, but within the associated area",3,Not disabled under the Equality Act,103004
E12000004,East Midlands,4,"Inflow: lived elsewhere one year ago outside the associated area, but within the UK",-8,Does not apply,0
E12000004,East Midlands,4,"Inflow: lived elsewhere one year ago outside the associated area, but within the UK",1,Disabled under the Equality Act: Day-to-day activities limited a lot,212
E12000004,East Midlands,4,"Inflow: lived elsewhere one year ago outside the associated area, but within the UK",2,Disabled under the Equality Act: Day-to-day activities limited a little,474
E12000004,East Midlands,4,"Inflow: lived elsewhere one year ago outside the associated area, but within the UK",3,Not disabled under the Equality Act,3782
E12000004,East Midlands,5,Inflow: lived elsewhere one year ago outside the UK,-8,Does not apply,0
E12000004,East Midlands,5,Inflow: lived elsewhere one year ago outside the UK,1,Disabled under the Equality Act: Day-to-day activities limited a lot,484
E12000004,East Midlands,5,Inflow: lived elsewhere one year ago outside the UK,2,Disabled under the Equality Act: Day-to-day activities limited a little,1369
E12000004,East Midlands,5,Inflow: lived elsewhere one year ago outside the UK,3,Not disabled under the Equality Act,35390
E12000005,West Midlands,-8,Does not apply,-8,Does not apply,0
E12000005,West Midlands,-8,Does not apply,1,Disabled under the Equality Act: Day-to-day activities limited a lot,0
E12000005,West Midlands,-8,Does not apply,2,Disabled under the Equality Act: Day-to-day activities limited a little,0
E12000005,West Midlands,-8,Does not apply,3,Not disabled under the Equality Act,0
E12000005,West Midlands,1,Lived at the same address one year ago,-8,Does not apply,0
E12000005,West Midlands,1,Lived at the same address one year ago,1,Disabled under the Equality Act: Day-to-day activities limited a lot,439629
E12000005,West Midlands,1,Lived at the same address one year ago,2,Disabled under the Equality Act: Day-to-day activities limited a little,558709
E12000005,West Midlands,1,Lived at the same address one year ago,3,Not disabled under the Equality Act,4315438
E12000005,West Midlands,2,"Inflow: lived elsewhere one year ago, but within the same area",-8,Does not apply,0
E12000005,West Midlands,2,"Inflow: lived elsewhere one year ago, but within the same area",1,Disabled under the Equality Act: Day-to-day activities limited a lot,23850
E12000005,West Midlands,2,"Inflow: lived elsewhere one year ago, but within the same area",2,Disabled under the Equality Act: Day-to-day activities limited a little,38602
E12000005,West Midlands,2,"Inflow: lived elsewhere one year ago, but within the same area",3,Not disabled under the Equality Act,362205
E12000005,West Midlands,3,"Inflow: lived elsewhere one year ago outside the area, but within the associated area",-8,Does not apply,0
E12000005,West Midlands,3,"Inflow: lived elsewhere one year ago outside the area, but within the associated area",1,Disabled under the Equality Act: Day-to-day activities limited a lot,3406
E12000005,West Midlands,3,"Inflow: lived elsewhere one year ago outside the area, but within the associated area",2,Disabled under the Equality Act: Day-to-day activities limited a little,8833
E12000005,West Midlands,3,"Inflow: lived elsewhere one year ago outside the area, but within the associated area",3,Not disabled under the Equality Act,82129
E12000005,West Midlands,4,"Inflow: lived elsewhere one year ago outside the associated area, but within the UK",-8,Does not apply,0
E12000005,West Midlands,4,"Inflow: lived elsewhere one year ago outside the associated area, but within the UK",1,Disabled under the Equality Act: Day-to-day activities limited a lot,444
E12000005,West Midlands,4,"Inflow: lived elsewhere one year ago outside the associated area, but within the UK",2,Disabled under the Equality Act: Day-to-day activities limited a little,932
E12000005,West Midlands,4,"Inflow: lived elsewhere one year ago outside the associated area, but within the UK",3,Not disabled under the Equality Act,7409
E12000005,West Midlands,5,Inflow: lived elsewhere one year ago outside the UK,-8,Does not apply,0
E12000005,West Midlands,5,Inflow: lived elsewhere one year ago outside the UK,1,Disabled under the Equality Act: Day-to-day activities limited a lot,655
E12000005,West Midlands,5,Inflow: lived elsewhere one year ago outside the UK,2,Disabled under the Equality Act: Day-to-day activities limited a little,1720
E12000005,West Midlands,5,Inflow: lived elsewhere one year ago outside the UK,3,Not disabled under the Equality Act,43625
E12000006,East of England,-8,Does not apply,-8,Does not apply,0
E12000006,East of England,-8,Does not apply,1,Disabled under the Equality Act: Day-to-day activities limited a lot,0
E12000006,East of England,-8,Does not apply,2,Disabled under the Equality Act: Day-to-day activities limited a little,0
E12000006,East of England,-8,Does not apply,3,Not disabled under the Equality Act,0
E12000006,East of England,1,Lived at the same address one year ago,-8,Does not apply,0
E12000006,East of England,1,Lived at the same address one year ago,1,Disabled under the Equality Act: Day-to-day activities limited a lot,391131
E12000006,East of England,1,Lived at the same address one year ago,2,Disabled under the Equality Act: Day-to-day activities limited a little,578428
E12000006,East of England,1,Lived at the same address one year ago,3,Not disabled under the Equality Act,4651494
E12000006,East of England,2,"Inflow: lived elsewhere one year ago, but within the same area",-8,Does not apply,0
E12000006,East of England,2,"Inflow: lived elsewhere one year ago, but within the same area",1,Disabled under the Equality Act: Day-to-day activities limited a lot,23220
E12000006,East of England,2,"Inflow: lived elsewhere one year ago, but within the same area",2,Disabled under the Equality Act: Day-to-day activities limited a little,40538
E12000006,East of England,2,"Inflow: lived elsewhere one year ago, but within the same area",3,Not disabled under the Equality Act,388360
E12000006,East of England,3,"Inflow: lived elsewhere one year ago outside the area, but within the associated area",-8,Does not apply,0
E12000006,East of England,3,"Inflow: lived elsewhere one year ago outside the area, but within the associated area",1,Disabled under the Equality Act: Day-to-day activities limited a lot,4990
E12000006,East of England,3,"Inflow: lived elsewhere one year ago outside the area, but within the associated area",2,Disabled under the Equality Act: Day-to-day activities limited a little,11420
E12000006,East of England,3,"Inflow: lived elsewhere one year ago outside the area, but within the associated area",3,Not disabled under the Equality Act,123642
E12000006,East of England,4,"Inflow: lived elsewhere one year ago outside the associated area, but within the UK",-8,Does not apply,0
E12000006,East of England,4,"Inflow: lived elsewhere one year ago outside the associated area, but within the UK",1,Disabled under the Equality Act: Day-to-day activities limited a lot,173
E12000006,East of England,4,"Inflow: lived elsewhere one year ago outside the associated area, but within the UK",2,Disabled under the Equality Act: Day-to-day activities limited a little,460
E12000006,East of England,4,"Inflow: lived elsewhere one year ago outside the associated area, but within the UK",3,Not disabled under the Equality Act,3833
E12000006,East of England,5,Inflow: lived elsewhere one year ago outside the UK,-8,Does not apply,0
E12000006,East of England,5,Inflow: lived elsewhere one year ago outside the UK,1,Disabled under the Equality Act: Day-to-day activities limited a lot,702
E12000006,East of England,5,Inflow: lived elsewhere one year ago outside the UK,2,Disabled under the Equality Act: Day-to-day activities limited a little,2002
E12000006,East of England,5,Inflow: lived elsewhere one year ago outside the UK,3,Not disabled under the Equality Act,49876
E12000007,London,-8,Does not apply,-8,Does not apply,0
E12000007,London,-8,Does not apply,1,Disabled under the Equality Act: Day-to-day activities limited a lot,0
E12000007,London,-8,Does not apply,2,Disabled under the Equality Act: Day-to-day activities limited a little,0
E12000007,London,-8,Does not apply,3,Not disabled under the Equality Act,0
E12000007,London,1,Lived at the same address one year ago,-8,Does not apply,0
E12000007,London,1,Lived at the same address one year ago,1,Disabled under the Equality Act: Day-to-day activities limited a lot,472989
E12000007,London,1,Lived at the same address one year ago,2,Disabled under the Equality Act: Day-to-day activities limited a little,586627
E12000007,London,1,Lived at the same address one year ago,3,Not disabled under the Equality Act,6488374
E12000007,London,2,"Inflow: lived elsewhere one year ago, but within the same area",-8,Does not apply,0
E12000007,London,2,"Inflow: lived elsewhere one year ago, but within the same area",1,Disabled under the Equality Act: Day-to-day activities limited a lot,26228
E12000007,London,2,"Inflow: lived elsewhere one year ago, but within the same area",2,Disabled under the Equality Act: Day-to-day activities limited a little,53238
E12000007,London,2,"Inflow: lived elsewhere one year ago, but within the same area",3,Not disabled under the Equality Act,764031
E12000007,London,3,"Inflow: lived elsewhere one year ago outside the area, but within the associated area",-8,Does not apply,0
E12000007,London,3,"Inflow: lived elsewhere one year ago outside the area, but within the associated area",1,Disabled under the Equality Act: Day-to-day activities limited a lot,4202
E12000007,London,3,"Inflow: lived elsewhere one year ago outside the area, but within the associated area",2,Disabled under the Equality Act: Day-to-day activities limited a little,11935
E12000007,London,3,"Inflow: lived elsewhere one year ago outside the area, but within the associated area",3,Not disabled under the Equality Act,128257
E12000007,London,4,"Inflow: lived elsewhere one year ago outside the associated area, but within the UK",-8,Does not apply,0
E12000007,London,4,"Inflow: lived elsewhere one year ago outside the associated area, but within the UK",1,Disabled under the Equality Act: Day-to-day activities limited a lot,298
E12000007,London,4,"Inflow: lived elsewhere one year ago outside the associated area, but within the UK",2,Disabled under the Equality Act: Day-to-day activities limited a little,833
E12000007,London,4,"Inflow: lived elsewhere one year ago outside the associated area, but within the UK",3,Not disabled under the Equality Act,8952
E12000007,London,5,Inflow: lived elsewhere one year ago outside the UK,-8,Does not apply,0
E12000007,London,5,Inflow: lived elsewhere one year ago outside the UK,1,Disabled under the Equality Act: Day-to-day activities limited a lot,1835
E12000007,London,5,Inflow: lived elsewhere one year ago outside the UK,2,Disabled under the Equality Act: Day-to-day activities limited a little,5392
E12000007,London,5,Inflow: lived elsewhere one year ago outside the UK,3,Not disabled under the Equality Act,142305
E12000008,South East,-8,Does not apply,-8,Does not apply,0
E12000008,South East,-8,Does not apply,1,Disabled under the Equality Act: Day-to-day activities limited a lot,0
E12000008,South East,-8,Does not apply,2,Disabled under the Equality Act: Day-to-day activities limited a little,0
E12000008,South East,-8,Does not apply,3,Not disabled under the Equality Act,0
E12000008,South East,1,Lived at the same address one year ago,-8,Does not apply,0
E12000008,South East,1,Lived at the same address one year ago,1,Disabled under the Equality Act: Day-to-day activities limited a lot,536835
E12000008,South East,1,Lived at the same address one year ago,2,Disabled under the Equality Act: Day-to-day activities limited a little,823651
E12000008,South East,1,Lived at the same address one year ago,3,Not disabled under the Equality Act,6760792
E12000008,South East,2,"Inflow: lived elsewhere one year ago, but within the same area",-8,Does not apply,0
E12000008,South East,2,"Inflow: lived elsewhere one year ago, but within the same area",1,Disabled under the Equality Act: Day-to-day activities limited a lot,34972
E12000008,South East,2,"Inflow: lived elsewhere one year ago, but within the same area",2,Disabled under the Equality Act: Day-to-day activities limited a little,67535
E12000008,South East,2,"Inflow: lived elsewhere one year ago, but within the same area",3,Not disabled under the Equality Act,632638
E12000008,South East,3,"Inflow: lived elsewhere one year ago outside the area, but within the associated area",-8,Does not apply,0
E12000008,South East,3,"Inflow: lived elsewhere one year ago outside the area, but within the associated area",1,Disabled under the Equality Act: Day-to-day activities limited a lot,7470
E12000008,South East,3,"Inflow: lived elsewhere one year ago outside the area, but within the associated area",2,Disabled under the Equality Act: Day-to-day activities limited a little,18919
E12000008,South East,3,"Inflow: lived elsewhere one year ago outside the area, but within the associated area",3,Not disabled under the Equality Act,208258
E12000008,South East,4,"Inflow: lived elsewhere one year ago outside the associated area, but within the UK",-8,Does not apply,0
E12000008,South East,4,"Inflow: lived elsewhere one year ago outside the associated area, but within the UK",1,Disabled under the Equality Act: Day-to-day activities limited a lot,374
E12000008,South East,4,"Inflow: lived elsewhere one year ago outside the associated area, but within the UK",2,Disabled under the Equality Act: Day-to-day activities limited a little,958
E12000008,South East,4,"Inflow: lived elsewhere one year ago outside the associated area, but within the UK",3,Not disabled under the Equality Act,8750
E12000008,South East,5,Inflow: lived elsewhere one year ago outside the UK,-8,Does not apply,0
E12000008,South East,5,Inflow: lived elsewhere one year ago outside the UK,1,Disabled under the Equality Act: Day-to-day activities limited a lot,1089
E12000008,South East,5,Inflow: lived elsewhere one year ago outside the UK,2,Disabled under the Equality Act: Day-to-day activities limited a little,3560
E12000008,South East,5,Inflow: lived elsewhere one year ago outside the UK,3,Not disabled under the Equality Act,80560
E12000009,South West,-8,Does not apply,-8,Does not apply,0
E12000009,South West,-8,Does not apply,1,Disabled under the Equality Act: Day-to-day activities limited a lot,0
E12000009,South West,-8,Does not apply,2,Disabled under the Equality Act: Day-to-day activities limited a little,0
E12000009,South West,-8,Does not apply,3,Not disabled under the Equality Act,0
E12000009,South West,1,Lived at the same address one year ago,-8,Does not apply,0
E12000009,South West,1,Lived at the same address one year ago,1,Disabled under the Equality Act: Day-to-day activities limited a lot,389616
E12000009,South West,1,Lived at the same address one year ago,2,Disabled under the Equality Act: Day-to-day activities limited a little,569555
E12000009,South West,1,Lived at the same address one year ago,3,Not disabled under the Equality Act,4021503
E12000009,South West,2,"Inflow: lived elsewhere one year ago, but within the same area",-8,Does not apply,0
E12000009,South West,2,"Inflow: lived elsewhere one year ago, but within the same area",1,Disabled under the Equality Act: Day-to-day activities limited a lot,26069
E12000009,South West,2,"Inflow: lived elsewhere one year ago, but within the same area",2,Disabled under the Equality Act: Day-to-day activities limited a little,49455
E12000009,South West,2,"Inflow: lived elsewhere one year ago, but within the same area",3,Not disabled under the Equality Act,405146
E12000009,South West,3,"Inflow: lived elsewhere one year ago outside the area, but within the associated area",-8,Does not apply,0
E12000009,South West,3,"Inflow: lived elsewhere one year ago outside the area, but within the associated area",1,Disabled under the Equality Act: Day-to-day activities limited a lot,4945
E12000009,South West,3,"Inflow: lived elsewhere one year ago outside the area, but within the associated area",2,Disabled under the Equality Act: Day-to-day activities limited a little,13167
E12000009,South West,3,"Inflow: lived elsewhere one year ago outside the area, but within the associated area",3,Not disabled under the Equality Act,114935
E12000009,South West,4,"Inflow: lived elsewhere one year ago outside the associated area, but within the UK",-8,Does not apply,0
E12000009,South West,4,"Inflow: lived elsewhere one year ago outside the associated area, but within the UK",1,Disabled under the Equality Act: Day-to-day activities limited a lot,490
E12000009,South West,4,"Inflow: lived elsewhere one year ago outside the associated area, but within the UK",2,Disabled under the Equality Act: Day-to-day activities limited a little,1446
E12000009,South West,4,"Inflow: lived elsewhere one year ago outside the associated area, but within the UK",3,Not disabled under the Equality Act,11623
E12000009,South West,5,Inflow: lived elsewhere one year ago outside the UK,-8,Does not apply,0
E12000009,South West,5,Inflow: lived elsewhere one year ago outside the UK,1,Disabled under the Equality Act: Day-to-day activities limited a lot,586
E12000009,South West,5,Inflow: lived elsewhere one year ago outside the UK,2,Disabled under the Equality Act: Day-to-day activities limited a little,2180
E12000009,South West,5,Inflow: lived elsewhere one year ago outside the UK,3,Not disabled under the Equality Act,39472
W92000004,Wales,-8,Does not apply,-8,Does not apply,0
W92000004,Wales,-8,Does not apply,1,Disabled under the Equality Act: Day-to-day activities limited a lot,0
W92000004,Wales,-8,Does not apply,2,Disabled under the Equality Act: Day-to-day activities limited a little,0
W92000004,Wales,-8,Does not apply,3,Not disabled under the Equality Act,0
W92000004,Wales,1,Lived at the same address one year ago,-8,Does not apply,0
W92000004,Wales,1,Lived at the same address one year ago,1,Disabled under the Equality Act: Day-to-day activities limited a lot,299521
W92000004,Wales,1,Lived at the same address one year ago,2,Disabled under the Equality Act: Day-to-day activities limited a little,320227
W92000004,Wales,1,Lived at the same address one year ago,3,Not disabled under the Equality Act,2166980
W92000004,Wales,2,"Inflow: lived elsewhere one year ago, but within the same area",-8,Does not apply,0
W92000004,Wales,2,"Inflow: lived elsewhere one year ago, but within the same area",1,Disabled under the Equality Act: Day-to-day activities limited a lot,16717
W92000004,Wales,2,"Inflow: lived elsewhere one year ago, but within the same area",2,Disabled under the Equality Act: Day-to-day activities limited a little,23373
W92000004,Wales,2,"Inflow: lived elsewhere one year ago, but within the same area",3,Not disabled under the Equality Act,178770
W92000004,Wales,3,"Inflow: lived elsewhere one year ago outside the area, but within the associated area",-8,Does not apply,0
W92000004,Wales,3,"Inflow: lived elsewhere one year ago outside the area, but within the associated area",1,Disabled under the Equality Act: Day-to-day activities limited a lot,0
W92000004,Wales,3,"Inflow: lived elsewhere one year ago outside the area, but within the associated area",2,Disabled under the Equality Act: Day-to-day activities limited a little,0
W92000004,Wales,3,"Inflow: lived elsewhere one year ago outside the area, but within the associated area",3,Not disabled under the Equality Act,0
W92000004,Wales,4,"Inflow: lived elsewhere one year ago outside the associated area, but within the UK",-8,Does not apply,0
W92000004,Wales,4,"Inflow: lived elsewhere one year ago outside the associated area, but within the UK",1,Disabled under the Equality Act: Day-to-day activities limited a lot,2742
W92000004,Wales,4,"Inflow: lived elsewhere one year ago outside the associated area, but within the UK",2,Disabled under the Equality Act: Day-to-day activities limited a little,6252
W92000004,Wales,4,"Inflow: lived elsewhere one year ago outside the associated area, but within the UK",3,Not disabled under the Equality Act,48241
W92000004,Wales,5,Inflow: lived elsewhere one year ago outside the UK,-8,Does not apply,0
W92000004,Wales,5,Inflow: lived elsewhere one year ago outside the UK,1,Disabled under the Equality Act: Day-to-day activities limited a lot,308
W92000004,Wales,5,Inflow: lived elsewhere one year ago outside the UK,2,Disabled under the Equality Act: Day-to-day activities limited a little,782
W92000004,Wales,5,Inflow: lived elsewhere one year ago outside the UK,3,Not disabled under the Equality Act,15245
