Migrant country one year ago code,Migrant country one year ago label,Migration Country (outflow) (2 categories) code,Migration Country (outflow) (2 categories) label,Disability - Equality act disabled (4 categories) code,Disability - Equality act disabled (4 categories) label,Count
-8,Does not apply,-8,Does not apply,-8,Does not apply,0
-8,Does not apply,-8,Does not apply,1,Disabled under the Equality Act: Day-to-day activities limited a lot,4160752
-8,Does not apply,-8,Does not apply,2,Disabled under the Equality Act: Day-to-day activities limited a little,5421353
-8,Does not apply,-8,Does not apply,3,Not disabled under the Equality Act,42949941
-8,Does not apply,1,"Outflow: moved out of the area, but within the associated area",-8,Does not apply,0
-8,Does not apply,1,"Outflow: moved out of the area, but within the associated area",1,Disabled under the Equality Act: Day-to-day activities limited a lot,0
-8,Does not apply,1,"Outflow: moved out of the area, but within the associated area",2,Disabled under the Equality Act: Day-to-day activities limited a little,0
-8,Does not apply,1,"Outflow: moved out of the area, but within the associated area",3,Not disabled under the Equality Act,0
999999999,Person with migrant origin outside the UK,-8,Does not apply,-8,Does not apply,0
999999999,Person with migrant origin outside the UK,-8,Does not apply,1,Disabled under the Equality Act: Day-to-day activities limited a lot,7434
999999999,Person with migrant origin outside the UK,-8,Does not apply,2,Disabled under the Equality Act: Day-to-day activities limited a little,21902
999999999,Person with migrant origin outside the UK,-8,Does not apply,3,Not disabled under the Equality Act,515760
999999999,Person with migrant origin outside the UK,1,"Outflow: moved out of the area, but within the associated area",-8,Does not apply,0
999999999,Person with migrant origin outside the UK,1,"Outflow: moved out of the area, but within the associated area",1,Disabled under the Equality Act: Day-to-day activities limited a lot,0
999999999,Person with migrant origin outside the UK,1,"Outflow: moved out of the area, but within the associated area",2,Disabled under the Equality Act: Day-to-day activities limited a little,0
999999999,Person with migrant origin outside the UK,1,"Outflow: moved out of the area, but within the associated area",3,Not disabled under the Equality Act,0
E92000001,England,-8,Does not apply,-8,Does not apply,0
E92000001,England,-8,Does not apply,1,Disabled under the Equality Act: Day-to-day activities limited a lot,267891
E92000001,England,-8,Does not apply,2,Disabled under the Equality Act: Day-to-day activities limited a little,503534
E92000001,England,-8,Does not apply,3,Not disabled under the Equality Act,4825089
E92000001,England,1,"Outflow: moved out of the area, but within the associated area",-8,Does not apply,0
E92000001,England,1,"Outflow: moved out of the area, but within the associated area",1,Disabled under the Equality Act: Day-to-day activities limited a lot,2679
E92000001,England,1,"Outflow: moved out of the area, but within the associated area",2,Disabled under the Equality Act: Day-to-day activities limited a little,6135
E92000001,England,1,"Outflow: moved out of the area, but within the associated area",3,Not disabled under the Equality Act,47158
W92000004,Wales,-8,Does not apply,-8,Does not apply,0
W92000004,Wales,-8,Does not apply,1,Disabled under the Equality Act: Day-to-day activities limited a lot,16717
W92000004,Wales,-8,Does not apply,2,Disabled under the Equality Act: Day-to-day activities limited a little,23373
W92000004,Wales,-8,Does not apply,3,Not disabled under the Equality Act,178770
W92000004,Wales,1,"Outflow: moved out of the area, but within the associated area",-8,Does not apply,0
W92000004,Wales,1,"Outflow: moved out of the area, but within the associated area",1,Disabled under the Equality Act: Day-to-day activities limited a lot,1873
W92000004,Wales,1,"Outflow: moved out of the area, but within the associated area",2,Disabled under the Equality Act: Day-to-day activities limited a little,4519
W92000004,Wales,1,"Outflow: moved out of the area, but within the associated area",3,Not disabled under the Equality Act,35337
