from_postcode,B152TH,B714HJ,B95SS,BA13NG,BA214AT,BB23HH,BD96RJ,BH77DW,BL97TD,BN112DH,BN212UD,BN25BE,BR68ND,BS105NB,BS234TQ,BS28HW,CA27HY,CB20QQ,CF144XW,CF311RQ,CF479DT,CH21UL,CH495PE,CM17ET,CO45JL,CT13NG,CT94AN,CV107DJ,CV22DX,CV345BW,CW14QJ,DA28DA,DE223NE,DH15TW,DN157BH,DN25LT,DT12JY,DY12HQ,E11BB,EX25DW,EX314JB,FY38NR,GL13NN,GU167UJ,HA13UJ,HP112TT,HR12ER,HU32JZ,HX30PW,IP332QZ,IP45PD,KT160PZ,KT187EG,L355DR,L78XP,L97AL,LA144LF,LA14RP,LE15WW,LL137TD,LL185UJ,LL572PW,LN25QY,LS13EX,LU40DZ,M68HD,ME169QQ,MK429DJ,MK65LD,NE14LP,NE236NZ,NG174JL,NG72UH,NN15BD,NP448YN,NR316LA,NR47UY,NW12BU,OX39DU,PE304ET,PE39GZ,PL68DH,PO196SE,PO305TG,PO63LY,PR29HT,PR86PN,RG15AN,RH15RH,RH164EX,RM70AG,S102JF,S445BL,S752EP,SA148QF,SA312AF,SA612PZ,SA66NL,SE59RW,SG14AB,SK27JE,SL24HL,SN36BB,SO166YD,SO225DG,SP28BJ,SR47TP,SS00RY,SS165NL,ST46QG,SW170QT,SW66SX,SY231ER,TA15DA,TF16TF,TN240LZ,TQ27AA,TR13LQ,TS198PE,TS43BW,WD180HB,WF14DG,WR51DD,WV100QP,YO318HE
B152TH,0,12,12,95,139,104,121,156,94,159,174,161,144,81,98,80,175,109,103,117,102,91,96,140,161,173,191,32,34,32,60,134,51,180,114,95,159,17,125,142,164,117,52,114,106,84,62,132,111,133,161,106,119,85,92,91,161,119,49,80,116,148,101,117,82,85,149,83,72,193,202,69,59,62,94,189,163,116,70,126,90,184,161,227,146,102,102,104,128,149,128,92,77,98,139,154,184,131,126,103,84,97,80,134,122,130,189,144,133,46,126,114,131,118,38,166,159,233,173,169,101,109,29,22,133
B714HJ,12,0,17,94,138,97,114,162,86,165,180,167,144,80,97,80,168,106,103,117,101,84,89,137,159,171,188,29,31,39,53,131,46,178,111,92,158,12,123,141,163,110,51,120,106,90,61,130,104,130,158,112,125,78,85,84,153,112,47,73,108,141,98,115,80,78,150,80,70,190,199,67,56,59,93,186,161,115,76,124,87,183,167,233,152,95,95,110,134,155,125,89,75,95,138,154,183,130,126,100,77,103,79,140,128,129,186,142,130,39,133,120,124,117,31,166,159,232,170,166,98,106,28,15,130
B95SS,13,16,0,102,146,104,117,155,93,158,174,160,137,87,104,87,175,99,110,124,109,91,96,130,152,164,181,22,24,32,60,124,40,171,104,85,166,25,116,149,171,117,59,113,99,84,69,122,111,123,151,105,118,85,92,91,160,119,40,80,115,148,91,108,73,85,143,73,63,183,192,60,49,52,101,179,153,108,70,116,80,190,160,226,145,102,102,103,127,148,118,82,68,88,146,161,191,138,119,93,84,97,87,133,122,137,179,135,123,46,125,113,131,125,38,159,166,240,163,159,91,99,36,22,123
BA13NG,95,94,102,0,53,185,203,83,175,131,164,150,134,26,50,20,257,154,57,71,80,172,177,153,174,166,184,112,114,97,142,134,134,263,197,178,76,95,124,95,116,198,52,91,106,92,83,215,193,182,194,95,109,166,174,173,242,200,129,161,197,229,184,200,118,167,139,126,110,276,285,152,142,115,48,238,212,116,80,192,157,136,109,175,94,183,184,75,117,139,140,175,160,181,100,116,145,92,120,125,166,91,40,79,80,56,272,157,146,127,121,107,155,71,120,155,112,185,256,252,110,192,71,104,216
BA214AT,139,138,146,53,0,230,247,62,219,131,164,149,146,64,52,56,301,174,96,110,119,217,222,173,194,179,196,156,158,141,186,146,178,308,241,222,24,139,144,55,80,243,96,96,125,121,122,260,237,202,214,107,121,211,218,217,286,245,174,206,241,274,229,245,138,211,151,158,153,320,329,197,186,159,87,258,232,136,122,221,194,96,110,176,95,228,228,104,129,151,159,219,205,225,139,155,184,131,140,145,210,118,85,80,81,57,316,174,162,172,133,127,194,34,164,168,72,145,300,296,130,236,116,148,260
BB23HH,104,97,104,185,229,0,47,250,28,253,269,255,232,171,188,171,93,193,194,208,192,59,55,224,246,258,275,116,118,126,60,218,99,114,100,86,249,102,210,232,254,35,142,209,193,179,152,107,50,217,245,200,214,40,46,38,78,36,130,70,84,116,123,60,167,33,237,167,157,127,136,100,112,147,184,248,219,202,165,180,165,274,256,321,240,19,40,198,222,244,212,78,93,72,229,204,238,221,213,188,45,192,171,228,217,220,122,229,217,66,220,208,158,208,105,253,250,323,111,107,185,65,119,95,88
BD96RJ,120,114,116,202,246,48,0,251,40,241,256,242,215,187,205,187,112,162,210,224,209,76,81,201,213,242,259,113,114,125,76,202,82,96,60,46,266,118,194,249,271,79,159,196,177,179,169,67,18,186,214,188,201,60,67,66,97,81,102,86,101,133,84,18,151,44,221,151,141,109,118,67,79,131,201,208,180,186,165,141,125,290,249,322,241,64,77,199,210,231,196,49,60,33,246,221,255,238,197,166,49,181,187,229,217,238,104,213,201,82,204,192,175,225,122,237,266,340,89,85,169,26,136,111,49
BH77DW,156,162,154,83,62,250,251,0,239,82,115,100,115,121,110,120,321,143,149,163,172,237,242,142,163,148,165,153,147,132,206,115,182,305,238,219,39,163,113,100,138,263,119,65,94,90,160,257,252,171,183,76,90,231,238,237,306,265,161,226,261,294,216,242,107,231,120,127,122,317,326,194,183,134,140,227,201,105,97,190,163,141,61,127,46,248,248,73,98,104,128,216,202,222,192,208,237,184,109,114,230,87,84,31,38,30,313,143,131,192,102,96,247,93,184,137,117,190,297,293,99,233,139,168,257
BL97TD,93,87,93,175,219,28,38,240,1,243,258,245,221,160,177,160,110,180,183,197,182,49,54,214,230,247,265,106,108,116,49,208,88,114,78,64,239,91,199,222,244,52,132,198,183,168,142,85,28,203,232,190,203,33,40,39,95,54,120,59,74,106,101,38,156,17,226,157,146,126,135,84,96,136,174,225,197,192,154,158,142,263,245,311,230,37,50,188,212,233,202,58,78,50,219,194,228,211,202,177,25,182,160,218,207,210,122,218,207,55,209,198,148,198,95,243,239,313,106,102,175,43,109,84,66
BN112DH,158,165,157,131,132,253,240,82,242,0,39,24,65,148,169,146,324,117,176,190,199,239,244,96,117,98,115,149,146,135,209,65,176,294,228,209,109,166,84,169,204,266,146,69,79,80,187,246,242,142,136,57,49,233,241,240,309,267,150,229,264,297,205,231,91,234,70,112,107,307,316,183,173,120,166,198,172,84,102,166,148,211,25,123,42,250,251,81,46,33,82,206,191,212,219,234,264,211,72,99,233,71,111,60,65,79,303,93,81,194,68,69,274,158,187,87,187,260,287,283,84,223,163,171,247
BN212UD,174,181,173,163,165,268,256,115,258,39,0,32,68,164,185,163,340,120,192,206,215,255,260,99,120,87,109,165,161,151,224,68,192,310,244,225,141,181,87,202,236,281,162,84,95,95,203,262,258,145,139,72,66,249,257,255,325,283,166,244,280,312,221,247,107,250,63,127,123,323,332,199,189,136,183,201,175,94,117,169,157,243,57,155,75,266,267,96,56,35,85,222,207,228,235,251,280,227,82,114,249,87,127,93,97,112,318,96,84,210,78,85,290,191,202,66,219,293,303,299,99,239,179,187,263
BN25BE,160,167,159,149,149,254,242,100,244,24,32,0,61,150,171,149,326,113,178,192,201,241,246,92,113,94,111,151,147,137,211,62,178,296,230,211,126,167,80,187,221,267,148,70,81,81,189,248,244,138,132,58,52,235,243,241,311,269,152,230,266,298,207,233,93,236,66,113,109,309,318,185,175,122,169,194,168,80,103,162,150,228,42,140,59,252,253,82,42,29,78,208,193,214,221,237,266,213,68,100,235,73,113,78,82,97,304,89,77,196,64,71,276,175,188,83,204,277,289,285,85,225,165,173,249
BR68ND,145,144,137,134,147,231,216,115,221,66,76,62,0,135,156,133,303,70,163,177,186,218,223,48,69,56,73,125,121,121,188,18,151,270,193,184,142,153,29,200,222,244,133,55,51,66,174,208,217,94,89,43,37,212,220,219,288,246,126,207,243,275,166,207,67,213,29,87,82,283,291,159,148,95,154,150,125,39,88,118,106,242,80,169,88,229,230,67,33,51,35,182,167,187,206,221,251,198,27,64,212,58,98,94,85,113,278,46,33,173,27,34,258,176,166,46,218,291,263,258,62,198,150,150,222
BS105NB,79,78,86,26,66,169,187,120,159,147,163,149,133,0,30,12,241,153,41,55,64,156,161,152,173,166,183,96,98,81,126,133,118,247,181,162,91,79,123,75,96,182,36,90,105,91,67,199,177,181,193,94,108,150,158,157,226,184,113,146,181,214,168,184,117,151,138,125,109,260,269,136,126,114,32,237,211,115,79,190,154,116,125,191,110,167,168,74,116,138,139,159,144,165,84,100,129,76,119,124,150,90,40,98,87,74,256,156,145,111,120,106,139,51,104,155,92,165,240,236,109,176,56,88,200
BS234TQ,98,97,105,50,52,188,205,110,178,170,186,172,156,35,0,34,260,176,54,68,78,175,180,175,196,188,206,114,116,99,144,156,137,266,200,181,72,98,146,55,77,201,54,113,127,114,80,218,195,204,216,117,130,169,176,175,245,203,132,164,200,232,187,203,140,169,160,148,132,279,288,155,145,137,45,260,234,138,99,209,173,97,148,214,133,186,186,97,139,161,161,178,163,184,97,113,143,90,142,147,169,113,62,121,110,88,274,179,168,130,142,129,153,31,122,177,72,146,259,255,132,195,74,107,219
BS28HW,80,79,87,20,57,171,188,120,160,147,163,149,133,10,35,0,242,153,42,56,66,157,162,152,174,166,183,97,99,82,127,133,119,249,182,163,79,80,124,80,102,184,37,90,105,91,68,201,178,181,193,95,108,152,159,158,227,186,114,147,182,215,170,186,117,152,138,126,109,261,270,138,127,114,33,237,212,115,79,191,155,121,126,191,110,169,169,75,116,138,139,160,146,166,85,101,131,78,119,124,151,91,40,98,87,74,257,157,145,113,120,107,141,56,105,155,97,171,241,237,109,177,57,89,201
CA27HY,175,169,175,257,301,93,111,322,110,325,341,327,303,243,260,242,0,255,266,280,264,131,127,296,306,330,347,188,190,198,131,290,170,79,154,139,321,174,282,304,326,94,214,280,265,251,224,161,127,279,307,272,285,112,118,110,85,67,202,141,156,188,177,127,239,106,309,239,228,65,70,166,178,218,256,301,273,274,237,234,218,346,327,393,312,79,111,270,294,316,284,153,160,137,301,276,310,293,285,259,119,264,242,300,289,292,78,301,289,138,292,280,230,280,177,325,321,395,98,101,257,130,191,167,118
CB20QQ,109,106,99,153,175,193,163,143,182,117,127,113,69,154,175,153,255,0,182,196,195,180,185,49,61,95,113,86,83,94,149,56,113,211,133,125,170,115,55,220,241,206,145,83,62,73,155,148,164,37,65,75,195,174,182,180,250,208,80,169,205,237,106,154,52,174,75,39,52,223,232,113,101,62,173,93,68,66,95,55,47,261,131,378,128,191,192,87,84,102,50,136,129,138,225,241,271,218,68,30,174,68,117,121,113,140,219,66,55,135,76,75,220,196,127,251,237,310,565,199,56,148,122,112,163
CF144XW,103,102,110,56,95,193,211,149,183,176,192,178,162,42,54,42,265,182,0,22,30,180,185,181,202,194,212,120,122,105,150,162,142,271,205,186,115,103,152,98,120,206,60,119,133,120,61,223,201,210,222,123,136,174,182,181,250,208,137,148,205,197,192,208,146,175,166,154,138,284,293,160,150,143,19,266,240,144,105,214,178,140,154,220,139,191,192,103,145,167,167,183,168,189,51,66,96,43,148,153,174,119,68,127,116,103,280,185,174,135,149,135,121,74,128,183,116,189,264,260,138,200,79,112,224
CF311RQ,118,117,125,71,110,208,225,164,198,191,206,193,177,57,69,57,280,197,21,1,40,195,200,196,217,209,226,134,136,120,164,177,157,286,220,201,130,118,167,113,135,221,75,134,148,135,76,238,215,224,236,138,151,189,197,195,265,223,152,163,220,206,207,223,161,189,181,169,152,299,308,175,165,158,34,281,255,159,120,229,193,154,169,235,154,206,207,118,160,181,182,198,183,204,33,49,79,26,162,168,189,134,83,142,130,118,294,200,188,150,163,150,108,89,142,198,130,204,279,275,153,215,94,127,239
CF479DT,102,101,109,80,119,192,209,172,182,199,215,201,185,65,77,65,264,196,30,40,0,142,156,204,226,218,235,118,121,110,148,185,141,270,204,185,138,102,176,122,143,205,71,142,157,143,49,222,199,219,245,147,160,173,181,179,249,207,136,127,164,173,191,207,169,173,190,169,155,283,292,159,149,148,35,276,250,168,124,213,177,163,178,244,163,190,191,127,169,190,191,182,167,188,41,56,86,33,171,176,173,143,92,150,139,127,278,209,197,134,172,159,98,98,126,207,139,212,263,259,162,199,78,111,223
CH21UL,90,84,90,172,216,59,76,237,48,240,256,242,218,158,175,157,130,180,180,194,142,0,19,211,232,244,262,103,105,113,35,205,85,152,116,102,236,88,196,219,241,72,129,195,180,166,105,123,66,204,232,187,200,29,28,34,115,73,117,19,36,69,126,76,153,40,224,154,143,164,173,108,105,133,146,260,234,189,151,183,161,260,242,308,227,56,53,185,209,230,199,83,91,76,163,153,187,168,199,174,42,179,157,215,204,207,160,215,204,52,207,195,112,195,54,240,236,310,144,140,172,81,106,73,104
CH495PE,96,89,96,177,221,54,80,242,52,246,261,247,224,163,180,163,125,185,186,200,156,20,0,216,238,250,267,108,110,118,45,210,91,155,119,106,241,94,202,224,246,67,135,201,185,171,118,126,70,209,237,192,206,28,14,20,110,69,122,32,42,74,132,80,159,44,229,159,149,168,177,113,111,139,177,265,240,194,157,189,166,266,248,313,232,52,40,191,214,236,204,88,96,81,176,167,200,182,205,180,48,184,163,220,209,212,164,221,209,58,212,200,116,200,65,245,242,315,148,144,177,85,111,87,108
CM17ET,141,138,131,154,175,225,202,143,215,97,106,93,49,155,175,153,297,49,182,196,206,212,217,0,33,75,92,118,115,121,181,35,145,250,172,164,170,147,46,220,242,238,143,83,58,73,187,187,203,53,52,74,68,206,214,212,282,240,119,201,237,269,145,193,61,206,54,78,76,262,271,153,142,89,173,110,104,56,96,98,86,261,111,200,119,223,224,87,63,81,29,175,161,177,225,241,271,218,59,58,206,68,118,121,113,141,258,30,27,167,67,71,252,196,159,70,237,310,242,238,56,187,154,144,202
CO45JL,160,157,151,173,194,245,213,163,232,116,126,112,68,174,195,173,305,60,202,216,225,232,237,31,1,94,112,138,134,140,201,55,165,261,183,175,189,166,66,240,261,258,163,103,78,93,206,198,214,43,25,93,87,226,233,232,301,260,130,221,256,289,156,204,80,226,73,89,96,274,282,163,151,109,193,83,69,76,115,92,97,281,130,219,138,243,243,106,83,101,49,186,180,188,245,261,290,237,78,78,225,88,137,141,132,160,269,45,43,187,87,91,272,215,179,90,257,330,254,249,75,198,173,163,213
CT13NG,173,170,163,164,177,258,242,145,247,96,87,92,55,165,186,163,329,96,193,207,216,244,249,74,96,0,29,151,147,151,214,41,177,296,219,211,172,179,64,230,252,271,163,85,91,96,204,234,243,120,115,73,67,239,246,245,314,273,152,234,269,302,192,233,93,239,33,113,109,309,318,185,175,122,183,177,151,74,118,144,133,271,110,199,118,256,256,97,63,80,61,208,193,214,236,251,281,228,66,91,238,87,128,123,115,142,304,72,59,200,78,78,284,206,192,23,247,321,289,285,88,225,180,176,248
CT94AN,190,186,180,180,193,274,258,162,264,112,108,108,71,181,202,180,346,112,209,223,232,261,266,91,112,28,0,167,164,168,230,58,194,312,235,227,188,195,80,247,268,287,180,101,107,112,220,250,260,137,131,90,83,255,262,261,331,289,168,250,286,318,208,249,109,255,49,130,125,325,334,201,191,138,200,193,167,90,135,161,149,288,126,215,134,272,272,113,79,97,77,224,209,230,252,268,297,244,82,107,255,104,144,140,131,159,321,88,76,216,95,95,301,223,208,46,264,337,305,301,105,241,196,192,265
CV107DJ,32,29,22,111,155,116,113,153,106,150,165,152,125,97,114,97,188,86,120,134,118,103,108,117,139,151,168,0,11,23,73,111,48,167,100,81,175,38,103,158,180,129,68,105,86,82,78,119,114,110,138,97,110,97,105,104,173,131,23,93,128,161,78,104,60,98,130,60,50,180,188,56,45,40,110,166,141,95,68,104,67,200,158,224,143,114,115,101,119,140,105,79,64,84,155,171,200,147,106,81,97,91,96,131,120,140,175,122,110,58,113,101,143,134,51,146,176,249,160,155,78,95,45,35,119
CV22DX,34,30,24,112,157,118,113,146,108,146,162,148,121,98,115,98,190,83,121,135,120,105,110,114,135,147,165,11,0,16,74,108,49,167,101,82,173,39,99,160,181,131,70,101,83,75,80,119,115,106,135,93,106,99,106,105,175,133,23,94,130,162,78,104,56,99,126,57,46,180,189,56,46,36,112,163,137,91,61,100,64,201,152,217,136,116,116,94,115,137,102,79,64,85,156,172,202,149,102,77,98,87,82,124,113,134,176,118,107,60,109,97,145,136,52,143,177,250,160,156,75,96,46,36,120
CV345BW,33,38,31,96,140,126,125,132,115,135,150,137,120,82,99,82,197,95,106,120,111,113,118,120,141,153,171,23,17,0,82,114,59,179,112,93,158,40,101,143,165,139,54,90,82,60,71,131,126,118,147,82,95,107,114,113,182,141,35,102,137,170,90,116,62,107,125,63,52,192,200,68,57,42,97,175,149,92,46,112,76,185,137,203,122,124,124,80,104,125,108,91,76,96,147,163,193,140,102,83,106,73,74,110,98,119,187,124,113,68,102,90,153,119,60,142,161,234,172,167,80,107,37,44,131
CW14QJ,60,54,60,141,186,60,77,206,49,210,225,211,188,127,144,127,131,149,150,164,149,35,45,181,202,214,231,72,74,83,0,174,55,153,117,94,205,58,166,189,210,73,99,165,149,135,108,124,67,173,202,156,170,41,48,47,116,75,86,35,62,95,118,77,123,41,193,123,113,165,174,78,75,103,141,230,204,158,121,167,131,230,212,278,197,58,58,155,178,200,169,80,86,74,185,167,231,178,169,144,40,148,127,184,173,177,161,185,173,22,176,164,126,165,46,210,206,279,145,141,141,82,75,51,105
DA28DA,134,131,124,134,147,219,203,116,208,66,76,62,18,135,156,133,290,57,163,177,186,205,210,35,57,42,59,112,108,114,175,0,138,257,180,171,142,140,26,200,222,232,133,55,52,66,174,195,204,81,76,43,37,200,207,206,275,234,113,195,230,263,153,194,54,200,23,74,70,270,279,146,136,83,154,138,112,36,88,105,94,242,80,169,88,217,217,67,33,51,22,169,154,175,206,221,251,198,28,52,199,58,98,94,85,113,265,33,20,161,38,41,245,176,153,37,218,291,250,246,49,186,147,137,209
DE223NE,51,45,40,133,178,99,82,182,88,177,193,179,152,119,136,119,170,114,142,156,141,85,90,145,166,178,196,48,50,58,55,139,0,136,70,51,197,51,130,181,203,112,91,132,113,110,101,88,84,137,166,124,137,80,87,86,155,113,39,80,110,143,67,73,87,80,157,88,77,149,158,25,21,67,133,194,168,122,96,107,82,222,186,253,172,96,97,130,146,168,133,48,33,54,178,193,223,170,133,108,79,118,119,160,149,169,145,149,137,38,140,128,148,157,55,174,198,271,129,125,105,65,68,44,89
DH15TW,181,177,171,263,307,114,90,305,116,295,310,297,269,249,266,249,79,210,272,286,271,152,157,249,261,296,313,167,168,179,152,256,136,0,109,94,331,186,248,310,332,123,221,250,231,234,230,116,98,234,262,242,255,136,143,142,114,96,157,162,177,209,132,82,205,120,275,205,195,20,29,121,133,185,263,256,228,240,220,189,173,352,303,376,295,108,153,253,264,285,250,108,115,92,307,323,352,299,251,215,125,236,249,283,272,292,18,267,255,158,258,246,250,286,190,291,328,401,25,36,223,85,197,178,73
DN157BH,113,110,103,196,240,99,60,238,79,228,243,229,193,182,199,181,153,134,204,218,203,115,120,173,185,219,237,100,101,112,115,180,69,108,0,24,264,119,181,243,265,118,153,183,164,166,163,34,61,158,186,175,188,99,106,105,161,120,89,125,140,172,36,51,138,83,199,130,128,121,130,54,66,118,195,166,138,173,152,99,97,285,236,308,228,103,116,186,196,218,174,45,47,44,240,255,285,232,184,138,88,168,181,216,204,225,117,190,179,104,191,179,215,219,122,215,260,334,101,97,156,45,130,111,54
DN25LT,95,91,85,177,222,86,47,219,66,209,225,211,184,163,180,163,139,125,186,200,185,102,107,163,175,210,227,82,83,93,93,170,50,95,24,0,246,101,162,225,246,105,135,164,145,148,144,43,48,148,177,156,169,86,93,92,148,106,71,112,127,159,46,38,119,70,189,120,109,107,116,35,47,99,177,170,142,154,134,103,87,266,218,290,209,89,103,167,178,200,164,26,29,21,221,237,267,214,165,129,65,150,163,197,186,207,103,181,169,86,172,160,196,201,104,205,242,315,87,83,137,32,111,93,47
DT12JY,159,158,166,76,24,250,267,39,239,109,141,126,141,86,72,79,321,169,116,130,139,237,242,168,189,174,191,179,173,158,206,141,198,331,264,245,0,159,139,63,100,263,116,91,121,116,142,283,257,197,209,103,116,231,238,237,306,265,187,226,261,294,242,268,133,231,146,153,149,344,352,220,209,160,107,253,227,131,123,216,190,104,87,153,72,248,248,99,124,130,155,243,228,248,159,175,204,151,135,140,230,113,95,57,64,46,339,169,157,192,128,122,214,54,184,163,80,153,324,319,125,259,136,168,283
DY12HQ,18,12,25,95,139,101,118,163,91,166,181,168,152,81,98,80,173,114,104,118,102,88,93,145,167,179,196,37,39,39,57,139,50,184,118,98,159,0,131,142,164,114,52,121,113,91,62,136,108,138,166,113,126,82,89,88,158,116,55,76,113,145,106,119,88,82,158,88,78,197,206,73,64,68,94,194,169,123,77,132,95,184,168,234,153,99,99,111,135,156,133,96,81,102,139,155,184,131,134,108,82,104,80,141,129,130,192,150,138,43,133,121,127,118,34,174,159,233,177,173,106,113,29,15,136
E11BB,125,122,116,123,144,210,194,113,200,85,94,80,29,124,145,123,281,55,152,166,175,197,202,46,67,64,81,103,99,102,166,26,130,248,182,163,139,131,0,190,211,223,116,52,28,46,154,193,196,79,86,44,37,191,198,197,266,225,104,186,222,254,151,185,45,191,42,65,61,261,270,137,127,74,143,136,110,10,69,104,92,231,99,170,90,208,208,56,46,69,23,160,145,166,195,211,240,187,13,47,190,39,87,91,82,110,257,47,34,152,21,23,237,165,144,59,207,280,241,237,35,177,130,128,201
EX25DW,142,141,149,94,55,232,249,100,222,169,202,187,200,79,55,78,304,220,99,113,122,219,224,219,240,233,250,159,161,144,189,200,181,310,244,225,63,142,190,0,57,245,99,142,172,158,125,262,240,248,260,161,175,213,221,220,289,247,176,208,244,276,231,247,184,214,205,192,176,323,332,199,189,181,89,304,278,182,144,253,217,50,148,214,133,230,231,141,183,205,206,222,207,228,142,157,187,134,186,191,213,157,107,118,127,104,319,223,212,174,187,173,197,34,167,222,26,96,303,299,176,239,118,151,263
EX314JB,163,162,170,116,80,254,271,138,243,203,236,220,222,101,76,100,325,241,120,134,143,241,246,241,262,254,271,180,182,165,210,222,203,332,265,246,100,163,212,57,0,267,120,167,193,180,146,284,261,269,281,183,196,235,242,241,310,269,198,230,265,298,253,269,205,235,226,214,197,345,353,221,210,203,111,326,300,204,165,275,238,79,181,247,166,252,252,163,205,226,227,244,229,249,163,179,208,155,207,213,234,179,128,152,152,128,340,245,233,196,208,195,218,55,188,243,74,99,325,320,198,260,140,172,284
FY38NR,116,109,116,197,241,33,77,262,50,265,281,267,243,183,200,183,93,205,206,220,204,71,67,236,258,270,287,128,130,138,71,230,110,123,117,103,261,114,222,244,266,0,154,220,205,191,164,124,67,229,257,212,225,52,58,50,78,36,142,81,96,128,141,78,179,46,249,179,169,144,153,117,130,158,196,265,237,214,177,198,182,286,267,333,252,18,48,210,234,256,224,95,111,90,241,216,250,233,225,199,59,204,182,240,229,232,140,241,229,78,232,220,170,220,117,265,261,335,129,132,197,83,131,107,106
GL13NN,52,51,59,52,96,142,159,119,132,146,162,149,132,38,55,38,214,145,62,76,71,129,134,141,162,165,182,68,71,54,98,133,91,220,154,135,116,52,116,99,121,155,0,89,96,75,43,172,149,169,182,94,107,123,131,129,199,157,86,118,154,186,141,157,101,123,137,101,84,233,242,109,99,90,52,226,200,107,53,163,127,141,125,191,110,140,141,74,116,137,129,132,117,138,105,120,150,97,118,113,123,90,37,97,86,87,228,145,134,84,119,106,133,75,76,154,117,190,213,209,98,149,28,61,173
GU167UJ,115,121,113,91,97,209,197,65,198,70,86,72,56,92,113,91,280,84,120,134,143,195,200,83,104,88,106,105,102,91,165,56,132,251,184,165,92,122,54,143,168,222,91,0,35,36,131,202,198,111,123,17,30,190,197,196,265,224,106,185,220,253,162,187,48,190,60,68,63,263,272,140,129,76,111,168,142,46,58,131,104,185,61,134,53,207,207,24,39,61,69,162,148,168,163,179,208,155,49,55,189,27,55,43,35,62,259,84,71,151,42,37,218,123,143,77,160,234,243,239,40,179,110,127,203
HA13UJ,105,105,98,105,126,193,177,95,182,79,95,81,51,106,127,105,264,62,134,148,157,179,184,58,79,91,108,86,82,82,149,52,112,231,165,145,121,113,27,172,193,206,97,35,0,27,134,183,178,90,98,26,37,173,181,180,249,207,87,169,204,237,142,168,28,174,69,48,43,244,253,120,110,57,125,147,121,18,49,109,83,213,88,160,79,190,191,38,48,70,40,143,128,149,177,193,222,169,30,33,173,20,69,73,64,92,239,62,50,134,31,19,219,148,127,86,189,262,224,219,13,159,110,111,183
HP112TT,84,90,83,91,120,178,179,89,168,79,95,81,65,92,113,91,250,72,120,134,143,165,170,71,92,97,115,81,75,60,134,65,111,233,167,148,116,91,45,158,179,191,75,34,26,0,113,185,180,99,111,26,39,159,166,165,235,193,89,154,190,222,144,170,36,159,69,56,51,246,255,122,112,62,111,156,130,37,27,119,92,199,88,160,79,176,176,24,48,70,59,145,130,151,163,179,208,155,46,43,159,18,55,67,58,86,241,75,64,120,47,34,205,134,112,86,175,248,226,222,28,162,89,97,185
HR12ER,62,61,69,82,121,152,169,160,142,187,203,189,173,68,80,68,224,155,62,76,50,105,118,179,200,205,223,78,80,70,108,173,101,230,164,145,141,62,154,124,146,165,43,130,134,113,0,182,159,179,207,134,147,133,126,139,209,167,96,89,126,159,151,167,129,133,177,129,114,243,252,119,109,108,43,235,210,145,91,173,136,166,165,231,150,150,150,114,156,178,167,142,127,148,86,102,131,78,159,149,132,130,78,138,127,128,238,183,172,94,159,146,93,100,71,194,142,215,223,219,136,159,37,70,182
HU32JZ,132,129,122,215,259,107,67,256,86,247,262,248,208,200,218,200,160,149,223,237,222,122,127,187,199,234,251,119,120,131,123,194,88,116,34,42,283,138,194,262,284,125,172,202,183,185,182,0,69,172,201,193,207,106,114,113,169,127,108,133,147,180,51,58,157,90,213,144,146,129,137,73,85,136,214,181,152,192,171,113,111,303,255,327,247,110,124,205,215,237,188,64,66,63,259,274,304,251,203,153,95,187,200,234,223,244,124,205,193,123,210,198,221,238,141,229,279,353,109,104,175,53,149,130,52
HX30PW,110,104,110,191,236,50,18,253,30,243,258,245,218,177,194,177,127,165,200,214,199,66,71,203,215,244,261,115,116,127,66,204,84,98,62,48,255,108,196,239,260,68,149,198,179,182,158,69,0,188,217,190,203,50,57,56,112,70,105,76,90,123,86,23,153,34,223,153,143,111,120,69,81,133,191,210,182,188,167,143,127,280,251,324,243,53,67,201,212,233,199,51,63,35,235,211,244,228,199,169,39,184,177,231,220,227,107,215,203,72,206,194,164,215,112,240,256,329,91,87,171,28,125,101,51
IP332QZ,133,129,123,181,202,217,187,171,206,141,151,137,93,182,203,180,279,37,210,224,219,204,209,53,43,119,137,110,106,118,173,80,137,235,157,149,197,138,79,247,269,230,169,110,90,101,179,172,188,0,34,102,112,198,205,204,274,232,104,193,229,261,130,177,80,198,98,63,76,247,256,136,125,85,200,75,49,90,118,53,71,289,155,236,155,215,215,114,108,126,74,160,152,162,253,268,298,245,92,58,197,96,145,149,140,168,243,84,79,159,100,102,244,223,151,115,264,338,227,223,83,172,146,135,187
IP45PD,162,158,152,194,215,246,215,183,235,137,146,133,89,195,215,193,308,66,222,236,246,233,238,51,25,115,132,139,135,147,202,75,166,263,186,178,210,167,86,260,282,259,183,123,98,113,208,201,217,34,0,114,108,227,234,233,303,261,133,222,258,290,159,206,101,227,94,92,105,276,285,165,154,114,213,64,60,96,136,82,100,301,151,240,159,244,244,127,103,121,69,188,181,191,265,281,311,258,99,87,226,109,158,161,153,181,272,65,63,188,107,111,273,236,180,110,277,351,256,252,96,201,174,164,216
KT160PZ,105,112,104,94,107,199,187,76,189,57,73,59,43,95,116,94,271,74,123,137,146,186,191,73,94,75,93,96,93,82,156,43,123,241,175,156,102,113,45,161,182,212,94,16,26,26,134,193,189,102,114,0,17,180,188,187,256,214,97,176,211,244,152,178,38,181,47,59,54,254,263,130,120,67,114,159,133,37,49,122,95,202,66,138,57,197,198,28,26,48,60,153,138,159,166,182,212,159,40,46,180,18,58,54,45,73,250,71,58,141,29,28,222,137,134,64,178,251,234,230,31,170,110,118,194
KT187EG,119,125,117,108,121,213,201,89,202,49,67,54,38,109,130,107,284,195,136,150,160,200,205,68,89,70,87,110,106,95,169,38,136,255,188,169,116,126,37,174,196,226,107,29,37,40,148,207,202,114,108,17,0,194,201,200,269,228,111,189,224,257,166,192,52,194,42,72,67,267,276,144,133,80,127,170,144,36,62,135,108,215,62,196,62,211,211,41,21,42,54,166,152,172,180,195,225,172,28,59,193,31,72,67,59,86,263,65,53,155,19,22,235,150,147,169,191,265,730,243,44,183,124,131,207
L355DR,85,78,85,166,210,42,59,231,32,235,250,236,213,152,169,152,113,174,175,189,174,30,29,205,227,239,256,97,99,107,41,199,80,135,99,85,230,83,191,214,235,55,124,190,174,160,133,106,49,198,226,181,195,0,15,12,98,57,111,40,55,87,123,60,148,23,218,148,138,148,157,102,100,128,166,254,229,183,146,180,155,255,237,303,222,40,30,180,203,225,193,77,85,72,210,175,208,203,194,169,37,173,152,209,198,201,143,210,198,47,201,189,128,190,73,234,231,304,128,124,166,65,100,76,88
L78XP,92,85,92,173,217,46,66,238,39,242,257,243,220,159,176,159,117,181,182,196,181,28,15,212,234,246,263,104,106,114,48,206,87,142,106,92,237,90,198,221,242,59,131,197,181,167,126,113,56,205,233,188,202,14,0,12,102,61,118,40,50,82,130,67,155,30,225,155,145,155,164,109,107,135,173,261,236,190,153,187,162,262,244,310,229,44,32,187,210,232,200,84,92,79,184,174,208,210,201,176,44,180,159,216,205,208,151,217,205,54,208,196,124,197,73,241,238,311,135,131,173,72,107,83,95
L97AL,91,85,91,172,217,38,66,238,38,241,256,243,219,158,175,158,110,181,181,195,180,34,21,212,233,245,263,104,106,114,47,206,86,141,105,92,236,89,197,220,241,51,130,196,180,166,140,112,56,204,233,188,201,11,11,0,95,53,117,45,59,92,129,66,154,30,224,155,144,154,163,109,106,134,172,261,235,189,152,186,162,261,243,309,228,36,24,186,210,231,200,83,91,78,216,179,213,209,200,175,43,179,158,216,204,208,150,216,205,53,207,196,133,196,78,241,237,310,134,130,172,71,106,82,94
LA144LF,160,154,160,242,286,78,96,307,95,310,326,312,288,228,245,227,84,250,251,265,249,116,112,281,303,315,332,173,175,183,116,275,155,115,162,148,306,159,267,289,311,79,199,265,250,236,209,169,112,274,302,257,270,97,103,95,0,52,187,126,141,173,186,123,224,91,294,224,213,136,144,162,175,203,241,310,282,259,222,243,227,331,312,378,297,64,96,255,279,301,269,140,156,135,286,261,295,278,269,244,104,249,227,285,274,277,131,286,274,123,277,265,215,265,162,310,306,380,120,124,242,128,176,152,126
LA14RP,119,113,119,200,245,37,81,265,53,269,284,270,247,186,203,186,67,209,209,223,208,75,70,240,261,273,290,131,134,142,75,234,114,97,121,107,264,117,225,248,269,38,158,224,208,194,167,128,71,232,261,216,229,56,61,53,52,0,145,85,99,132,144,81,182,50,252,182,172,118,127,121,134,162,200,269,240,217,180,201,186,289,271,337,256,23,55,214,237,259,228,99,114,93,244,220,253,237,228,203,63,207,186,244,232,236,114,244,232,81,235,224,173,224,120,269,265,338,103,106,200,86,134,110,109
LE15WW,50,47,40,129,173,130,102,160,120,151,166,152,125,115,132,114,201,81,138,152,136,117,122,118,132,151,169,23,24,34,86,112,38,156,90,71,187,56,103,176,198,143,86,106,87,89,96,108,104,105,133,97,111,111,118,117,187,145,0,110,142,174,61,93,60,111,131,61,50,169,178,45,33,40,128,161,135,96,75,84,48,218,159,231,151,128,128,109,119,141,106,68,53,74,173,188,218,165,106,81,101,91,103,138,127,148,165,122,111,69,114,102,161,152,69,147,193,267,149,145,79,85,63,53,109
LL137TD,80,73,80,161,205,69,86,226,59,230,245,231,208,147,164,147,141,169,149,163,127,19,32,200,222,234,251,92,94,102,36,194,81,162,126,112,225,77,186,208,230,82,119,185,169,155,89,133,77,193,221,176,190,40,41,45,126,84,110,0,41,73,137,87,143,51,213,143,133,175,184,103,101,123,130,249,224,178,141,187,150,250,232,297,216,67,63,175,198,220,188,93,102,87,147,138,171,153,189,164,53,168,147,204,193,196,171,205,193,48,196,184,96,184,49,229,226,299,155,151,161,92,95,68,115
LL185UJ,115,109,115,196,241,83,100,261,73,265,280,266,243,182,199,182,155,204,205,219,164,36,41,236,257,269,286,127,130,138,62,229,110,176,140,126,260,113,221,244,265,96,154,220,204,190,127,147,90,228,257,212,225,54,50,57,140,98,141,41,0,36,151,101,178,64,248,178,168,189,198,133,130,158,168,285,259,213,176,208,186,285,267,333,252,81,77,210,233,255,224,107,115,101,185,175,183,190,224,199,67,203,182,239,228,232,185,240,228,77,231,220,100,220,86,265,261,334,169,165,196,106,130,106,129
LL572PW,148,142,148,230,274,116,134,295,106,298,313,300,276,215,232,215,188,238,196,201,173,69,74,269,290,302,320,161,163,171,96,263,143,209,173,160,294,146,254,277,299,129,187,253,238,223,160,181,124,262,290,245,258,87,83,91,173,131,175,74,37,0,184,134,211,98,281,212,201,222,231,166,163,191,184,318,292,247,209,241,219,318,300,366,285,114,110,243,267,288,257,140,149,134,178,155,177,180,257,232,100,237,215,273,262,265,218,273,262,110,264,253,95,253,120,298,294,368,202,198,230,139,164,139,162
LN25QY,99,96,89,182,226,123,84,215,103,206,221,207,165,168,185,167,177,106,190,204,189,127,132,144,156,191,208,78,79,89,117,151,66,132,35,47,242,105,151,229,251,142,139,161,141,144,149,50,86,129,158,152,166,123,131,129,186,144,60,137,152,184,0,75,116,107,170,101,105,145,154,45,48,95,181,135,107,147,130,68,58,270,214,286,206,127,141,164,174,196,145,57,51,59,226,241,271,218,157,110,95,146,158,193,182,203,140,162,150,100,166,154,208,205,115,186,246,320,125,121,134,69,116,102,85
LS13EX,117,113,107,199,243,60,18,241,40,231,247,233,206,185,202,185,126,153,208,222,207,76,81,191,203,232,249,103,104,115,76,192,72,81,50,37,267,118,184,247,268,78,157,186,167,170,166,57,22,176,205,178,191,60,67,66,122,80,93,86,101,133,74,0,141,44,211,141,131,94,103,57,69,121,199,198,170,176,156,131,115,288,240,312,231,63,77,189,200,221,187,39,51,23,243,221,254,235,187,157,49,172,185,219,208,228,90,203,191,82,194,182,174,222,122,228,264,337,74,70,159,16,133,111,34
LU40DZ,82,79,72,118,139,166,151,108,156,92,107,94,67,119,140,117,238,52,147,161,168,153,158,60,81,93,110,60,56,62,123,53,86,205,138,119,134,88,45,184,206,179,101,47,28,38,128,157,152,81,100,39,52,147,155,154,223,181,61,142,178,210,116,142,0,148,72,22,17,217,226,94,83,30,137,137,111,37,60,95,60,226,100,173,92,164,165,51,61,82,48,117,102,122,190,205,235,182,48,23,147,33,82,86,77,105,213,64,52,108,55,43,193,160,101,89,201,275,197,193,20,133,95,85,157
M68HD,84,78,84,165,210,33,44,230,16,234,249,235,212,151,168,151,106,173,174,188,173,40,45,205,226,238,255,96,99,107,40,198,79,120,84,70,229,82,190,213,234,47,123,189,173,159,132,91,34,197,226,181,194,24,31,30,91,49,110,50,64,97,108,45,147,0,217,147,137,133,142,80,99,127,165,232,203,182,145,164,149,254,236,302,221,32,41,179,202,224,193,58,71,57,209,184,218,202,193,168,20,172,151,208,197,201,128,209,197,46,200,189,138,189,85,234,230,303,113,108,165,49,99,75,72
ME169QQ,149,149,142,138,151,237,221,119,226,70,63,66,29,139,160,137,308,75,166,180,190,223,228,53,74,35,53,130,126,125,193,22,156,275,198,189,146,156,42,204,226,250,137,59,69,70,178,213,222,99,94,47,41,217,225,224,293,251,131,213,248,281,171,212,72,218,0,92,87,288,297,164,154,101,157,155,130,51,92,123,112,245,84,173,92,234,235,71,37,54,40,187,172,193,210,225,255,202,42,70,217,61,102,97,89,116,283,51,38,178,52,53,263,180,171,24,221,295,268,263,67,204,154,155,227
MK429DJ,83,80,73,126,159,167,152,128,157,112,127,114,87,127,147,125,239,39,154,168,169,154,159,77,90,113,130,60,57,63,123,73,87,206,128,120,154,89,65,192,214,180,101,67,48,58,129,143,153,63,91,59,72,148,156,154,224,182,61,143,179,211,101,143,22,148,92,0,18,218,227,95,84,31,145,119,94,57,60,77,42,233,120,193,112,165,166,71,81,102,68,117,103,123,197,213,243,190,68,27,148,53,88,106,97,125,214,84,72,109,75,63,194,168,101,109,209,283,198,194,40,134,96,86,158
MK65LD,72,69,62,109,154,156,141,123,146,108,123,109,82,110,131,108,228,52,138,152,158,143,148,75,96,109,126,50,46,52,113,69,76,195,128,109,150,78,61,175,197,169,84,63,44,53,118,146,142,76,105,54,68,137,145,143,213,171,50,132,168,200,106,132,18,138,88,17,0,207,216,84,73,20,128,133,107,53,43,90,55,217,116,188,108,154,155,66,76,98,63,106,92,112,181,196,226,173,63,38,137,48,71,101,93,120,203,79,68,98,71,59,183,151,90,104,192,266,187,183,36,123,85,75,147
NE14LP,193,190,183,276,320,127,102,317,128,308,323,309,282,262,279,261,65,223,284,298,283,164,169,261,274,308,326,180,181,192,165,269,149,21,121,107,344,199,261,323,345,145,233,263,244,246,243,128,111,247,275,255,268,148,156,155,135,118,169,175,189,222,145,95,218,132,287,218,208,0,15,134,146,197,275,269,241,253,232,201,186,364,316,388,308,130,166,266,276,298,263,120,127,105,320,335,365,312,264,227,137,248,261,296,284,305,18,279,268,171,271,259,263,299,202,304,340,414,38,49,236,97,210,191,85
NE236NZ,200,197,190,282,327,134,109,324,135,315,330,316,289,268,285,268,70,230,291,305,290,171,176,268,281,315,333,187,188,198,172,276,156,27,128,114,351,206,267,330,352,152,240,270,251,253,250,135,118,254,282,261,275,155,163,161,142,125,176,181,196,228,152,101,225,139,294,225,214,14,0,141,153,204,282,276,247,260,239,208,193,371,323,395,315,137,173,273,283,305,270,127,134,111,327,342,372,319,270,234,144,255,268,302,291,312,21,286,274,178,278,266,270,306,209,311,347,420,45,51,243,104,217,198,92
NG174JL,69,66,59,152,196,100,67,194,80,184,199,185,158,138,155,137,166,112,160,174,159,108,113,151,163,185,202,56,57,68,78,145,25,121,55,36,220,75,137,199,221,118,109,139,120,122,119,73,69,136,165,131,144,102,110,109,162,120,45,103,133,165,45,58,94,80,164,94,84,134,143,0,22,73,151,158,130,129,108,91,75,240,192,264,184,103,120,142,152,174,139,33,18,39,196,211,241,188,140,114,66,124,137,172,160,181,129,156,144,60,147,135,171,175,78,180,216,290,114,110,112,50,86,67,74
NG72UH,58,55,48,141,185,111,79,182,91,173,188,174,147,126,143,126,177,101,149,163,148,105,110,140,151,174,191,45,46,56,75,134,20,132,66,47,209,64,126,188,210,132,98,128,109,111,108,84,80,124,153,119,133,100,107,106,175,133,34,100,130,163,48,69,83,92,153,83,72,145,154,22,0,62,140,156,127,118,97,88,63,229,181,253,173,117,117,131,141,163,128,44,30,50,185,200,230,177,128,103,77,113,126,160,149,170,141,145,133,58,136,124,167,164,74,169,205,279,125,121,101,61,75,61,85
NN15BD,61,58,51,114,159,145,130,134,135,121,136,122,95,115,136,114,217,62,143,157,147,132,137,88,110,122,139,39,35,41,102,82,65,184,117,98,161,67,74,181,202,158,90,76,57,63,107,136,131,85,114,67,81,126,134,133,202,160,40,121,157,189,95,121,31,127,101,31,20,197,205,73,62,0,134,142,116,66,49,80,45,222,129,201,121,143,144,79,89,111,76,96,81,101,184,200,229,176,77,51,126,61,77,112,101,121,192,93,81,87,84,72,172,157,80,117,198,271,177,172,49,112,74,64,136
NP448YN,94,93,101,47,86,184,201,140,174,167,183,169,153,33,45,33,256,173,19,33,35,146,176,172,193,185,203,110,113,96,140,153,133,262,196,177,106,94,143,89,111,197,51,110,124,111,43,214,191,200,212,114,127,165,173,171,241,199,128,130,167,184,183,199,137,165,157,145,129,275,284,151,141,134,0,257,231,135,96,205,169,130,145,211,130,182,183,94,136,157,158,174,159,180,62,78,107,54,138,144,165,110,59,118,107,94,270,176,164,126,139,126,109,65,118,174,106,180,255,251,129,191,70,103,215
NR316LA,189,186,179,237,259,248,209,227,228,198,207,194,150,238,259,237,301,93,266,280,275,260,265,110,83,176,193,167,163,175,230,136,193,257,165,171,254,195,136,304,325,266,225,167,146,157,235,180,210,75,65,158,169,254,262,261,310,268,160,250,285,318,136,200,137,232,155,119,133,269,278,158,156,142,257,0,33,146,175,73,106,345,212,292,212,251,272,170,164,182,130,182,175,184,309,325,354,301,148,114,220,152,201,205,197,224,265,123,121,215,157,159,300,280,208,171,321,394,249,245,140,194,202,192,209
NR47UY,164,160,154,212,233,220,181,202,200,172,182,168,124,213,234,211,273,68,241,255,250,235,240,104,69,150,168,141,138,149,204,111,168,229,137,143,228,169,110,278,300,238,200,141,121,132,210,152,182,49,59,133,143,229,236,235,282,240,135,224,260,292,107,171,111,204,130,94,107,241,250,130,128,117,231,33,0,121,149,45,78,320,186,267,186,223,246,145,139,157,105,154,147,156,284,299,329,276,123,89,192,127,176,180,171,199,237,110,110,190,131,133,275,254,182,146,295,369,221,217,114,166,177,167,181
NW12BU,116,115,108,115,137,202,187,105,192,83,93,79,38,116,137,115,274,64,144,158,167,189,194,55,76,73,90,95,92,92,158,35,122,241,174,155,132,124,9,182,203,215,107,45,18,37,145,192,188,89,95,36,36,183,191,189,259,217,96,178,214,246,148,177,38,183,51,58,53,253,262,130,119,66,135,145,119,0,59,113,88,223,98,170,90,200,201,49,50,68,31,152,138,158,187,203,233,180,15,39,183,30,79,83,75,102,249,56,43,144,23,14,229,158,136,68,199,272,233,229,27,169,121,121,193
OX39DU,70,77,69,79,122,164,165,97,154,102,118,104,88,80,101,79,236,95,108,122,125,151,156,94,115,120,138,67,61,47,120,88,97,219,153,134,124,77,68,145,167,177,53,57,49,28,91,171,167,119,134,49,62,145,153,151,221,179,75,140,176,208,130,156,59,145,92,60,43,232,241,108,98,49,99,175,149,59,0,126,91,187,102,168,87,162,163,47,71,93,82,131,116,137,151,167,196,143,69,66,145,41,41,75,64,85,227,98,86,106,70,57,191,121,98,109,163,236,212,208,51,148,75,83,172
PE304ET,127,124,117,192,222,181,142,191,161,166,176,162,118,192,209,191,235,55,214,228,213,189,194,97,91,144,162,104,101,112,158,105,107,190,99,105,217,133,104,253,275,200,163,130,109,121,173,114,143,54,82,122,137,181,188,187,243,202,83,187,213,246,69,133,95,165,123,78,91,203,212,92,89,81,205,73,45,114,126,0,39,294,180,256,175,185,198,134,133,151,99,115,109,117,250,265,295,242,117,78,153,116,154,169,160,188,198,115,104,141,125,122,238,229,145,140,270,344,183,179,103,127,140,130,142
PE39GZ,91,87,81,157,196,165,126,164,145,149,164,151,106,155,172,155,219,47,178,192,177,162,167,86,98,133,150,68,64,76,131,93,82,174,97,89,191,96,93,217,238,184,127,104,83,94,137,112,128,71,99,96,109,156,163,162,228,186,47,151,187,219,59,117,60,149,112,43,56,187,196,76,65,46,169,107,79,88,91,40,0,258,157,230,149,169,173,108,118,139,87,99,92,101,214,229,259,206,99,52,138,89,119,142,134,162,183,104,92,117,108,96,202,193,109,128,234,307,167,163,77,111,103,93,127
PL68DH,183,182,190,136,97,274,291,141,263,211,244,228,241,121,96,120,345,261,140,154,163,261,266,260,282,274,291,200,202,185,230,242,222,352,285,266,104,183,232,50,79,287,140,184,213,200,166,304,281,289,301,203,216,255,262,261,330,289,218,250,285,318,273,289,225,255,246,234,217,364,373,241,230,223,131,346,320,224,185,294,258,0,189,255,174,272,272,183,225,246,247,263,249,269,183,199,228,175,227,233,254,199,148,160,169,145,360,265,253,216,228,215,238,75,208,263,44,65,344,340,218,280,160,192,304
PO196SE,161,167,160,109,110,255,250,61,245,25,57,42,79,126,147,125,327,131,154,168,177,242,247,110,131,112,129,158,152,137,211,79,185,304,237,218,87,168,98,148,182,268,125,62,88,89,165,256,251,156,150,66,62,236,243,242,312,270,160,231,267,299,215,241,101,236,84,121,116,316,325,193,182,129,145,212,186,99,102,180,157,189,0,101,20,253,253,78,59,46,96,215,201,221,197,213,242,190,86,108,235,80,89,39,43,58,312,107,95,197,82,83,253,136,189,101,165,238,296,292,93,232,145,173,256
PO305TG,226,232,224,174,175,320,321,125,309,122,155,139,168,191,212,190,391,378,219,233,242,307,312,198,219,200,218,223,217,202,276,168,253,375,308,289,152,233,170,213,247,333,190,133,159,160,230,326,322,235,239,137,196,301,308,307,376,335,230,296,331,364,286,312,172,301,172,192,187,387,396,264,253,200,210,292,266,170,167,255,228,254,100,0,86,318,318,143,151,143,185,286,272,292,262,278,307,254,164,179,300,151,154,104,108,123,383,196,183,262,154,154,317,201,254,322,230,303,852,363,164,303,209,238,327
PO63LY,146,153,145,95,96,240,240,46,230,42,74,59,87,112,133,110,312,127,139,153,163,227,232,118,139,120,137,144,137,123,197,88,173,294,228,209,72,154,90,133,167,253,110,52,79,79,151,246,242,155,158,57,62,221,229,228,297,255,150,216,252,284,205,231,91,222,92,112,107,307,316,183,173,120,130,211,186,90,88,174,148,174,20,87,0,238,239,64,71,63,104,206,191,212,183,198,228,175,83,98,221,71,75,24,28,43,303,115,103,182,74,74,238,122,175,109,150,224,287,283,84,223,130,159,247
PR29HT,103,96,103,184,228,20,65,249,37,253,268,254,231,170,187,170,80,192,193,207,192,58,54,223,245,257,274,115,117,125,59,217,98,110,104,90,248,101,209,232,253,20,142,208,192,178,151,111,55,216,244,199,213,39,45,37,65,23,129,69,83,116,128,65,166,33,236,166,156,131,140,104,118,146,184,252,224,201,164,185,169,273,255,321,240,2,33,198,221,243,211,83,98,77,228,203,237,221,212,187,46,191,170,227,216,219,127,228,216,65,219,207,157,207,104,252,249,322,116,119,184,70,118,94,93
PR86PN,102,96,102,184,228,39,77,249,49,252,267,254,230,170,187,169,109,192,192,206,191,52,41,223,244,256,274,115,117,125,58,217,97,153,117,103,248,100,208,231,253,49,141,207,192,178,151,124,67,216,244,199,212,29,32,24,94,53,129,63,77,110,140,77,165,41,235,166,155,165,174,120,117,145,183,272,246,201,163,197,173,272,254,320,239,32,0,197,221,242,211,94,103,89,228,197,231,220,211,186,54,191,169,227,216,219,161,227,216,64,219,207,151,207,104,252,248,322,145,141,184,82,118,93,105
RG15AN,105,111,104,74,103,199,200,72,189,82,98,84,68,75,96,74,270,88,103,117,126,186,191,87,108,100,118,102,96,81,155,68,132,254,188,168,99,112,58,141,162,212,74,25,39,26,114,206,201,115,127,29,42,180,187,186,256,214,110,175,211,243,165,191,52,180,72,72,67,267,276,143,133,80,94,172,146,50,48,135,108,182,77,143,62,197,197,0,51,73,73,166,151,172,146,162,191,138,54,59,179,25,38,50,41,69,262,91,80,141,54,41,201,117,133,89,158,231,247,242,44,182,93,117,206
RH15RH,126,133,125,115,128,220,208,97,210,46,56,42,33,116,137,115,292,85,144,158,167,207,212,63,85,66,83,117,113,103,176,33,144,262,196,177,123,133,46,181,203,233,114,36,47,47,155,214,210,109,104,24,18,201,209,207,277,235,118,196,232,264,173,199,59,201,38,79,75,275,284,151,141,88,135,166,140,49,69,134,116,223,60,150,69,218,219,48,0,31,50,174,159,180,187,203,232,179,37,66,201,39,79,75,66,94,270,61,49,162,30,37,242,157,154,55,199,272,255,251,51,191,131,139,215
RH164EX,149,156,148,138,151,243,231,104,233,33,36,29,51,139,160,138,315,103,167,181,190,230,235,81,102,83,101,140,137,126,200,51,167,285,219,200,130,157,69,205,226,256,138,60,70,70,178,237,233,127,122,48,42,224,232,231,300,258,141,220,255,288,196,222,82,225,55,103,98,298,307,174,164,111,158,183,158,69,93,151,139,246,46,144,64,241,242,72,32,0,68,197,182,203,210,226,256,203,57,90,224,62,102,82,86,101,294,79,66,185,53,60,266,181,178,72,222,295,278,274,75,214,154,162,238
RM70AG,128,124,118,138,159,212,196,128,202,83,92,79,35,139,160,138,284,50,167,181,190,199,204,29,50,61,78,105,102,108,168,21,132,250,173,165,155,133,22,205,226,225,130,68,40,60,174,188,198,75,69,59,54,193,200,199,269,227,106,188,224,256,146,187,47,193,40,68,63,263,272,139,129,76,158,131,105,32,82,99,87,246,97,186,105,210,210,71,50,67,0,162,147,168,210,226,255,203,32,45,193,53,102,106,97,125,259,32,20,154,40,42,239,181,146,57,222,295,243,239,40,179,141,130,203
S102JF,93,89,83,175,219,78,49,217,58,207,223,209,182,161,178,161,153,135,184,198,183,83,88,174,186,208,225,79,80,91,80,169,48,108,45,26,243,98,160,223,244,96,133,162,143,146,142,64,51,159,187,154,167,76,84,83,140,98,69,93,108,140,57,40,117,58,187,117,107,121,130,33,45,97,175,181,153,152,132,114,98,264,216,288,207,81,94,165,176,197,163,1,20,21,219,235,264,212,163,139,51,148,161,195,184,204,117,179,167,84,170,158,182,198,102,204,240,313,101,97,135,32,109,91,61
S445BL,78,74,68,160,204,94,61,202,73,192,207,194,167,146,163,146,159,128,169,183,168,91,96,160,181,193,210,64,65,76,86,153,33,115,48,29,228,83,145,207,229,112,118,147,128,131,127,67,62,152,181,139,152,85,92,91,156,114,54,101,116,148,51,52,102,71,172,102,92,128,136,18,30,82,160,175,147,137,116,108,92,249,200,273,192,97,102,150,161,182,148,20,0,33,204,220,249,196,148,123,53,133,146,180,169,189,123,164,152,69,155,143,179,183,87,189,225,298,108,103,120,43,94,75,67
S752EP,98,95,89,181,225,72,33,223,52,213,228,215,188,167,184,167,136,138,190,204,188,77,82,176,188,214,231,85,86,97,74,174,54,92,44,22,249,104,166,228,250,90,138,168,149,152,148,63,34,161,190,160,173,72,79,78,134,92,74,87,102,134,59,24,123,56,193,123,113,104,113,39,51,103,180,183,155,158,137,116,100,270,221,294,213,75,89,171,182,203,168,21,33,0,225,241,270,217,169,142,46,154,166,201,190,210,100,185,173,80,176,164,176,204,107,209,246,319,84,80,141,15,115,96,44
SA148QF,138,137,145,100,139,229,246,192,218,219,235,221,205,86,97,85,300,225,50,33,41,163,176,224,246,238,255,155,157,147,185,205,178,307,240,221,158,138,196,142,163,242,104,162,177,163,86,259,236,253,265,167,180,210,184,216,285,244,173,147,184,178,228,244,189,210,210,198,181,320,328,196,185,185,62,309,284,188,149,250,213,183,198,264,183,227,227,147,189,210,211,219,204,224,0,26,55,12,191,196,209,163,112,170,159,147,315,229,217,171,192,179,85,118,163,227,159,232,300,295,182,235,115,147,259
SA312AF,154,153,161,115,154,204,221,208,194,235,251,237,221,101,113,101,276,241,66,49,56,153,167,240,261,253,271,171,173,162,167,221,193,322,256,237,174,154,211,157,179,217,119,178,193,179,101,274,211,269,281,182,196,175,175,180,261,219,188,138,175,155,243,222,205,185,226,213,197,335,344,211,201,201,78,325,299,203,164,265,229,199,213,279,198,202,198,162,204,226,226,234,219,240,26,0,37,28,207,212,188,178,127,186,175,162,331,244,233,186,208,194,62,133,141,242,175,248,315,311,197,251,131,163,275
SA612PZ,184,183,191,145,184,238,255,238,227,265,281,267,251,131,143,131,309,271,95,79,86,187,200,270,291,283,301,200,202,192,230,251,223,352,286,267,204,184,241,187,209,251,149,208,222,209,131,304,245,298,310,212,225,209,209,213,294,253,218,171,183,178,273,255,235,219,255,243,227,365,374,241,231,230,108,355,329,233,194,295,259,228,243,309,228,236,232,192,234,255,256,264,249,270,56,37,0,58,236,242,222,208,157,216,205,192,360,274,262,216,237,224,84,163,175,272,204,278,345,341,227,281,160,193,305
SA66NL,131,130,138,92,131,221,238,185,211,212,228,214,198,78,90,78,293,218,43,26,33,164,178,217,238,230,248,148,150,139,178,198,170,299,233,214,151,131,188,134,156,234,96,155,169,156,78,251,229,246,258,159,172,202,210,208,278,236,165,149,186,180,220,236,182,203,202,190,174,312,321,188,178,178,55,302,276,180,141,242,206,176,190,256,175,219,220,139,181,203,203,211,196,217,12,28,57,0,184,189,202,155,104,163,152,139,308,221,210,163,184,171,87,110,156,219,151,225,292,288,174,228,107,140,252
SE59RW,126,127,120,119,140,214,199,109,204,72,82,68,28,120,141,119,286,68,148,162,171,201,206,58,80,66,84,108,104,103,171,28,134,253,186,167,136,134,13,186,207,227,119,49,30,47,159,204,200,92,99,40,28,195,203,201,271,229,108,190,226,258,160,190,50,196,43,70,65,265,274,142,131,78,139,148,123,17,70,116,100,227,86,165,85,212,213,52,37,57,32,164,150,170,191,207,236,183,0,51,195,39,83,87,78,106,261,56,44,156,15,20,241,162,148,60,203,276,245,241,39,181,131,133,205
SG14AB,103,100,93,125,146,187,167,114,177,99,114,101,64,126,146,124,259,31,153,167,177,174,179,57,78,90,107,81,77,83,144,50,107,215,138,130,141,109,46,191,213,200,114,54,33,44,149,152,168,59,87,46,59,168,176,175,244,202,82,163,199,231,111,158,23,169,69,27,38,228,237,115,104,51,144,115,89,38,67,78,51,232,107,180,99,185,186,58,68,89,45,138,123,142,196,212,242,189,49,0,168,40,89,92,84,112,223,61,49,129,58,46,214,167,122,86,208,281,208,204,27,152,116,106,167
SK27JE,84,77,84,165,209,45,49,230,24,233,249,235,211,151,168,151,118,173,174,188,172,42,47,204,226,238,255,96,98,106,40,198,79,125,89,65,229,82,190,212,234,60,122,188,173,159,132,96,39,197,225,180,193,36,43,42,103,62,101,53,67,100,96,50,147,20,217,147,137,138,147,66,78,126,164,220,192,182,145,153,137,254,235,301,220,45,53,178,202,224,192,52,53,45,209,187,221,201,193,167,0,172,150,208,197,200,133,209,197,46,200,188,141,188,85,233,230,303,118,114,165,55,99,75,77
SL24HL,97,104,96,91,119,191,182,87,181,72,87,73,57,92,113,90,263,69,120,134,143,178,183,68,89,90,107,91,87,74,148,57,117,236,169,150,114,105,39,157,179,204,90,27,20,18,131,188,183,96,108,19,32,172,180,179,248,206,92,167,203,235,147,173,33,173,62,53,48,248,257,125,114,61,110,153,127,30,41,116,89,199,80,152,72,189,190,24,40,62,54,147,133,153,163,178,208,155,39,40,172,0,55,65,57,84,244,72,61,133,39,26,218,133,126,79,174,248,228,224,25,164,102,110,188
SN36BB,81,80,88,40,85,171,188,84,161,111,127,114,98,41,62,40,243,117,69,83,92,158,163,116,138,130,147,97,83,75,127,98,120,249,183,164,95,81,88,107,128,184,37,54,69,56,78,201,178,145,157,59,72,152,159,158,228,186,103,147,183,215,158,186,81,152,102,88,71,262,271,138,128,77,60,202,176,80,42,154,119,148,90,156,75,169,169,39,81,102,103,161,146,167,112,128,157,104,83,89,152,55,0,63,51,52,257,121,109,113,84,71,167,83,105,119,124,197,242,238,74,178,57,90,201
SO166YD,133,140,132,79,80,227,228,30,217,61,93,78,93,99,120,97,299,121,127,141,150,214,219,120,141,125,143,131,125,110,184,93,160,282,216,197,57,141,91,118,152,240,97,42,72,68,138,234,230,148,160,54,67,208,216,215,284,242,138,203,239,271,193,219,85,209,97,105,100,295,304,171,161,112,117,205,179,83,75,168,141,159,39,105,24,225,226,51,76,82,106,194,179,200,170,185,215,162,86,92,208,64,62,0,16,27,291,121,108,169,80,74,225,106,162,114,135,208,275,271,77,211,117,146,235
SO225DG,123,129,122,80,81,217,218,38,207,65,97,82,84,88,109,87,288,112,116,130,139,204,209,111,132,117,134,120,114,99,173,84,150,272,205,186,64,130,82,127,152,230,87,34,64,59,127,224,219,140,152,46,59,198,205,204,273,232,128,193,228,261,183,209,76,198,89,96,92,285,293,161,151,101,107,196,170,74,64,159,133,169,43,109,28,215,215,42,67,86,98,184,169,190,159,175,204,151,78,83,197,56,51,16,0,35,280,112,100,159,71,65,214,107,151,106,144,218,265,260,68,200,106,135,224
SP28BJ,131,130,145,56,57,221,241,30,211,79,112,97,112,76,88,73,293,140,104,118,127,208,213,139,160,144,162,144,137,123,177,112,173,295,229,210,46,131,110,104,129,234,88,61,91,87,128,247,229,167,179,73,87,202,210,208,278,236,151,197,233,265,206,232,104,202,117,124,119,308,317,184,174,125,95,224,198,102,88,187,160,145,58,124,43,219,220,70,95,101,125,207,192,213,147,163,192,139,105,111,202,83,52,28,35,0,304,140,127,163,99,93,202,83,155,133,121,194,288,284,96,224,107,140,248
SR47TP,189,185,179,271,315,123,98,313,124,303,319,305,278,257,274,257,79,219,280,294,279,160,165,257,269,304,321,176,177,187,160,264,144,18,117,103,340,194,256,319,340,140,229,258,239,242,238,124,106,242,271,250,263,144,151,150,131,113,165,170,185,217,140,90,213,128,283,214,203,18,24,129,141,193,271,264,236,248,228,197,181,360,312,384,303,125,161,261,272,294,258,116,123,100,315,331,361,308,259,223,133,244,257,291,280,300,0,275,263,166,266,254,259,295,198,299,336,409,33,38,231,93,205,187,81
SS00RY,145,141,135,157,174,229,213,143,219,93,103,89,45,158,179,157,301,67,186,200,209,216,221,29,46,71,89,122,118,124,185,32,149,267,190,182,169,150,47,224,245,242,147,82,62,77,190,205,215,84,65,70,64,210,217,216,286,244,123,205,241,273,163,204,64,210,50,84,80,280,289,156,146,93,177,123,110,57,99,116,104,265,107,196,115,227,227,90,60,78,32,179,164,185,229,245,274,221,56,62,209,72,121,121,112,140,276,0,16,171,65,67,256,200,163,67,241,314,260,256,60,196,157,147,220
SS165NL,132,129,123,145,162,217,201,131,206,81,91,77,33,146,167,145,288,55,174,188,197,204,209,26,43,59,77,110,106,112,173,20,137,255,178,170,157,138,35,212,233,230,135,70,50,65,178,193,203,79,63,58,52,198,205,204,273,232,111,193,228,261,151,192,52,198,38,72,68,268,277,144,134,81,165,121,110,45,87,104,92,253,95,184,103,215,215,78,48,66,20,167,152,173,217,233,262,209,45,50,197,60,109,109,100,128,263,16,0,159,53,55,244,187,151,55,229,302,248,244,47,184,145,135,208
ST46QG,46,39,46,127,171,66,83,192,55,195,211,197,173,113,130,113,137,135,136,150,134,53,58,166,188,200,217,58,60,68,22,160,38,159,105,86,191,44,152,174,196,79,84,150,135,121,94,123,73,159,187,142,155,47,54,53,122,81,69,48,77,110,101,84,109,47,179,109,99,172,180,60,57,88,126,215,189,144,107,141,116,216,197,263,182,64,64,140,164,186,154,83,68,80,171,187,216,163,155,129,46,134,112,170,159,162,167,171,159,1,162,150,127,150,47,195,192,265,152,147,127,88,61,37,111
SW170QT,125,130,124,118,133,218,202,102,207,68,78,64,28,119,140,118,289,75,147,161,171,205,210,66,87,75,92,111,107,102,174,37,138,256,190,171,128,133,20,185,206,231,118,42,29,46,158,208,204,99,106,30,19,199,206,205,274,233,112,194,229,262,165,193,53,199,53,73,69,269,278,145,135,82,138,156,130,23,69,124,106,226,82,155,75,216,216,52,31,53,39,168,153,174,190,206,236,183,14,56,198,38,82,80,71,99,265,65,52,160,0,13,245,161,152,69,202,275,249,245,43,185,130,136,209
SW66SX,112,119,111,105,127,206,191,95,196,69,85,71,34,106,127,105,278,74,134,148,157,193,198,69,91,78,96,100,96,89,163,40,127,245,179,160,122,120,21,172,193,219,105,35,18,33,145,197,193,102,110,26,22,187,195,194,263,221,101,183,218,251,154,182,42,188,54,63,58,258,267,134,124,71,125,158,132,15,56,121,95,213,83,155,74,204,205,39,38,59,40,157,142,163,177,193,223,170,17,45,187,25,69,73,65,92,254,66,53,148,14,0,233,148,141,71,189,262,238,234,32,174,117,125,198
SY231ER,131,124,131,155,194,157,175,247,147,274,290,276,259,140,152,140,229,220,121,108,98,112,116,251,273,285,302,143,145,153,126,245,147,251,214,195,213,128,237,197,218,170,133,217,220,206,93,222,165,244,272,222,235,128,124,132,214,172,161,96,101,95,209,175,194,139,264,194,184,263,272,170,166,174,109,300,275,229,192,238,201,238,253,319,238,155,152,202,243,265,239,181,178,175,85,62,84,87,240,215,141,219,167,225,214,202,259,256,244,127,247,235,0,173,100,280,214,287,243,239,212,180,120,119,203
TA15DA,118,117,125,71,35,209,226,93,198,158,191,175,177,56,31,55,280,196,75,89,98,196,201,195,217,209,226,135,137,120,165,177,157,287,220,201,55,118,167,34,56,222,75,122,148,135,101,239,216,224,236,138,151,190,197,196,265,224,153,185,220,253,208,224,160,190,181,169,152,299,308,176,165,158,66,281,255,159,120,229,193,76,136,202,121,207,207,118,160,181,182,199,184,204,118,134,163,110,162,168,189,134,83,106,107,83,295,200,188,151,163,150,173,0,143,198,52,125,279,275,153,215,95,127,239
TF16TF,38,31,38,119,163,104,122,184,94,188,203,189,166,105,122,105,176,127,128,142,127,54,65,158,180,192,209,50,52,60,46,152,54,188,122,102,183,35,144,167,188,117,77,143,127,113,71,140,112,151,179,134,148,73,74,78,161,119,68,49,87,119,116,122,101,86,171,101,91,201,210,77,73,81,119,207,182,136,99,145,108,208,190,256,175,102,103,133,156,178,146,100,85,106,163,142,175,156,147,122,85,126,105,162,151,154,196,163,151,46,154,142,100,142,0,187,184,257,181,177,119,117,53,26,140
TN240LZ,166,167,160,155,168,254,239,137,244,87,66,83,47,156,177,155,326,92,184,198,207,241,246,71,92,23,46,148,144,143,211,38,174,293,216,207,163,174,59,222,243,267,155,77,87,87,195,230,240,117,112,65,59,235,243,242,311,269,149,230,266,298,189,230,90,236,25,110,105,305,314,182,171,118,175,173,148,69,110,141,129,263,102,190,110,252,253,89,54,72,57,204,190,210,227,243,272,220,60,87,235,79,119,115,106,134,301,68,56,196,70,71,281,198,189,0,239,312,285,281,85,221,171,173,245
TQ27AA,159,158,166,112,72,249,267,117,239,187,219,204,217,96,72,95,321,237,116,130,139,236,241,236,257,250,267,176,178,161,206,217,198,327,261,242,80,159,207,25,74,262,116,159,189,175,142,279,257,265,277,178,192,230,238,237,306,264,193,225,261,293,248,264,201,231,222,209,193,340,349,216,206,198,106,321,295,199,161,270,234,43,165,231,150,247,248,158,200,222,223,239,224,245,159,174,204,151,203,208,230,174,124,135,144,121,336,240,229,191,204,191,214,51,184,239,0,101,320,316,193,256,135,168,280
TR13LQ,233,232,240,185,146,323,340,191,313,260,293,278,291,170,145,169,395,311,189,203,213,310,315,310,331,323,341,249,251,234,279,291,272,401,335,315,154,232,281,96,99,336,189,233,262,249,215,353,330,338,350,252,265,304,311,310,380,338,267,299,335,367,322,338,275,304,295,283,267,414,423,290,280,272,180,395,369,273,234,344,307,65,239,304,223,321,321,232,274,295,296,313,298,319,232,248,278,225,276,282,303,248,197,209,218,194,409,314,302,265,277,264,288,124,257,312,103,0,394,390,267,330,209,241,353
TS198PE,178,174,168,260,304,112,87,302,113,292,308,294,267,246,263,246,97,208,269,283,268,149,154,246,258,293,310,165,165,176,149,253,133,25,106,91,329,183,245,308,329,129,218,247,228,231,227,113,95,231,260,239,252,133,140,139,120,102,154,159,174,206,129,79,202,117,272,202,192,38,47,118,130,182,260,253,225,237,217,186,170,349,301,373,292,114,150,250,261,282,247,105,112,89,304,320,349,297,248,212,122,233,246,280,269,289,33,264,252,155,255,243,248,284,187,288,325,398,0,15,220,82,194,176,59
TS43BW,170,167,160,253,297,108,79,294,105,285,300,286,259,238,255,238,101,200,261,275,260,141,146,238,251,285,303,157,158,168,142,246,126,36,98,84,321,176,238,300,322,133,210,240,221,223,220,105,88,224,252,231,245,125,133,132,123,106,146,152,166,198,122,71,195,109,264,195,184,49,54,111,123,174,252,246,217,230,209,178,163,341,293,365,285,117,143,243,253,275,240,97,104,81,297,312,342,289,240,204,114,225,238,272,261,282,38,256,245,148,248,236,240,276,179,281,317,390,15,0,213,74,187,168,55
WD180HB,100,97,91,110,131,185,169,99,174,84,99,85,62,111,131,109,256,56,138,152,162,172,177,55,76,89,106,78,74,80,141,49,105,223,157,138,126,106,35,176,198,198,99,39,13,29,137,175,171,84,96,31,44,166,173,172,241,200,79,161,196,229,134,160,20,166,68,40,36,236,245,112,102,49,129,140,114,27,52,103,77,217,92,165,84,183,183,43,53,74,41,135,120,141,181,197,227,174,38,27,165,24,74,77,69,96,231,59,48,127,45,33,212,152,119,84,193,266,216,212,2,152,113,103,176
WF14DG,109,105,99,191,235,65,26,233,45,223,239,225,198,177,194,177,130,148,200,214,199,81,86,186,199,224,242,96,97,107,81,185,64,85,46,32,260,114,176,239,260,84,149,178,159,162,158,53,27,172,200,170,183,65,72,71,127,86,85,91,106,138,70,17,133,49,203,134,123,98,107,49,61,113,191,194,166,168,148,126,111,280,232,304,223,69,82,181,192,214,179,31,43,15,235,251,281,228,179,152,54,164,177,211,200,220,93,195,184,87,186,174,180,215,118,220,256,329,78,73,151,0,125,107,37
WR51DD,28,27,35,71,115,119,136,139,108,163,178,165,149,57,74,57,190,122,80,94,78,106,111,153,174,181,198,45,47,36,75,147,67,197,130,111,135,28,129,118,140,132,28,108,110,89,37,149,126,146,174,110,123,100,107,106,175,134,63,95,130,163,118,134,95,100,153,96,81,209,218,86,75,75,70,202,176,120,74,139,103,160,144,210,129,117,117,93,132,153,141,108,94,114,115,131,160,107,130,116,99,102,57,117,105,106,205,157,146,61,130,118,120,94,53,170,136,209,189,185,112,125,0,37,149
WV100QP,22,14,22,104,148,96,114,169,86,172,187,174,150,90,107,89,168,112,112,126,111,73,88,143,164,176,194,35,37,45,53,137,44,177,111,92,168,15,128,151,173,109,61,127,112,98,71,129,104,136,164,119,132,77,85,84,153,111,52,68,108,140,104,114,85,78,155,86,75,190,199,66,62,65,103,192,166,121,83,129,93,192,174,240,159,94,95,117,141,162,131,89,74,95,148,163,193,140,131,106,77,111,89,147,136,139,186,147,136,38,139,127,119,127,26,172,168,242,170,166,104,106,38,0,130
YO318HE,135,131,125,217,261,90,51,259,70,249,264,251,223,203,220,203,119,164,226,240,225,106,111,203,215,250,267,121,122,133,106,210,90,74,57,48,285,140,202,264,286,108,175,204,185,188,184,54,52,188,216,196,209,90,97,96,127,110,111,116,131,163,86,36,159,74,229,159,149,87,96,75,87,139,217,210,182,194,173,143,127,306,257,330,249,93,107,207,218,239,204,62,69,46,261,277,306,253,205,169,79,190,203,237,226,246,82,221,209,112,212,200,204,240,144,245,282,355,60,56,177,39,151,132,0
