England and Wales code,England and Wales label,Migration National (inflow) (4 categories) code,Migration National (inflow) (4 categories) label,Family status (10 categories) code,Family status (10 categories) label,Count
K04000001,England and Wales,-8,Does not apply,-8,Does not apply,0
K04000001,England and Wales,-8,Does not apply,1,Not in a family: Aged 66 years and over,0
K04000001,England and Wales,-8,Does not apply,2,Not in a family: Other,0
K04000001,England and Wales,-8,Does not apply,3,In a couple family: Member of couple,0
K04000001,England and Wales,-8,Does not apply,4,In a couple family: Dependent child of one or both members of the couple,0
K04000001,England and Wales,-8,Does not apply,5,In a couple family: Non-dependent child of one or both members of the couple,0
K04000001,England and Wales,-8,Does not apply,6,In a lone parent family: Parent,0
K04000001,England and Wales,-8,Does not apply,7,In a lone parent family: Dependent child of parent,0
K04000001,England and Wales,-8,Does not apply,8,In a lone parent family: Non-dependent child of parent,0
K04000001,England and Wales,-8,Does not apply,9,Living in a communal establishment,0
K04000001,England and Wales,1,Lived at the same address one year ago,-8,Does not apply,0
K04000001,England and Wales,1,Lived at the same address one year ago,1,Not in a family: Aged 66 years and over,3476285
K04000001,England and Wales,1,Lived at the same address one year ago,2,Not in a family: Other,5403433
K04000001,England and Wales,1,Lived at the same address one year ago,3,In a couple family: Member of couple,24991242
K04000001,England and Wales,1,Lived at the same address one year ago,4,In a couple family: Dependent child of one or both members of the couple,7937490
K04000001,England and Wales,1,Lived at the same address one year ago,5,In a couple family: Non-dependent child of one or both members of the couple,2814337
K04000001,England and Wales,1,Lived at the same address one year ago,6,In a lone parent family: Parent,2892379
K04000001,England and Wales,1,Lived at the same address one year ago,7,In a lone parent family: Dependent child of parent,2836350
K04000001,England and Wales,1,Lived at the same address one year ago,8,In a lone parent family: Non-dependent child of parent,1619926
K04000001,England and Wales,1,Lived at the same address one year ago,9,Living in a communal establishment,525087
K04000001,England and Wales,2,"Inflow: lived elsewhere one year ago, but within the same area",-8,Does not apply,0
K04000001,England and Wales,2,"Inflow: lived elsewhere one year ago, but within the same area",1,Not in a family: Aged 66 years and over,100716
K04000001,England and Wales,2,"Inflow: lived elsewhere one year ago, but within the same area",2,Not in a family: Other,1481879
K04000001,England and Wales,2,"Inflow: lived elsewhere one year ago, but within the same area",3,In a couple family: Member of couple,2330413
K04000001,England and Wales,2,"Inflow: lived elsewhere one year ago, but within the same area",4,In a couple family: Dependent child of one or both members of the couple,626279
K04000001,England and Wales,2,"Inflow: lived elsewhere one year ago, but within the same area",5,In a couple family: Non-dependent child of one or both members of the couple,234356
K04000001,England and Wales,2,"Inflow: lived elsewhere one year ago, but within the same area",6,In a lone parent family: Parent,263278
K04000001,England and Wales,2,"Inflow: lived elsewhere one year ago, but within the same area",7,In a lone parent family: Dependent child of parent,323842
K04000001,England and Wales,2,"Inflow: lived elsewhere one year ago, but within the same area",8,In a lone parent family: Non-dependent child of parent,144079
K04000001,England and Wales,2,"Inflow: lived elsewhere one year ago, but within the same area",9,Living in a communal establishment,443750
K04000001,England and Wales,3,Inflow: lived elsewhere one year ago outside the UK,-8,Does not apply,0
K04000001,England and Wales,3,Inflow: lived elsewhere one year ago outside the UK,1,Not in a family: Aged 66 years and over,9771
K04000001,England and Wales,3,Inflow: lived elsewhere one year ago outside the UK,2,Not in a family: Other,144650
K04000001,England and Wales,3,Inflow: lived elsewhere one year ago outside the UK,3,In a couple family: Member of couple,182467
K04000001,England and Wales,3,Inflow: lived elsewhere one year ago outside the UK,4,In a couple family: Dependent child of one or both members of the couple,62506
K04000001,England and Wales,3,Inflow: lived elsewhere one year ago outside the UK,5,In a couple family: Non-dependent child of one or both members of the couple,30064
K04000001,England and Wales,3,Inflow: lived elsewhere one year ago outside the UK,6,In a lone parent family: Parent,12420
K04000001,England and Wales,3,Inflow: lived elsewhere one year ago outside the UK,7,In a lone parent family: Dependent child of parent,15003
K04000001,England and Wales,3,Inflow: lived elsewhere one year ago outside the UK,8,In a lone parent family: Non-dependent child of parent,15802
K04000001,England and Wales,3,Inflow: lived elsewhere one year ago outside the UK,9,Living in a communal establishment,72413
