Regions code,Regions label,Migration Region (inflow) (6 categories) code,Migration Region (inflow) (6 categories) label,Family status (10 categories) code,Family status (10 categories) label,Count
E12000001,North East,-8,Does not apply,-8,Does not apply,0
E12000001,North East,-8,Does not apply,1,Not in a family: Aged 66 years and over,0
E12000001,North East,-8,Does not apply,2,Not in a family: Other,0
E12000001,North East,-8,Does not apply,3,In a couple family: Member of couple,0
E12000001,North East,-8,Does not apply,4,In a couple family: Dependent child of one or both members of the couple,0
E12000001,North East,-8,Does not apply,5,In a couple family: Non-dependent child of one or both members of the couple,0
E12000001,North East,-8,Does not apply,6,In a lone parent family: Parent,0
E12000001,North East,-8,Does not apply,7,In a lone parent family: Dependent child of parent,0
E12000001,North East,-8,Does not apply,8,In a lone parent family: Non-dependent child of parent,0
E12000001,North East,-8,Does not apply,9,Living in a communal establishment,0
E12000001,North East,1,Lived at the same address one year ago,-8,Does not apply,0
E12000001,North East,1,Lived at the same address one year ago,1,Not in a family: Aged 66 years and over,174721
E12000001,North East,1,Lived at the same address one year ago,2,Not in a family: Other,244024
E12000001,North East,1,Lived at the same address one year ago,3,In a couple family: Member of couple,1121426
E12000001,North East,1,Lived at the same address one year ago,4,In a couple family: Dependent child of one or both members of the couple,312673
E12000001,North East,1,Lived at the same address one year ago,5,In a couple family: Non-dependent child of one or both members of the couple,120378
E12000001,North East,1,Lived at the same address one year ago,6,In a lone parent family: Parent,142630
E12000001,North East,1,Lived at the same address one year ago,7,In a lone parent family: Dependent child of parent,145168
E12000001,North East,1,Lived at the same address one year ago,8,In a lone parent family: Non-dependent child of parent,69160
E12000001,North East,1,Lived at the same address one year ago,9,Living in a communal establishment,24793
E12000001,North East,2,"Inflow: lived elsewhere one year ago, but within the same area",-8,Does not apply,0
E12000001,North East,2,"Inflow: lived elsewhere one year ago, but within the same area",1,Not in a family: Aged 66 years and over,3904
E12000001,North East,2,"Inflow: lived elsewhere one year ago, but within the same area",2,Not in a family: Other,54455
E12000001,North East,2,"Inflow: lived elsewhere one year ago, but within the same area",3,In a couple family: Member of couple,75208
E12000001,North East,2,"Inflow: lived elsewhere one year ago, but within the same area",4,In a couple family: Dependent child of one or both members of the couple,20870
E12000001,North East,2,"Inflow: lived elsewhere one year ago, but within the same area",5,In a couple family: Non-dependent child of one or both members of the couple,5474
E12000001,North East,2,"Inflow: lived elsewhere one year ago, but within the same area",6,In a lone parent family: Parent,12905
E12000001,North East,2,"Inflow: lived elsewhere one year ago, but within the same area",7,In a lone parent family: Dependent child of parent,16572
E12000001,North East,2,"Inflow: lived elsewhere one year ago, but within the same area",8,In a lone parent family: Non-dependent child of parent,4415
E12000001,North East,2,"Inflow: lived elsewhere one year ago, but within the same area",9,Living in a communal establishment,11702
E12000001,North East,3,"Inflow: lived elsewhere one year ago outside the area, but within the associated area",-8,Does not apply,0
E12000001,North East,3,"Inflow: lived elsewhere one year ago outside the area, but within the associated area",1,Not in a family: Aged 66 years and over,628
E12000001,North East,3,"Inflow: lived elsewhere one year ago outside the area, but within the associated area",2,Not in a family: Other,9358
E12000001,North East,3,"Inflow: lived elsewhere one year ago outside the area, but within the associated area",3,In a couple family: Member of couple,11111
E12000001,North East,3,"Inflow: lived elsewhere one year ago outside the area, but within the associated area",4,In a couple family: Dependent child of one or both members of the couple,2174
E12000001,North East,3,"Inflow: lived elsewhere one year ago outside the area, but within the associated area",5,In a couple family: Non-dependent child of one or both members of the couple,2917
E12000001,North East,3,"Inflow: lived elsewhere one year ago outside the area, but within the associated area",6,In a lone parent family: Parent,890
E12000001,North East,3,"Inflow: lived elsewhere one year ago outside the area, but within the associated area",7,In a lone parent family: Dependent child of parent,1005
E12000001,North East,3,"Inflow: lived elsewhere one year ago outside the area, but within the associated area",8,In a lone parent family: Non-dependent child of parent,1248
E12000001,North East,3,"Inflow: lived elsewhere one year ago outside the area, but within the associated area",9,Living in a communal establishment,11537
E12000001,North East,4,"Inflow: lived elsewhere one year ago outside the associated area, but within the UK",-8,Does not apply,0
E12000001,North East,4,"Inflow: lived elsewhere one year ago outside the associated area, but within the UK",1,Not in a family: Aged 66 years and over,82
E12000001,North East,4,"Inflow: lived elsewhere one year ago outside the associated area, but within the UK",2,Not in a family: Other,995
E12000001,North East,4,"Inflow: lived elsewhere one year ago outside the associated area, but within the UK",3,In a couple family: Member of couple,1430
E12000001,North East,4,"Inflow: lived elsewhere one year ago outside the associated area, but within the UK",4,In a couple family: Dependent child of one or both members of the couple,229
E12000001,North East,4,"Inflow: lived elsewhere one year ago outside the associated area, but within the UK",5,In a couple family: Non-dependent child of one or both members of the couple,326
E12000001,North East,4,"Inflow: lived elsewhere one year ago outside the associated area, but within the UK",6,In a lone parent family: Parent,75
E12000001,North East,4,"Inflow: lived elsewhere one year ago outside the associated area, but within the UK",7,In a lone parent family: Dependent child of parent,93
E12000001,North East,4,"Inflow: lived elsewhere one year ago outside the associated area, but within the UK",8,In a lone parent family: Non-dependent child of parent,153
E12000001,North East,4,"Inflow: lived elsewhere one year ago outside the associated area, but within the UK",9,Living in a communal establishment,866
E12000001,North East,5,Inflow: lived elsewhere one year ago outside the UK,-8,Does not apply,0
E12000001,North East,5,Inflow: lived elsewhere one year ago outside the UK,1,Not in a family: Aged 66 years and over,206
E12000001,North East,5,Inflow: lived elsewhere one year ago outside the UK,2,Not in a family: Other,4351
E12000001,North East,5,Inflow: lived elsewhere one year ago outside the UK,3,In a couple family: Member of couple,4901
E12000001,North East,5,Inflow: lived elsewhere one year ago outside the UK,4,In a couple family: Dependent child of one or both members of the couple,1603
E12000001,North East,5,Inflow: lived elsewhere one year ago outside the UK,5,In a couple family: Non-dependent child of one or both members of the couple,1027
E12000001,North East,5,Inflow: lived elsewhere one year ago outside the UK,6,In a lone parent family: Parent,309
E12000001,North East,5,Inflow: lived elsewhere one year ago outside the UK,7,In a lone parent family: Dependent child of parent,515
E12000001,North East,5,Inflow: lived elsewhere one year ago outside the UK,8,In a lone parent family: Non-dependent child of parent,467
E12000001,North East,5,Inflow: lived elsewhere one year ago outside the UK,9,Living in a communal establishment,3270
E12000002,North West,-8,Does not apply,-8,Does not apply,0
E12000002,North West,-8,Does not apply,1,Not in a family: Aged 66 years and over,0
E12000002,North West,-8,Does not apply,2,Not in a family: Other,0
E12000002,North West,-8,Does not apply,3,In a couple family: Member of couple,0
E12000002,North West,-8,Does not apply,4,In a couple family: Dependent child of one or both members of the couple,0
E12000002,North West,-8,Does not apply,5,In a couple family: Non-dependent child of one or both members of the couple,0
E12000002,North West,-8,Does not apply,6,In a lone parent family: Parent,0
E12000002,North West,-8,Does not apply,7,In a lone parent family: Dependent child of parent,0
E12000002,North West,-8,Does not apply,8,In a lone parent family: Non-dependent child of parent,0
E12000002,North West,-8,Does not apply,9,Living in a communal establishment,0
E12000002,North West,1,Lived at the same address one year ago,-8,Does not apply,0
E12000002,North West,1,Lived at the same address one year ago,1,Not in a family: Aged 66 years and over,450690
E12000002,North West,1,Lived at the same address one year ago,2,Not in a family: Other,690433
E12000002,North West,1,Lived at the same address one year ago,3,In a couple family: Member of couple,3055395
E12000002,North West,1,Lived at the same address one year ago,4,In a couple family: Dependent child of one or both members of the couple,972555
E12000002,North West,1,Lived at the same address one year ago,5,In a couple family: Non-dependent child of one or both members of the couple,364405
E12000002,North West,1,Lived at the same address one year ago,6,In a lone parent family: Parent,397449
E12000002,North West,1,Lived at the same address one year ago,7,In a lone parent family: Dependent child of parent,396806
E12000002,North West,1,Lived at the same address one year ago,8,In a lone parent family: Non-dependent child of parent,214091
E12000002,North West,1,Lived at the same address one year ago,9,Living in a communal establishment,62827
E12000002,North West,2,"Inflow: lived elsewhere one year ago, but within the same area",-8,Does not apply,0
E12000002,North West,2,"Inflow: lived elsewhere one year ago, but within the same area",1,Not in a family: Aged 66 years and over,9753
E12000002,North West,2,"Inflow: lived elsewhere one year ago, but within the same area",2,Not in a family: Other,142036
E12000002,North West,2,"Inflow: lived elsewhere one year ago, but within the same area",3,In a couple family: Member of couple,219507
E12000002,North West,2,"Inflow: lived elsewhere one year ago, but within the same area",4,In a couple family: Dependent child of one or both members of the couple,62628
E12000002,North West,2,"Inflow: lived elsewhere one year ago, but within the same area",5,In a couple family: Non-dependent child of one or both members of the couple,16849
E12000002,North West,2,"Inflow: lived elsewhere one year ago, but within the same area",6,In a lone parent family: Parent,31400
E12000002,North West,2,"Inflow: lived elsewhere one year ago, but within the same area",7,In a lone parent family: Dependent child of parent,39059
E12000002,North West,2,"Inflow: lived elsewhere one year ago, but within the same area",8,In a lone parent family: Non-dependent child of parent,13527
E12000002,North West,2,"Inflow: lived elsewhere one year ago, but within the same area",9,Living in a communal establishment,32843
E12000002,North West,3,"Inflow: lived elsewhere one year ago outside the area, but within the associated area",-8,Does not apply,0
E12000002,North West,3,"Inflow: lived elsewhere one year ago outside the area, but within the associated area",1,Not in a family: Aged 66 years and over,1517
E12000002,North West,3,"Inflow: lived elsewhere one year ago outside the area, but within the associated area",2,Not in a family: Other,22531
E12000002,North West,3,"Inflow: lived elsewhere one year ago outside the area, but within the associated area",3,In a couple family: Member of couple,27812
E12000002,North West,3,"Inflow: lived elsewhere one year ago outside the area, but within the associated area",4,In a couple family: Dependent child of one or both members of the couple,5392
E12000002,North West,3,"Inflow: lived elsewhere one year ago outside the area, but within the associated area",5,In a couple family: Non-dependent child of one or both members of the couple,8127
E12000002,North West,3,"Inflow: lived elsewhere one year ago outside the area, but within the associated area",6,In a lone parent family: Parent,1927
E12000002,North West,3,"Inflow: lived elsewhere one year ago outside the area, but within the associated area",7,In a lone parent family: Dependent child of parent,2221
E12000002,North West,3,"Inflow: lived elsewhere one year ago outside the area, but within the associated area",8,In a lone parent family: Non-dependent child of parent,3626
E12000002,North West,3,"Inflow: lived elsewhere one year ago outside the area, but within the associated area",9,Living in a communal establishment,20378
E12000002,North West,4,"Inflow: lived elsewhere one year ago outside the associated area, but within the UK",-8,Does not apply,0
E12000002,North West,4,"Inflow: lived elsewhere one year ago outside the associated area, but within the UK",1,Not in a family: Aged 66 years and over,324
E12000002,North West,4,"Inflow: lived elsewhere one year ago outside the associated area, but within the UK",2,Not in a family: Other,3957
E12000002,North West,4,"Inflow: lived elsewhere one year ago outside the associated area, but within the UK",3,In a couple family: Member of couple,4519
E12000002,North West,4,"Inflow: lived elsewhere one year ago outside the associated area, but within the UK",4,In a couple family: Dependent child of one or both members of the couple,747
E12000002,North West,4,"Inflow: lived elsewhere one year ago outside the associated area, but within the UK",5,In a couple family: Non-dependent child of one or both members of the couple,887
E12000002,North West,4,"Inflow: lived elsewhere one year ago outside the associated area, but within the UK",6,In a lone parent family: Parent,297
E12000002,North West,4,"Inflow: lived elsewhere one year ago outside the associated area, but within the UK",7,In a lone parent family: Dependent child of parent,342
E12000002,North West,4,"Inflow: lived elsewhere one year ago outside the associated area, but within the UK",8,In a lone parent family: Non-dependent child of parent,364
E12000002,North West,4,"Inflow: lived elsewhere one year ago outside the associated area, but within the UK",9,Living in a communal establishment,3501
E12000002,North West,5,Inflow: lived elsewhere one year ago outside the UK,-8,Does not apply,0
E12000002,North West,5,Inflow: lived elsewhere one year ago outside the UK,1,Not in a family: Aged 66 years and over,930
E12000002,North West,5,Inflow: lived elsewhere one year ago outside the UK,2,Not in a family: Other,14101
E12000002,North West,5,Inflow: lived elsewhere one year ago outside the UK,3,In a couple family: Member of couple,20526
E12000002,North West,5,Inflow: lived elsewhere one year ago outside the UK,4,In a couple family: Dependent child of one or both members of the couple,7962
E12000002,North West,5,Inflow: lived elsewhere one year ago outside the UK,5,In a couple family: Non-dependent child of one or both members of the couple,3915
E12000002,North West,5,Inflow: lived elsewhere one year ago outside the UK,6,In a lone parent family: Parent,1587
E12000002,North West,5,Inflow: lived elsewhere one year ago outside the UK,7,In a lone parent family: Dependent child of parent,1933
E12000002,North West,5,Inflow: lived elsewhere one year ago outside the UK,8,In a lone parent family: Non-dependent child of parent,1983
E12000002,North West,5,Inflow: lived elsewhere one year ago outside the UK,9,Living in a communal establishment,7263
E12000003,Yorkshire and The Humber,-8,Does not apply,-8,Does not apply,0
E12000003,Yorkshire and The Humber,-8,Does not apply,1,Not in a family: Aged 66 years and over,0
E12000003,Yorkshire and The Humber,-8,Does not apply,2,Not in a family: Other,0
E12000003,Yorkshire and The Humber,-8,Does not apply,3,In a couple family: Member of couple,0
E12000003,Yorkshire and The Humber,-8,Does not apply,4,In a couple family: Dependent child of one or both members of the couple,0
E12000003,Yorkshire and The Humber,-8,Does not apply,5,In a couple family: Non-dependent child of one or both members of the couple,0
E12000003,Yorkshire and The Humber,-8,Does not apply,6,In a lone parent family: Parent,0
E12000003,Yorkshire and The Humber,-8,Does not apply,7,In a lone parent family: Dependent child of parent,0
E12000003,Yorkshire and The Humber,-8,Does not apply,8,In a lone parent family: Non-dependent child of parent,0
E12000003,Yorkshire and The Humber,-8,Does not apply,9,Living in a communal establishment,0
E12000003,Yorkshire and The Humber,1,Lived at the same address one year ago,-8,Does not apply,0
E12000003,Yorkshire and The Humber,1,Lived at the same address one year ago,1,Not in a family: Aged 66 years and over,328434
E12000003,Yorkshire and The Humber,1,Lived at the same address one year ago,2,Not in a family: Other,482083
E12000003,Yorkshire and The Humber,1,Lived at the same address one year ago,3,In a couple family: Member of couple,2353007
E12000003,Yorkshire and The Humber,1,Lived at the same address one year ago,4,In a couple family: Dependent child of one or both members of the couple,727218
E12000003,Yorkshire and The Humber,1,Lived at the same address one year ago,5,In a couple family: Non-dependent child of one or both members of the couple,249784
E12000003,Yorkshire and The Humber,1,Lived at the same address one year ago,6,In a lone parent family: Parent,263091
E12000003,Yorkshire and The Humber,1,Lived at the same address one year ago,7,In a lone parent family: Dependent child of parent,275542
E12000003,Yorkshire and The Humber,1,Lived at the same address one year ago,8,In a lone parent family: Non-dependent child of parent,132632
E12000003,Yorkshire and The Humber,1,Lived at the same address one year ago,9,Living in a communal establishment,48990
E12000003,Yorkshire and The Humber,2,"Inflow: lived elsewhere one year ago, but within the same area",-8,Does not apply,0
E12000003,Yorkshire and The Humber,2,"Inflow: lived elsewhere one year ago, but within the same area",1,Not in a family: Aged 66 years and over,7205
E12000003,Yorkshire and The Humber,2,"Inflow: lived elsewhere one year ago, but within the same area",2,Not in a family: Other,111092
E12000003,Yorkshire and The Humber,2,"Inflow: lived elsewhere one year ago, but within the same area",3,In a couple family: Member of couple,168408
E12000003,Yorkshire and The Humber,2,"Inflow: lived elsewhere one year ago, but within the same area",4,In a couple family: Dependent child of one or both members of the couple,46520
E12000003,Yorkshire and The Humber,2,"Inflow: lived elsewhere one year ago, but within the same area",5,In a couple family: Non-dependent child of one or both members of the couple,12060
E12000003,Yorkshire and The Humber,2,"Inflow: lived elsewhere one year ago, but within the same area",6,In a lone parent family: Parent,22493
E12000003,Yorkshire and The Humber,2,"Inflow: lived elsewhere one year ago, but within the same area",7,In a lone parent family: Dependent child of parent,28646
E12000003,Yorkshire and The Humber,2,"Inflow: lived elsewhere one year ago, but within the same area",8,In a lone parent family: Non-dependent child of parent,8713
E12000003,Yorkshire and The Humber,2,"Inflow: lived elsewhere one year ago, but within the same area",9,Living in a communal establishment,21941
E12000003,Yorkshire and The Humber,3,"Inflow: lived elsewhere one year ago outside the area, but within the associated area",-8,Does not apply,0
E12000003,Yorkshire and The Humber,3,"Inflow: lived elsewhere one year ago outside the area, but within the associated area",1,Not in a family: Aged 66 years and over,1420
E12000003,Yorkshire and The Humber,3,"Inflow: lived elsewhere one year ago outside the area, but within the associated area",2,Not in a family: Other,21653
E12000003,Yorkshire and The Humber,3,"Inflow: lived elsewhere one year ago outside the area, but within the associated area",3,In a couple family: Member of couple,26556
E12000003,Yorkshire and The Humber,3,"Inflow: lived elsewhere one year ago outside the area, but within the associated area",4,In a couple family: Dependent child of one or both members of the couple,5155
E12000003,Yorkshire and The Humber,3,"Inflow: lived elsewhere one year ago outside the area, but within the associated area",5,In a couple family: Non-dependent child of one or both members of the couple,6785
E12000003,Yorkshire and The Humber,3,"Inflow: lived elsewhere one year ago outside the area, but within the associated area",6,In a lone parent family: Parent,1747
E12000003,Yorkshire and The Humber,3,"Inflow: lived elsewhere one year ago outside the area, but within the associated area",7,In a lone parent family: Dependent child of parent,2043
E12000003,Yorkshire and The Humber,3,"Inflow: lived elsewhere one year ago outside the area, but within the associated area",8,In a lone parent family: Non-dependent child of parent,2836
E12000003,Yorkshire and The Humber,3,"Inflow: lived elsewhere one year ago outside the area, but within the associated area",9,Living in a communal establishment,24299
E12000003,Yorkshire and The Humber,4,"Inflow: lived elsewhere one year ago outside the associated area, but within the UK",-8,Does not apply,0
E12000003,Yorkshire and The Humber,4,"Inflow: lived elsewhere one year ago outside the associated area, but within the UK",1,Not in a family: Aged 66 years and over,144
E12000003,Yorkshire and The Humber,4,"Inflow: lived elsewhere one year ago outside the associated area, but within the UK",2,Not in a family: Other,1301
E12000003,Yorkshire and The Humber,4,"Inflow: lived elsewhere one year ago outside the associated area, but within the UK",3,In a couple family: Member of couple,1659
E12000003,Yorkshire and The Humber,4,"Inflow: lived elsewhere one year ago outside the associated area, but within the UK",4,In a couple family: Dependent child of one or both members of the couple,290
E12000003,Yorkshire and The Humber,4,"Inflow: lived elsewhere one year ago outside the associated area, but within the UK",5,In a couple family: Non-dependent child of one or both members of the couple,432
E12000003,Yorkshire and The Humber,4,"Inflow: lived elsewhere one year ago outside the associated area, but within the UK",6,In a lone parent family: Parent,99
E12000003,Yorkshire and The Humber,4,"Inflow: lived elsewhere one year ago outside the associated area, but within the UK",7,In a lone parent family: Dependent child of parent,135
E12000003,Yorkshire and The Humber,4,"Inflow: lived elsewhere one year ago outside the associated area, but within the UK",8,In a lone parent family: Non-dependent child of parent,180
E12000003,Yorkshire and The Humber,4,"Inflow: lived elsewhere one year ago outside the associated area, but within the UK",9,Living in a communal establishment,1126
E12000003,Yorkshire and The Humber,5,Inflow: lived elsewhere one year ago outside the UK,-8,Does not apply,0
E12000003,Yorkshire and The Humber,5,Inflow: lived elsewhere one year ago outside the UK,1,Not in a family: Aged 66 years and over,520
E12000003,Yorkshire and The Humber,5,Inflow: lived elsewhere one year ago outside the UK,2,Not in a family: Other,9294
E12000003,Yorkshire and The Humber,5,Inflow: lived elsewhere one year ago outside the UK,3,In a couple family: Member of couple,12188
E12000003,Yorkshire and The Humber,5,Inflow: lived elsewhere one year ago outside the UK,4,In a couple family: Dependent child of one or both members of the couple,4131
E12000003,Yorkshire and The Humber,5,Inflow: lived elsewhere one year ago outside the UK,5,In a couple family: Non-dependent child of one or both members of the couple,2244
E12000003,Yorkshire and The Humber,5,Inflow: lived elsewhere one year ago outside the UK,6,In a lone parent family: Parent,854
E12000003,Yorkshire and The Humber,5,Inflow: lived elsewhere one year ago outside the UK,7,In a lone parent family: Dependent child of parent,1138
E12000003,Yorkshire and The Humber,5,Inflow: lived elsewhere one year ago outside the UK,8,In a lone parent family: Non-dependent child of parent,1081
E12000003,Yorkshire and The Humber,5,Inflow: lived elsewhere one year ago outside the UK,9,Living in a communal establishment,7661
E12000004,East Midlands,-8,Does not apply,-8,Does not apply,0
E12000004,East Midlands,-8,Does not apply,1,Not in a family: Aged 66 years and over,0
E12000004,East Midlands,-8,Does not apply,2,Not in a family: Other,0
E12000004,East Midlands,-8,Does not apply,3,In a couple family: Member of couple,0
E12000004,East Midlands,-8,Does not apply,4,In a couple family: Dependent child of one or both members of the couple,0
E12000004,East Midlands,-8,Does not apply,5,In a couple family: Non-dependent child of one or both members of the couple,0
E12000004,East Midlands,-8,Does not apply,6,In a lone parent family: Parent,0
E12000004,East Midlands,-8,Does not apply,7,In a lone parent family: Dependent child of parent,0
E12000004,East Midlands,-8,Does not apply,8,In a lone parent family: Non-dependent child of parent,0
E12000004,East Midlands,-8,Does not apply,9,Living in a communal establishment,0
E12000004,East Midlands,1,Lived at the same address one year ago,-8,Does not apply,0
E12000004,East Midlands,1,Lived at the same address one year ago,1,Not in a family: Aged 66 years and over,284220
E12000004,East Midlands,1,Lived at the same address one year ago,2,Not in a family: Other,400620
E12000004,East Midlands,1,Lived at the same address one year ago,3,In a couple family: Member of couple,2158612
E12000004,East Midlands,1,Lived at the same address one year ago,4,In a couple family: Dependent child of one or both members of the couple,644362
E12000004,East Midlands,1,Lived at the same address one year ago,5,In a couple family: Non-dependent child of one or both members of the couple,222614
E12000004,East Midlands,1,Lived at the same address one year ago,6,In a lone parent family: Parent,217280
E12000004,East Midlands,1,Lived at the same address one year ago,7,In a lone parent family: Dependent child of parent,216629
E12000004,East Midlands,1,Lived at the same address one year ago,8,In a lone parent family: Non-dependent child of parent,114515
E12000004,East Midlands,1,Lived at the same address one year ago,9,Living in a communal establishment,45772
E12000004,East Midlands,2,"Inflow: lived elsewhere one year ago, but within the same area",-8,Does not apply,0
E12000004,East Midlands,2,"Inflow: lived elsewhere one year ago, but within the same area",1,Not in a family: Aged 66 years and over,5990
E12000004,East Midlands,2,"Inflow: lived elsewhere one year ago, but within the same area",2,Not in a family: Other,88509
E12000004,East Midlands,2,"Inflow: lived elsewhere one year ago, but within the same area",3,In a couple family: Member of couple,149418
E12000004,East Midlands,2,"Inflow: lived elsewhere one year ago, but within the same area",4,In a couple family: Dependent child of one or both members of the couple,43680
E12000004,East Midlands,2,"Inflow: lived elsewhere one year ago, but within the same area",5,In a couple family: Non-dependent child of one or both members of the couple,11113
E12000004,East Midlands,2,"Inflow: lived elsewhere one year ago, but within the same area",6,In a lone parent family: Parent,18139
E12000004,East Midlands,2,"Inflow: lived elsewhere one year ago, but within the same area",7,In a lone parent family: Dependent child of parent,23099
E12000004,East Midlands,2,"Inflow: lived elsewhere one year ago, but within the same area",8,In a lone parent family: Non-dependent child of parent,7763
E12000004,East Midlands,2,"Inflow: lived elsewhere one year ago, but within the same area",9,Living in a communal establishment,20613
E12000004,East Midlands,3,"Inflow: lived elsewhere one year ago outside the area, but within the associated area",-8,Does not apply,0
E12000004,East Midlands,3,"Inflow: lived elsewhere one year ago outside the area, but within the associated area",1,Not in a family: Aged 66 years and over,1907
E12000004,East Midlands,3,"Inflow: lived elsewhere one year ago outside the area, but within the associated area",2,Not in a family: Other,24664
E12000004,East Midlands,3,"Inflow: lived elsewhere one year ago outside the area, but within the associated area",3,In a couple family: Member of couple,37501
E12000004,East Midlands,3,"Inflow: lived elsewhere one year ago outside the area, but within the associated area",4,In a couple family: Dependent child of one or both members of the couple,7629
E12000004,East Midlands,3,"Inflow: lived elsewhere one year ago outside the area, but within the associated area",5,In a couple family: Non-dependent child of one or both members of the couple,8745
E12000004,East Midlands,3,"Inflow: lived elsewhere one year ago outside the area, but within the associated area",6,In a lone parent family: Parent,2277
E12000004,East Midlands,3,"Inflow: lived elsewhere one year ago outside the area, but within the associated area",7,In a lone parent family: Dependent child of parent,2632
E12000004,East Midlands,3,"Inflow: lived elsewhere one year ago outside the area, but within the associated area",8,In a lone parent family: Non-dependent child of parent,3429
E12000004,East Midlands,3,"Inflow: lived elsewhere one year ago outside the area, but within the associated area",9,Living in a communal establishment,29731
E12000004,East Midlands,4,"Inflow: lived elsewhere one year ago outside the associated area, but within the UK",-8,Does not apply,0
E12000004,East Midlands,4,"Inflow: lived elsewhere one year ago outside the associated area, but within the UK",1,Not in a family: Aged 66 years and over,125
E12000004,East Midlands,4,"Inflow: lived elsewhere one year ago outside the associated area, but within the UK",2,Not in a family: Other,1064
E12000004,East Midlands,4,"Inflow: lived elsewhere one year ago outside the associated area, but within the UK",3,In a couple family: Member of couple,1317
E12000004,East Midlands,4,"Inflow: lived elsewhere one year ago outside the associated area, but within the UK",4,In a couple family: Dependent child of one or both members of the couple,241
E12000004,East Midlands,4,"Inflow: lived elsewhere one year ago outside the associated area, but within the UK",5,In a couple family: Non-dependent child of one or both members of the couple,408
E12000004,East Midlands,4,"Inflow: lived elsewhere one year ago outside the associated area, but within the UK",6,In a lone parent family: Parent,89
E12000004,East Midlands,4,"Inflow: lived elsewhere one year ago outside the associated area, but within the UK",7,In a lone parent family: Dependent child of parent,89
E12000004,East Midlands,4,"Inflow: lived elsewhere one year ago outside the associated area, but within the UK",8,In a lone parent family: Non-dependent child of parent,165
E12000004,East Midlands,4,"Inflow: lived elsewhere one year ago outside the associated area, but within the UK",9,Living in a communal establishment,970
E12000004,East Midlands,5,Inflow: lived elsewhere one year ago outside the UK,-8,Does not apply,0
E12000004,East Midlands,5,Inflow: lived elsewhere one year ago outside the UK,1,Not in a family: Aged 66 years and over,697
E12000004,East Midlands,5,Inflow: lived elsewhere one year ago outside the UK,2,Not in a family: Other,9453
E12000004,East Midlands,5,Inflow: lived elsewhere one year ago outside the UK,3,In a couple family: Member of couple,12594
E12000004,East Midlands,5,Inflow: lived elsewhere one year ago outside the UK,4,In a couple family: Dependent child of one or both members of the couple,4427
E12000004,East Midlands,5,Inflow: lived elsewhere one year ago outside the UK,5,In a couple family: Non-dependent child of one or both members of the couple,2187
E12000004,East Midlands,5,Inflow: lived elsewhere one year ago outside the UK,6,In a lone parent family: Parent,904
E12000004,East Midlands,5,Inflow: lived elsewhere one year ago outside the UK,7,In a lone parent family: Dependent child of parent,1048
E12000004,East Midlands,5,Inflow: lived elsewhere one year ago outside the UK,8,In a lone parent family: Non-dependent child of parent,1008
E12000004,East Midlands,5,Inflow: lived elsewhere one year ago outside the UK,9,Living in a communal establishment,4925
E12000005,West Midlands,-8,Does not apply,-8,Does not apply,0
E12000005,West Midlands,-8,Does not apply,1,Not in a family: Aged 66 years and over,0
E12000005,West Midlands,-8,Does not apply,2,Not in a family: Other,0
E12000005,West Midlands,-8,Does not apply,3,In a couple family: Member of couple,0
E12000005,West Midlands,-8,Does not apply,4,In a couple family: Dependent child of one or both members of the couple,0
E12000005,West Midlands,-8,Does not apply,5,In a couple family: Non-dependent child of one or both members of the couple,0
E12000005,West Midlands,-8,Does not apply,6,In a lone parent family: Parent,0
E12000005,West Midlands,-8,Does not apply,7,In a lone parent family: Dependent child of parent,0
E12000005,West Midlands,-8,Does not apply,8,In a lone parent family: Non-dependent child of parent,0
E12000005,West Midlands,-8,Does not apply,9,Living in a communal establishment,0
E12000005,West Midlands,1,Lived at the same address one year ago,-8,Does not apply,0
E12000005,West Midlands,1,Lived at the same address one year ago,1,Not in a family: Aged 66 years and over,347727
E12000005,West Midlands,1,Lived at the same address one year ago,2,Not in a family: Other,499681
E12000005,West Midlands,1,Lived at the same address one year ago,3,In a couple family: Member of couple,2496723
E12000005,West Midlands,1,Lived at the same address one year ago,4,In a couple family: Dependent child of one or both members of the couple,822090
E12000005,West Midlands,1,Lived at the same address one year ago,5,In a couple family: Non-dependent child of one or both members of the couple,315368
E12000005,West Midlands,1,Lived at the same address one year ago,6,In a lone parent family: Parent,303158
E12000005,West Midlands,1,Lived at the same address one year ago,7,In a lone parent family: Dependent child of parent,307270
E12000005,West Midlands,1,Lived at the same address one year ago,8,In a lone parent family: Non-dependent child of parent,172002
E12000005,West Midlands,1,Lived at the same address one year ago,9,Living in a communal establishment,49760
E12000005,West Midlands,2,"Inflow: lived elsewhere one year ago, but within the same area",-8,Does not apply,0
E12000005,West Midlands,2,"Inflow: lived elsewhere one year ago, but within the same area",1,Not in a family: Aged 66 years and over,7598
E12000005,West Midlands,2,"Inflow: lived elsewhere one year ago, but within the same area",2,Not in a family: Other,94906
E12000005,West Midlands,2,"Inflow: lived elsewhere one year ago, but within the same area",3,In a couple family: Member of couple,169964
E12000005,West Midlands,2,"Inflow: lived elsewhere one year ago, but within the same area",4,In a couple family: Dependent child of one or both members of the couple,54274
E12000005,West Midlands,2,"Inflow: lived elsewhere one year ago, but within the same area",5,In a couple family: Non-dependent child of one or both members of the couple,12967
E12000005,West Midlands,2,"Inflow: lived elsewhere one year ago, but within the same area",6,In a lone parent family: Parent,24419
E12000005,West Midlands,2,"Inflow: lived elsewhere one year ago, but within the same area",7,In a lone parent family: Dependent child of parent,31489
E12000005,West Midlands,2,"Inflow: lived elsewhere one year ago, but within the same area",8,In a lone parent family: Non-dependent child of parent,9730
E12000005,West Midlands,2,"Inflow: lived elsewhere one year ago, but within the same area",9,Living in a communal establishment,19310
E12000005,West Midlands,3,"Inflow: lived elsewhere one year ago outside the area, but within the associated area",-8,Does not apply,0
E12000005,West Midlands,3,"Inflow: lived elsewhere one year ago outside the area, but within the associated area",1,Not in a family: Aged 66 years and over,1491
E12000005,West Midlands,3,"Inflow: lived elsewhere one year ago outside the area, but within the associated area",2,Not in a family: Other,19837
E12000005,West Midlands,3,"Inflow: lived elsewhere one year ago outside the area, but within the associated area",3,In a couple family: Member of couple,29341
E12000005,West Midlands,3,"Inflow: lived elsewhere one year ago outside the area, but within the associated area",4,In a couple family: Dependent child of one or both members of the couple,6413
E12000005,West Midlands,3,"Inflow: lived elsewhere one year ago outside the area, but within the associated area",5,In a couple family: Non-dependent child of one or both members of the couple,9009
E12000005,West Midlands,3,"Inflow: lived elsewhere one year ago outside the area, but within the associated area",6,In a lone parent family: Parent,2200
E12000005,West Midlands,3,"Inflow: lived elsewhere one year ago outside the area, but within the associated area",7,In a lone parent family: Dependent child of parent,2507
E12000005,West Midlands,3,"Inflow: lived elsewhere one year ago outside the area, but within the associated area",8,In a lone parent family: Non-dependent child of parent,3743
E12000005,West Midlands,3,"Inflow: lived elsewhere one year ago outside the area, but within the associated area",9,Living in a communal establishment,19828
E12000005,West Midlands,4,"Inflow: lived elsewhere one year ago outside the associated area, but within the UK",-8,Does not apply,0
E12000005,West Midlands,4,"Inflow: lived elsewhere one year ago outside the associated area, but within the UK",1,Not in a family: Aged 66 years and over,251
E12000005,West Midlands,4,"Inflow: lived elsewhere one year ago outside the associated area, but within the UK",2,Not in a family: Other,1897
E12000005,West Midlands,4,"Inflow: lived elsewhere one year ago outside the associated area, but within the UK",3,In a couple family: Member of couple,3045
E12000005,West Midlands,4,"Inflow: lived elsewhere one year ago outside the associated area, but within the UK",4,In a couple family: Dependent child of one or both members of the couple,545
E12000005,West Midlands,4,"Inflow: lived elsewhere one year ago outside the associated area, but within the UK",5,In a couple family: Non-dependent child of one or both members of the couple,892
E12000005,West Midlands,4,"Inflow: lived elsewhere one year ago outside the associated area, but within the UK",6,In a lone parent family: Parent,208
E12000005,West Midlands,4,"Inflow: lived elsewhere one year ago outside the associated area, but within the UK",7,In a lone parent family: Dependent child of parent,240
E12000005,West Midlands,4,"Inflow: lived elsewhere one year ago outside the associated area, but within the UK",8,In a lone parent family: Non-dependent child of parent,343
E12000005,West Midlands,4,"Inflow: lived elsewhere one year ago outside the associated area, but within the UK",9,Living in a communal establishment,1363
E12000005,West Midlands,5,Inflow: lived elsewhere one year ago outside the UK,-8,Does not apply,0
E12000005,West Midlands,5,Inflow: lived elsewhere one year ago outside the UK,1,Not in a family: Aged 66 years and over,861
E12000005,West Midlands,5,Inflow: lived elsewhere one year ago outside the UK,2,Not in a family: Other,11254
E12000005,West Midlands,5,Inflow: lived elsewhere one year ago outside the UK,3,In a couple family: Member of couple,15126
E12000005,West Midlands,5,Inflow: lived elsewhere one year ago outside the UK,4,In a couple family: Dependent child of one or both members of the couple,6035
E12000005,West Midlands,5,Inflow: lived elsewhere one year ago outside the UK,5,In a couple family: Non-dependent child of one or both members of the couple,2665
E12000005,West Midlands,5,Inflow: lived elsewhere one year ago outside the UK,6,In a lone parent family: Parent,1190
E12000005,West Midlands,5,Inflow: lived elsewhere one year ago outside the UK,7,In a lone parent family: Dependent child of parent,1679
E12000005,West Midlands,5,Inflow: lived elsewhere one year ago outside the UK,8,In a lone parent family: Non-dependent child of parent,1296
E12000005,West Midlands,5,Inflow: lived elsewhere one year ago outside the UK,9,Living in a communal establishment,5892
E12000006,East of England,-8,Does not apply,-8,Does not apply,0
E12000006,East of England,-8,Does not apply,1,Not in a family: Aged 66 years and over,0
E12000006,East of England,-8,Does not apply,2,Not in a family: Other,0
E12000006,East of England,-8,Does not apply,3,In a couple family: Member of couple,0
E12000006,East of England,-8,Does not apply,4,In a couple family: Dependent child of one or both members of the couple,0
E12000006,East of England,-8,Does not apply,5,In a couple family: Non-dependent child of one or both members of the couple,0
E12000006,East of England,-8,Does not apply,6,In a lone parent family: Parent,0
E12000006,East of England,-8,Does not apply,7,In a lone parent family: Dependent child of parent,0
E12000006,East of England,-8,Does not apply,8,In a lone parent family: Non-dependent child of parent,0
E12000006,East of England,-8,Does not apply,9,Living in a communal establishment,0
E12000006,East of England,1,Lived at the same address one year ago,-8,Does not apply,0
E12000006,East of England,1,Lived at the same address one year ago,1,Not in a family: Aged 66 years and over,374083
E12000006,East of England,1,Lived at the same address one year ago,2,Not in a family: Other,501112
E12000006,East of England,1,Lived at the same address one year ago,3,In a couple family: Member of couple,2801780
E12000006,East of England,1,Lived at the same address one year ago,4,In a couple family: Dependent child of one or both members of the couple,888069
E12000006,East of England,1,Lived at the same address one year ago,5,In a couple family: Non-dependent child of one or both members of the couple,298608
E12000006,East of England,1,Lived at the same address one year ago,6,In a lone parent family: Parent,277875
E12000006,East of England,1,Lived at the same address one year ago,7,In a lone parent family: Dependent child of parent,268590
E12000006,East of England,1,Lived at the same address one year ago,8,In a lone parent family: Non-dependent child of parent,153059
E12000006,East of England,1,Lived at the same address one year ago,9,Living in a communal establishment,57877
E12000006,East of England,2,"Inflow: lived elsewhere one year ago, but within the same area",-8,Does not apply,0
E12000006,East of England,2,"Inflow: lived elsewhere one year ago, but within the same area",1,Not in a family: Aged 66 years and over,8625
E12000006,East of England,2,"Inflow: lived elsewhere one year ago, but within the same area",2,Not in a family: Other,87330
E12000006,East of England,2,"Inflow: lived elsewhere one year ago, but within the same area",3,In a couple family: Member of couple,202252
E12000006,East of England,2,"Inflow: lived elsewhere one year ago, but within the same area",4,In a couple family: Dependent child of one or both members of the couple,60496
E12000006,East of England,2,"Inflow: lived elsewhere one year ago, but within the same area",5,In a couple family: Non-dependent child of one or both members of the couple,13778
E12000006,East of England,2,"Inflow: lived elsewhere one year ago, but within the same area",6,In a lone parent family: Parent,23264
E12000006,East of England,2,"Inflow: lived elsewhere one year ago, but within the same area",7,In a lone parent family: Dependent child of parent,28504
E12000006,East of England,2,"Inflow: lived elsewhere one year ago, but within the same area",8,In a lone parent family: Non-dependent child of parent,9571
E12000006,East of England,2,"Inflow: lived elsewhere one year ago, but within the same area",9,Living in a communal establishment,18297
E12000006,East of England,3,"Inflow: lived elsewhere one year ago outside the area, but within the associated area",-8,Does not apply,0
E12000006,East of England,3,"Inflow: lived elsewhere one year ago outside the area, but within the associated area",1,Not in a family: Aged 66 years and over,2923
E12000006,East of England,3,"Inflow: lived elsewhere one year ago outside the area, but within the associated area",2,Not in a family: Other,25274
E12000006,East of England,3,"Inflow: lived elsewhere one year ago outside the area, but within the associated area",3,In a couple family: Member of couple,59225
E12000006,East of England,3,"Inflow: lived elsewhere one year ago outside the area, but within the associated area",4,In a couple family: Dependent child of one or both members of the couple,12914
E12000006,East of England,3,"Inflow: lived elsewhere one year ago outside the area, but within the associated area",5,In a couple family: Non-dependent child of one or both members of the couple,13291
E12000006,East of England,3,"Inflow: lived elsewhere one year ago outside the area, but within the associated area",6,In a lone parent family: Parent,3858
E12000006,East of England,3,"Inflow: lived elsewhere one year ago outside the area, but within the associated area",7,In a lone parent family: Dependent child of parent,4085
E12000006,East of England,3,"Inflow: lived elsewhere one year ago outside the area, but within the associated area",8,In a lone parent family: Non-dependent child of parent,5287
E12000006,East of England,3,"Inflow: lived elsewhere one year ago outside the area, but within the associated area",9,Living in a communal establishment,13194
E12000006,East of England,4,"Inflow: lived elsewhere one year ago outside the associated area, but within the UK",-8,Does not apply,0
E12000006,East of England,4,"Inflow: lived elsewhere one year ago outside the associated area, but within the UK",1,Not in a family: Aged 66 years and over,130
E12000006,East of England,4,"Inflow: lived elsewhere one year ago outside the associated area, but within the UK",2,Not in a family: Other,1035
E12000006,East of England,4,"Inflow: lived elsewhere one year ago outside the associated area, but within the UK",3,In a couple family: Member of couple,1476
E12000006,East of England,4,"Inflow: lived elsewhere one year ago outside the associated area, but within the UK",4,In a couple family: Dependent child of one or both members of the couple,264
E12000006,East of England,4,"Inflow: lived elsewhere one year ago outside the associated area, but within the UK",5,In a couple family: Non-dependent child of one or both members of the couple,547
E12000006,East of England,4,"Inflow: lived elsewhere one year ago outside the associated area, but within the UK",6,In a lone parent family: Parent,93
E12000006,East of England,4,"Inflow: lived elsewhere one year ago outside the associated area, but within the UK",7,In a lone parent family: Dependent child of parent,119
E12000006,East of England,4,"Inflow: lived elsewhere one year ago outside the associated area, but within the UK",8,In a lone parent family: Non-dependent child of parent,187
E12000006,East of England,4,"Inflow: lived elsewhere one year ago outside the associated area, but within the UK",9,Living in a communal establishment,610
E12000006,East of England,5,Inflow: lived elsewhere one year ago outside the UK,-8,Does not apply,0
E12000006,East of England,5,Inflow: lived elsewhere one year ago outside the UK,1,Not in a family: Aged 66 years and over,975
E12000006,East of England,5,Inflow: lived elsewhere one year ago outside the UK,2,Not in a family: Other,13440
E12000006,East of England,5,Inflow: lived elsewhere one year ago outside the UK,3,In a couple family: Member of couple,18084
E12000006,East of England,5,Inflow: lived elsewhere one year ago outside the UK,4,In a couple family: Dependent child of one or both members of the couple,6571
E12000006,East of England,5,Inflow: lived elsewhere one year ago outside the UK,5,In a couple family: Non-dependent child of one or both members of the couple,3099
E12000006,East of England,5,Inflow: lived elsewhere one year ago outside the UK,6,In a lone parent family: Parent,1156
E12000006,East of England,5,Inflow: lived elsewhere one year ago outside the UK,7,In a lone parent family: Dependent child of parent,1372
E12000006,East of England,5,Inflow: lived elsewhere one year ago outside the UK,8,In a lone parent family: Non-dependent child of parent,1470
E12000006,East of England,5,Inflow: lived elsewhere one year ago outside the UK,9,Living in a communal establishment,6413
E12000007,London,-8,Does not apply,-8,Does not apply,0
E12000007,London,-8,Does not apply,1,Not in a family: Aged 66 years and over,0
E12000007,London,-8,Does not apply,2,Not in a family: Other,0
E12000007,London,-8,Does not apply,3,In a couple family: Member of couple,0
E12000007,London,-8,Does not apply,4,In a couple family: Dependent child of one or both members of the couple,0
E12000007,London,-8,Does not apply,5,In a couple family: Non-dependent child of one or both members of the couple,0
E12000007,London,-8,Does not apply,6,In a lone parent family: Parent,0
E12000007,London,-8,Does not apply,7,In a lone parent family: Dependent child of parent,0
E12000007,London,-8,Does not apply,8,In a lone parent family: Non-dependent child of parent,0
E12000007,London,-8,Does not apply,9,Living in a communal establishment,0
E12000007,London,1,Lived at the same address one year ago,-8,Does not apply,0
E12000007,London,1,Lived at the same address one year ago,1,Not in a family: Aged 66 years and over,377402
E12000007,London,1,Lived at the same address one year ago,2,Not in a family: Other,1122179
E12000007,London,1,Lived at the same address one year ago,3,In a couple family: Member of couple,3041689
E12000007,London,1,Lived at the same address one year ago,4,In a couple family: Dependent child of one or both members of the couple,1175403
E12000007,London,1,Lived at the same address one year ago,5,In a couple family: Non-dependent child of one or both members of the couple,448672
E12000007,London,1,Lived at the same address one year ago,6,In a lone parent family: Parent,510156
E12000007,London,1,Lived at the same address one year ago,7,In a lone parent family: Dependent child of parent,478009
E12000007,London,1,Lived at the same address one year ago,8,In a lone parent family: Non-dependent child of parent,344922
E12000007,London,1,Lived at the same address one year ago,9,Living in a communal establishment,49557
E12000007,London,2,"Inflow: lived elsewhere one year ago, but within the same area",-8,Does not apply,0
E12000007,London,2,"Inflow: lived elsewhere one year ago, but within the same area",1,Not in a family: Aged 66 years and over,7497
E12000007,London,2,"Inflow: lived elsewhere one year ago, but within the same area",2,Not in a family: Other,280873
E12000007,London,2,"Inflow: lived elsewhere one year ago, but within the same area",3,In a couple family: Member of couple,337053
E12000007,London,2,"Inflow: lived elsewhere one year ago, but within the same area",4,In a couple family: Dependent child of one or both members of the couple,83531
E12000007,London,2,"Inflow: lived elsewhere one year ago, but within the same area",5,In a couple family: Non-dependent child of one or both members of the couple,16693
E12000007,London,2,"Inflow: lived elsewhere one year ago, but within the same area",6,In a lone parent family: Parent,37861
E12000007,London,2,"Inflow: lived elsewhere one year ago, but within the same area",7,In a lone parent family: Dependent child of parent,44547
E12000007,London,2,"Inflow: lived elsewhere one year ago, but within the same area",8,In a lone parent family: Non-dependent child of parent,16611
E12000007,London,2,"Inflow: lived elsewhere one year ago, but within the same area",9,Living in a communal establishment,18831
E12000007,London,3,"Inflow: lived elsewhere one year ago outside the area, but within the associated area",-8,Does not apply,0
E12000007,London,3,"Inflow: lived elsewhere one year ago outside the area, but within the associated area",1,Not in a family: Aged 66 years and over,1616
E12000007,London,3,"Inflow: lived elsewhere one year ago outside the area, but within the associated area",2,Not in a family: Other,57904
E12000007,London,3,"Inflow: lived elsewhere one year ago outside the area, but within the associated area",3,In a couple family: Member of couple,37315
E12000007,London,3,"Inflow: lived elsewhere one year ago outside the area, but within the associated area",4,In a couple family: Dependent child of one or both members of the couple,5579
E12000007,London,3,"Inflow: lived elsewhere one year ago outside the area, but within the associated area",5,In a couple family: Non-dependent child of one or both members of the couple,11476
E12000007,London,3,"Inflow: lived elsewhere one year ago outside the area, but within the associated area",6,In a lone parent family: Parent,3394
E12000007,London,3,"Inflow: lived elsewhere one year ago outside the area, but within the associated area",7,In a lone parent family: Dependent child of parent,3921
E12000007,London,3,"Inflow: lived elsewhere one year ago outside the area, but within the associated area",8,In a lone parent family: Non-dependent child of parent,7475
E12000007,London,3,"Inflow: lived elsewhere one year ago outside the area, but within the associated area",9,Living in a communal establishment,15714
E12000007,London,4,"Inflow: lived elsewhere one year ago outside the associated area, but within the UK",-8,Does not apply,0
E12000007,London,4,"Inflow: lived elsewhere one year ago outside the associated area, but within the UK",1,Not in a family: Aged 66 years and over,109
E12000007,London,4,"Inflow: lived elsewhere one year ago outside the associated area, but within the UK",2,Not in a family: Other,4704
E12000007,London,4,"Inflow: lived elsewhere one year ago outside the associated area, but within the UK",3,In a couple family: Member of couple,2375
E12000007,London,4,"Inflow: lived elsewhere one year ago outside the associated area, but within the UK",4,In a couple family: Dependent child of one or both members of the couple,305
E12000007,London,4,"Inflow: lived elsewhere one year ago outside the associated area, but within the UK",5,In a couple family: Non-dependent child of one or both members of the couple,748
E12000007,London,4,"Inflow: lived elsewhere one year ago outside the associated area, but within the UK",6,In a lone parent family: Parent,153
E12000007,London,4,"Inflow: lived elsewhere one year ago outside the associated area, but within the UK",7,In a lone parent family: Dependent child of parent,169
E12000007,London,4,"Inflow: lived elsewhere one year ago outside the associated area, but within the UK",8,In a lone parent family: Non-dependent child of parent,369
E12000007,London,4,"Inflow: lived elsewhere one year ago outside the associated area, but within the UK",9,Living in a communal establishment,1149
E12000007,London,5,Inflow: lived elsewhere one year ago outside the UK,-8,Does not apply,0
E12000007,London,5,Inflow: lived elsewhere one year ago outside the UK,1,Not in a family: Aged 66 years and over,2389
E12000007,London,5,Inflow: lived elsewhere one year ago outside the UK,2,Not in a family: Other,51329
E12000007,London,5,Inflow: lived elsewhere one year ago outside the UK,3,In a couple family: Member of couple,49788
E12000007,London,5,Inflow: lived elsewhere one year ago outside the UK,4,In a couple family: Dependent child of one or both members of the couple,14847
E12000007,London,5,Inflow: lived elsewhere one year ago outside the UK,5,In a couple family: Non-dependent child of one or both members of the couple,5487
E12000007,London,5,Inflow: lived elsewhere one year ago outside the UK,6,In a lone parent family: Parent,3376
E12000007,London,5,Inflow: lived elsewhere one year ago outside the UK,7,In a lone parent family: Dependent child of parent,3836
E12000007,London,5,Inflow: lived elsewhere one year ago outside the UK,8,In a lone parent family: Non-dependent child of parent,3906
E12000007,London,5,Inflow: lived elsewhere one year ago outside the UK,9,Living in a communal establishment,14573
E12000008,South East,-8,Does not apply,-8,Does not apply,0
E12000008,South East,-8,Does not apply,1,Not in a family: Aged 66 years and over,0
E12000008,South East,-8,Does not apply,2,Not in a family: Other,0
E12000008,South East,-8,Does not apply,3,In a couple family: Member of couple,0
E12000008,South East,-8,Does not apply,4,In a couple family: Dependent child of one or both members of the couple,0
E12000008,South East,-8,Does not apply,5,In a couple family: Non-dependent child of one or both members of the couple,0
E12000008,South East,-8,Does not apply,6,In a lone parent family: Parent,0
E12000008,South East,-8,Does not apply,7,In a lone parent family: Dependent child of parent,0
E12000008,South East,-8,Does not apply,8,In a lone parent family: Non-dependent child of parent,0
E12000008,South East,-8,Does not apply,9,Living in a communal establishment,0
E12000008,South East,1,Lived at the same address one year ago,-8,Does not apply,0
E12000008,South East,1,Lived at the same address one year ago,1,Not in a family: Aged 66 years and over,547266
E12000008,South East,1,Lived at the same address one year ago,2,Not in a family: Other,728909
E12000008,South East,1,Lived at the same address one year ago,3,In a couple family: Member of couple,4070449
E12000008,South East,1,Lived at the same address one year ago,4,In a couple family: Dependent child of one or both members of the couple,1297856
E12000008,South East,1,Lived at the same address one year ago,5,In a couple family: Non-dependent child of one or both members of the couple,413775
E12000008,South East,1,Lived at the same address one year ago,6,In a lone parent family: Parent,384542
E12000008,South East,1,Lived at the same address one year ago,7,In a lone parent family: Dependent child of parent,366962
E12000008,South East,1,Lived at the same address one year ago,8,In a lone parent family: Non-dependent child of parent,211759
E12000008,South East,1,Lived at the same address one year ago,9,Living in a communal establishment,99760
E12000008,South East,2,"Inflow: lived elsewhere one year ago, but within the same area",-8,Does not apply,0
E12000008,South East,2,"Inflow: lived elsewhere one year ago, but within the same area",1,Not in a family: Aged 66 years and over,13481
E12000008,South East,2,"Inflow: lived elsewhere one year ago, but within the same area",2,Not in a family: Other,162875
E12000008,South East,2,"Inflow: lived elsewhere one year ago, but within the same area",3,In a couple family: Member of couple,310954
E12000008,South East,2,"Inflow: lived elsewhere one year ago, but within the same area",4,In a couple family: Dependent child of one or both members of the couple,93484
E12000008,South East,2,"Inflow: lived elsewhere one year ago, but within the same area",5,In a couple family: Non-dependent child of one or both members of the couple,23021
E12000008,South East,2,"Inflow: lived elsewhere one year ago, but within the same area",6,In a lone parent family: Parent,33397
E12000008,South East,2,"Inflow: lived elsewhere one year ago, but within the same area",7,In a lone parent family: Dependent child of parent,41139
E12000008,South East,2,"Inflow: lived elsewhere one year ago, but within the same area",8,In a lone parent family: Non-dependent child of parent,15247
E12000008,South East,2,"Inflow: lived elsewhere one year ago, but within the same area",9,Living in a communal establishment,41547
E12000008,South East,3,"Inflow: lived elsewhere one year ago outside the area, but within the associated area",-8,Does not apply,0
E12000008,South East,3,"Inflow: lived elsewhere one year ago outside the area, but within the associated area",1,Not in a family: Aged 66 years and over,4574
E12000008,South East,3,"Inflow: lived elsewhere one year ago outside the area, but within the associated area",2,Not in a family: Other,42503
E12000008,South East,3,"Inflow: lived elsewhere one year ago outside the area, but within the associated area",3,In a couple family: Member of couple,94875
E12000008,South East,3,"Inflow: lived elsewhere one year ago outside the area, but within the associated area",4,In a couple family: Dependent child of one or both members of the couple,22128
E12000008,South East,3,"Inflow: lived elsewhere one year ago outside the area, but within the associated area",5,In a couple family: Non-dependent child of one or both members of the couple,18908
E12000008,South East,3,"Inflow: lived elsewhere one year ago outside the area, but within the associated area",6,In a lone parent family: Parent,5243
E12000008,South East,3,"Inflow: lived elsewhere one year ago outside the area, but within the associated area",7,In a lone parent family: Dependent child of parent,5482
E12000008,South East,3,"Inflow: lived elsewhere one year ago outside the area, but within the associated area",8,In a lone parent family: Non-dependent child of parent,7303
E12000008,South East,3,"Inflow: lived elsewhere one year ago outside the area, but within the associated area",9,Living in a communal establishment,33633
E12000008,South East,4,"Inflow: lived elsewhere one year ago outside the associated area, but within the UK",-8,Does not apply,0
E12000008,South East,4,"Inflow: lived elsewhere one year ago outside the associated area, but within the UK",1,Not in a family: Aged 66 years and over,289
E12000008,South East,4,"Inflow: lived elsewhere one year ago outside the associated area, but within the UK",2,Not in a family: Other,2325
E12000008,South East,4,"Inflow: lived elsewhere one year ago outside the associated area, but within the UK",3,In a couple family: Member of couple,2837
E12000008,South East,4,"Inflow: lived elsewhere one year ago outside the associated area, but within the UK",4,In a couple family: Dependent child of one or both members of the couple,542
E12000008,South East,4,"Inflow: lived elsewhere one year ago outside the associated area, but within the UK",5,In a couple family: Non-dependent child of one or both members of the couple,1265
E12000008,South East,4,"Inflow: lived elsewhere one year ago outside the associated area, but within the UK",6,In a lone parent family: Parent,152
E12000008,South East,4,"Inflow: lived elsewhere one year ago outside the associated area, but within the UK",7,In a lone parent family: Dependent child of parent,204
E12000008,South East,4,"Inflow: lived elsewhere one year ago outside the associated area, but within the UK",8,In a lone parent family: Non-dependent child of parent,398
E12000008,South East,4,"Inflow: lived elsewhere one year ago outside the associated area, but within the UK",9,Living in a communal establishment,2069
E12000008,South East,5,Inflow: lived elsewhere one year ago outside the UK,-8,Does not apply,0
E12000008,South East,5,Inflow: lived elsewhere one year ago outside the UK,1,Not in a family: Aged 66 years and over,1936
E12000008,South East,5,Inflow: lived elsewhere one year ago outside the UK,2,Not in a family: Other,18558
E12000008,South East,5,Inflow: lived elsewhere one year ago outside the UK,3,In a couple family: Member of couple,29439
E12000008,South East,5,Inflow: lived elsewhere one year ago outside the UK,4,In a couple family: Dependent child of one or both members of the couple,10872
E12000008,South East,5,Inflow: lived elsewhere one year ago outside the UK,5,In a couple family: Non-dependent child of one or both members of the couple,5269
E12000008,South East,5,Inflow: lived elsewhere one year ago outside the UK,6,In a lone parent family: Parent,1905
E12000008,South East,5,Inflow: lived elsewhere one year ago outside the UK,7,In a lone parent family: Dependent child of parent,2169
E12000008,South East,5,Inflow: lived elsewhere one year ago outside the UK,8,In a lone parent family: Non-dependent child of parent,2661
E12000008,South East,5,Inflow: lived elsewhere one year ago outside the UK,9,Living in a communal establishment,12400
E12000009,South West,-8,Does not apply,-8,Does not apply,0
E12000009,South West,-8,Does not apply,1,Not in a family: Aged 66 years and over,0
E12000009,South West,-8,Does not apply,2,Not in a family: Other,0
E12000009,South West,-8,Does not apply,3,In a couple family: Member of couple,0
E12000009,South West,-8,Does not apply,4,In a couple family: Dependent child of one or both members of the couple,0
E12000009,South West,-8,Does not apply,5,In a couple family: Non-dependent child of one or both members of the couple,0
E12000009,South West,-8,Does not apply,6,In a lone parent family: Parent,0
E12000009,South West,-8,Does not apply,7,In a lone parent family: Dependent child of parent,0
E12000009,South West,-8,Does not apply,8,In a lone parent family: Non-dependent child of parent,0
E12000009,South West,-8,Does not apply,9,Living in a communal establishment,0
E12000009,South West,1,Lived at the same address one year ago,-8,Does not apply,0
E12000009,South West,1,Lived at the same address one year ago,1,Not in a family: Aged 66 years and over,381861
E12000009,South West,1,Lived at the same address one year ago,2,Not in a family: Other,467009
E12000009,South West,1,Lived at the same address one year ago,3,In a couple family: Member of couple,2555953
E12000009,South West,1,Lived at the same address one year ago,4,In a couple family: Dependent child of one or both members of the couple,717116
E12000009,South West,1,Lived at the same address one year ago,5,In a couple family: Non-dependent child of one or both members of the couple,229702
E12000009,South West,1,Lived at the same address one year ago,6,In a lone parent family: Parent,230033
E12000009,South West,1,Lived at the same address one year ago,7,In a lone parent family: Dependent child of parent,219517
E12000009,South West,1,Lived at the same address one year ago,8,In a lone parent family: Non-dependent child of parent,121065
E12000009,South West,1,Lived at the same address one year ago,9,Living in a communal establishment,58419
E12000009,South West,2,"Inflow: lived elsewhere one year ago, but within the same area",-8,Does not apply,0
E12000009,South West,2,"Inflow: lived elsewhere one year ago, but within the same area",1,Not in a family: Aged 66 years and over,9738
E12000009,South West,2,"Inflow: lived elsewhere one year ago, but within the same area",2,Not in a family: Other,122188
E12000009,South West,2,"Inflow: lived elsewhere one year ago, but within the same area",3,In a couple family: Member of couple,201419
E12000009,South West,2,"Inflow: lived elsewhere one year ago, but within the same area",4,In a couple family: Dependent child of one or both members of the couple,53155
E12000009,South West,2,"Inflow: lived elsewhere one year ago, but within the same area",5,In a couple family: Non-dependent child of one or both members of the couple,15058
E12000009,South West,2,"Inflow: lived elsewhere one year ago, but within the same area",6,In a lone parent family: Parent,20058
E12000009,South West,2,"Inflow: lived elsewhere one year ago, but within the same area",7,In a lone parent family: Dependent child of parent,24875
E12000009,South West,2,"Inflow: lived elsewhere one year ago, but within the same area",8,In a lone parent family: Non-dependent child of parent,9567
E12000009,South West,2,"Inflow: lived elsewhere one year ago, but within the same area",9,Living in a communal establishment,24612
E12000009,South West,3,"Inflow: lived elsewhere one year ago outside the area, but within the associated area",-8,Does not apply,0
E12000009,South West,3,"Inflow: lived elsewhere one year ago outside the area, but within the associated area",1,Not in a family: Aged 66 years and over,3414
E12000009,South West,3,"Inflow: lived elsewhere one year ago outside the area, but within the associated area",2,Not in a family: Other,28058
E12000009,South West,3,"Inflow: lived elsewhere one year ago outside the area, but within the associated area",3,In a couple family: Member of couple,49145
E12000009,South West,3,"Inflow: lived elsewhere one year ago outside the area, but within the associated area",4,In a couple family: Dependent child of one or both members of the couple,9484
E12000009,South West,3,"Inflow: lived elsewhere one year ago outside the area, but within the associated area",5,In a couple family: Non-dependent child of one or both members of the couple,9399
E12000009,South West,3,"Inflow: lived elsewhere one year ago outside the area, but within the associated area",6,In a lone parent family: Parent,2103
E12000009,South West,3,"Inflow: lived elsewhere one year ago outside the area, but within the associated area",7,In a lone parent family: Dependent child of parent,2048
E12000009,South West,3,"Inflow: lived elsewhere one year ago outside the area, but within the associated area",8,In a lone parent family: Non-dependent child of parent,3664
E12000009,South West,3,"Inflow: lived elsewhere one year ago outside the area, but within the associated area",9,Living in a communal establishment,25732
E12000009,South West,4,"Inflow: lived elsewhere one year ago outside the associated area, but within the UK",-8,Does not apply,0
E12000009,South West,4,"Inflow: lived elsewhere one year ago outside the associated area, but within the UK",1,Not in a family: Aged 66 years and over,311
E12000009,South West,4,"Inflow: lived elsewhere one year ago outside the associated area, but within the UK",2,Not in a family: Other,3557
E12000009,South West,4,"Inflow: lived elsewhere one year ago outside the associated area, but within the UK",3,In a couple family: Member of couple,3861
E12000009,South West,4,"Inflow: lived elsewhere one year ago outside the associated area, but within the UK",4,In a couple family: Dependent child of one or both members of the couple,620
E12000009,South West,4,"Inflow: lived elsewhere one year ago outside the associated area, but within the UK",5,In a couple family: Non-dependent child of one or both members of the couple,1280
E12000009,South West,4,"Inflow: lived elsewhere one year ago outside the associated area, but within the UK",6,In a lone parent family: Parent,196
E12000009,South West,4,"Inflow: lived elsewhere one year ago outside the associated area, but within the UK",7,In a lone parent family: Dependent child of parent,212
E12000009,South West,4,"Inflow: lived elsewhere one year ago outside the associated area, but within the UK",8,In a lone parent family: Non-dependent child of parent,486
E12000009,South West,4,"Inflow: lived elsewhere one year ago outside the associated area, but within the UK",9,Living in a communal establishment,3036
E12000009,South West,5,Inflow: lived elsewhere one year ago outside the UK,-8,Does not apply,0
E12000009,South West,5,Inflow: lived elsewhere one year ago outside the UK,1,Not in a family: Aged 66 years and over,968
E12000009,South West,5,Inflow: lived elsewhere one year ago outside the UK,2,Not in a family: Other,9243
E12000009,South West,5,Inflow: lived elsewhere one year ago outside the UK,3,In a couple family: Member of couple,14675
E12000009,South West,5,Inflow: lived elsewhere one year ago outside the UK,4,In a couple family: Dependent child of one or both members of the couple,4541
E12000009,South West,5,Inflow: lived elsewhere one year ago outside the UK,5,In a couple family: Non-dependent child of one or both members of the couple,2972
E12000009,South West,5,Inflow: lived elsewhere one year ago outside the UK,6,In a lone parent family: Parent,815
E12000009,South West,5,Inflow: lived elsewhere one year ago outside the UK,7,In a lone parent family: Dependent child of parent,897
E12000009,South West,5,Inflow: lived elsewhere one year ago outside the UK,8,In a lone parent family: Non-dependent child of parent,1391
E12000009,South West,5,Inflow: lived elsewhere one year ago outside the UK,9,Living in a communal establishment,6736
W92000004,Wales,-8,Does not apply,-8,Does not apply,0
W92000004,Wales,-8,Does not apply,1,Not in a family: Aged 66 years and over,0
W92000004,Wales,-8,Does not apply,2,Not in a family: Other,0
W92000004,Wales,-8,Does not apply,3,In a couple family: Member of couple,0
W92000004,Wales,-8,Does not apply,4,In a couple family: Dependent child of one or both members of the couple,0
W92000004,Wales,-8,Does not apply,5,In a couple family: Non-dependent child of one or both members of the couple,0
W92000004,Wales,-8,Does not apply,6,In a lone parent family: Parent,0
W92000004,Wales,-8,Does not apply,7,In a lone parent family: Dependent child of parent,0
W92000004,Wales,-8,Does not apply,8,In a lone parent family: Non-dependent child of parent,0
W92000004,Wales,-8,Does not apply,9,Living in a communal establishment,0
W92000004,Wales,1,Lived at the same address one year ago,-8,Does not apply,0
W92000004,Wales,1,Lived at the same address one year ago,1,Not in a family: Aged 66 years and over,209881
W92000004,Wales,1,Lived at the same address one year ago,2,Not in a family: Other,267383
W92000004,Wales,1,Lived at the same address one year ago,3,In a couple family: Member of couple,1336209
W92000004,Wales,1,Lived at the same address one year ago,4,In a couple family: Dependent child of one or both members of the couple,380147
W92000004,Wales,1,Lived at the same address one year ago,5,In a couple family: Non-dependent child of one or both members of the couple,151032
W92000004,Wales,1,Lived at the same address one year ago,6,In a lone parent family: Parent,166166
W92000004,Wales,1,Lived at the same address one year ago,7,In a lone parent family: Dependent child of parent,161857
W92000004,Wales,1,Lived at the same address one year ago,8,In a lone parent family: Non-dependent child of parent,86721
W92000004,Wales,1,Lived at the same address one year ago,9,Living in a communal establishment,27332
W92000004,Wales,2,"Inflow: lived elsewhere one year ago, but within the same area",-8,Does not apply,0
W92000004,Wales,2,"Inflow: lived elsewhere one year ago, but within the same area",1,Not in a family: Aged 66 years and over,4402
W92000004,Wales,2,"Inflow: lived elsewhere one year ago, but within the same area",2,Not in a family: Other,53424
W92000004,Wales,2,"Inflow: lived elsewhere one year ago, but within the same area",3,In a couple family: Member of couple,81381
W92000004,Wales,2,"Inflow: lived elsewhere one year ago, but within the same area",4,In a couple family: Dependent child of one or both members of the couple,23669
W92000004,Wales,2,"Inflow: lived elsewhere one year ago, but within the same area",5,In a couple family: Non-dependent child of one or both members of the couple,6995
W92000004,Wales,2,"Inflow: lived elsewhere one year ago, but within the same area",6,In a lone parent family: Parent,13212
W92000004,Wales,2,"Inflow: lived elsewhere one year ago, but within the same area",7,In a lone parent family: Dependent child of parent,17176
W92000004,Wales,2,"Inflow: lived elsewhere one year ago, but within the same area",8,In a lone parent family: Non-dependent child of parent,5380
W92000004,Wales,2,"Inflow: lived elsewhere one year ago, but within the same area",9,Living in a communal establishment,13221
W92000004,Wales,3,"Inflow: lived elsewhere one year ago outside the area, but within the associated area",-8,Does not apply,0
W92000004,Wales,3,"Inflow: lived elsewhere one year ago outside the area, but within the associated area",1,Not in a family: Aged 66 years and over,0
W92000004,Wales,3,"Inflow: lived elsewhere one year ago outside the area, but within the associated area",2,Not in a family: Other,0
W92000004,Wales,3,"Inflow: lived elsewhere one year ago outside the area, but within the associated area",3,In a couple family: Member of couple,0
W92000004,Wales,3,"Inflow: lived elsewhere one year ago outside the area, but within the associated area",4,In a couple family: Dependent child of one or both members of the couple,0
W92000004,Wales,3,"Inflow: lived elsewhere one year ago outside the area, but within the associated area",5,In a couple family: Non-dependent child of one or both members of the couple,0
W92000004,Wales,3,"Inflow: lived elsewhere one year ago outside the area, but within the associated area",6,In a lone parent family: Parent,0
W92000004,Wales,3,"Inflow: lived elsewhere one year ago outside the area, but within the associated area",7,In a lone parent family: Dependent child of parent,0
W92000004,Wales,3,"Inflow: lived elsewhere one year ago outside the area, but within the associated area",8,In a lone parent family: Non-dependent child of parent,0
W92000004,Wales,3,"Inflow: lived elsewhere one year ago outside the area, but within the associated area",9,Living in a communal establishment,0
W92000004,Wales,4,"Inflow: lived elsewhere one year ago outside the associated area, but within the UK",-8,Does not apply,0
W92000004,Wales,4,"Inflow: lived elsewhere one year ago outside the associated area, but within the UK",1,Not in a family: Aged 66 years and over,1267
W92000004,Wales,4,"Inflow: lived elsewhere one year ago outside the associated area, but within the UK",2,Not in a family: Other,11574
W92000004,Wales,4,"Inflow: lived elsewhere one year ago outside the associated area, but within the UK",3,In a couple family: Member of couple,19451
W92000004,Wales,4,"Inflow: lived elsewhere one year ago outside the associated area, but within the UK",4,In a couple family: Dependent child of one or both members of the couple,3320
W92000004,Wales,4,"Inflow: lived elsewhere one year ago outside the associated area, but within the UK",5,In a couple family: Non-dependent child of one or both members of the couple,4906
W92000004,Wales,4,"Inflow: lived elsewhere one year ago outside the associated area, but within the UK",6,In a lone parent family: Parent,1130
W92000004,Wales,4,"Inflow: lived elsewhere one year ago outside the associated area, but within the UK",7,In a lone parent family: Dependent child of parent,1190
W92000004,Wales,4,"Inflow: lived elsewhere one year ago outside the associated area, but within the UK",8,In a lone parent family: Non-dependent child of parent,2302
W92000004,Wales,4,"Inflow: lived elsewhere one year ago outside the associated area, but within the UK",9,Living in a communal establishment,12097
W92000004,Wales,5,Inflow: lived elsewhere one year ago outside the UK,-8,Does not apply,0
W92000004,Wales,5,Inflow: lived elsewhere one year ago outside the UK,1,Not in a family: Aged 66 years and over,290
W92000004,Wales,5,Inflow: lived elsewhere one year ago outside the UK,2,Not in a family: Other,3625
W92000004,Wales,5,Inflow: lived elsewhere one year ago outside the UK,3,In a couple family: Member of couple,5145
W92000004,Wales,5,Inflow: lived elsewhere one year ago outside the UK,4,In a couple family: Dependent child of one or both members of the couple,1515
W92000004,Wales,5,Inflow: lived elsewhere one year ago outside the UK,5,In a couple family: Non-dependent child of one or both members of the couple,1199
W92000004,Wales,5,Inflow: lived elsewhere one year ago outside the UK,6,In a lone parent family: Parent,322
W92000004,Wales,5,Inflow: lived elsewhere one year ago outside the UK,7,In a lone parent family: Dependent child of parent,419
W92000004,Wales,5,Inflow: lived elsewhere one year ago outside the UK,8,In a lone parent family: Non-dependent child of parent,539
W92000004,Wales,5,Inflow: lived elsewhere one year ago outside the UK,9,Living in a communal establishment,3281
