Migrant region one year ago code,Migrant region one year ago label,Migration Region (outflow) (3 categories) code,Migration Region (outflow) (3 categories) label,Family status (10 categories) code,Family status (10 categories) label,Count
-8,Does not apply,-8,Does not apply,-8,Does not apply,0
-8,Does not apply,-8,Does not apply,1,Not in a family: Aged 66 years and over,3477087
-8,Does not apply,-8,Does not apply,2,Not in a family: Other,5413829
-8,Does not apply,-8,Does not apply,3,In a couple family: Member of couple,25002172
-8,Does not apply,-8,Does not apply,4,In a couple family: Dependent child of one or both members of the couple,7939534
-8,Does not apply,-8,Does not apply,5,In a couple family: Non-dependent child of one or both members of the couple,2817427
-8,Does not apply,-8,Does not apply,6,In a lone parent family: Parent,2892991
-8,Does not apply,-8,Does not apply,7,In a lone parent family: Dependent child of parent,2837073
-8,Does not apply,-8,Does not apply,8,In a lone parent family: Non-dependent child of parent,1621142
-8,Does not apply,-8,Does not apply,9,Living in a communal establishment,530790
-8,Does not apply,1,"Outflow: moved out of the area, but within the associated area",-8,Does not apply,0
-8,Does not apply,1,"Outflow: moved out of the area, but within the associated area",1,Not in a family: Aged 66 years and over,0
-8,Does not apply,1,"Outflow: moved out of the area, but within the associated area",2,Not in a family: Other,0
-8,Does not apply,1,"Outflow: moved out of the area, but within the associated area",3,In a couple family: Member of couple,0
-8,Does not apply,1,"Outflow: moved out of the area, but within the associated area",4,In a couple family: Dependent child of one or both members of the couple,0
-8,Does not apply,1,"Outflow: moved out of the area, but within the associated area",5,In a couple family: Non-dependent child of one or both members of the couple,0
-8,Does not apply,1,"Outflow: moved out of the area, but within the associated area",6,In a lone parent family: Parent,0
-8,Does not apply,1,"Outflow: moved out of the area, but within the associated area",7,In a lone parent family: Dependent child of parent,0
-8,Does not apply,1,"Outflow: moved out of the area, but within the associated area",8,In a lone parent family: Non-dependent child of parent,0
-8,Does not apply,1,"Outflow: moved out of the area, but within the associated area",9,Living in a communal establishment,0
-8,Does not apply,2,"Outflow: moved out of the associated area, but within England and Wales",-8,Does not apply,0
-8,Does not apply,2,"Outflow: moved out of the associated area, but within England and Wales",1,Not in a family: Aged 66 years and over,0
-8,Does not apply,2,"Outflow: moved out of the associated area, but within England and Wales",2,Not in a family: Other,0
-8,Does not apply,2,"Outflow: moved out of the associated area, but within England and Wales",3,In a couple family: Member of couple,0
-8,Does not apply,2,"Outflow: moved out of the associated area, but within England and Wales",4,In a couple family: Dependent child of one or both members of the couple,0
-8,Does not apply,2,"Outflow: moved out of the associated area, but within England and Wales",5,In a couple family: Non-dependent child of one or both members of the couple,0
-8,Does not apply,2,"Outflow: moved out of the associated area, but within England and Wales",6,In a lone parent family: Parent,0
-8,Does not apply,2,"Outflow: moved out of the associated area, but within England and Wales",7,In a lone parent family: Dependent child of parent,0
-8,Does not apply,2,"Outflow: moved out of the associated area, but within England and Wales",8,In a lone parent family: Non-dependent child of parent,0
-8,Does not apply,2,"Outflow: moved out of the associated area, but within England and Wales",9,Living in a communal establishment,0
999999999,Person with migrant origin outside the UK,-8,Does not apply,-8,Does not apply,0
999999999,Person with migrant origin outside the UK,-8,Does not apply,1,Not in a family: Aged 66 years and over,9771
999999999,Person with migrant origin outside the UK,-8,Does not apply,2,Not in a family: Other,144650
999999999,Person with migrant origin outside the UK,-8,Does not apply,3,In a couple family: Member of couple,182467
999999999,Person with migrant origin outside the UK,-8,Does not apply,4,In a couple family: Dependent child of one or both members of the couple,62506
999999999,Person with migrant origin outside the UK,-8,Does not apply,5,In a couple family: Non-dependent child of one or both members of the couple,30064
999999999,Person with migrant origin outside the UK,-8,Does not apply,6,In a lone parent family: Parent,12420
999999999,Person with migrant origin outside the UK,-8,Does not apply,7,In a lone parent family: Dependent child of parent,15003
999999999,Person with migrant origin outside the UK,-8,Does not apply,8,In a lone parent family: Non-dependent child of parent,15802
999999999,Person with migrant origin outside the UK,-8,Does not apply,9,Living in a communal establishment,72413
999999999,Person with migrant origin outside the UK,1,"Outflow: moved out of the area, but within the associated area",-8,Does not apply,0
999999999,Person with migrant origin outside the UK,1,"Outflow: moved out of the area, but within the associated area",1,Not in a family: Aged 66 years and over,0
999999999,Person with migrant origin outside the UK,1,"Outflow: moved out of the area, but within the associated area",2,Not in a family: Other,0
999999999,Person with migrant origin outside the UK,1,"Outflow: moved out of the area, but within the associated area",3,In a couple family: Member of couple,0
999999999,Person with migrant origin outside the UK,1,"Outflow: moved out of the area, but within the associated area",4,In a couple family: Dependent child of one or both members of the couple,0
999999999,Person with migrant origin outside the UK,1,"Outflow: moved out of the area, but within the associated area",5,In a couple family: Non-dependent child of one or both members of the couple,0
999999999,Person with migrant origin outside the UK,1,"Outflow: moved out of the area, but within the associated area",6,In a lone parent family: Parent,0
999999999,Person with migrant origin outside the UK,1,"Outflow: moved out of the area, but within the associated area",7,In a lone parent family: Dependent child of parent,0
999999999,Person with migrant origin outside the UK,1,"Outflow: moved out of the area, but within the associated area",8,In a lone parent family: Non-dependent child of parent,0
999999999,Person with migrant origin outside the UK,1,"Outflow: moved out of the area, but within the associated area",9,Living in a communal establishment,0
999999999,Person with migrant origin outside the UK,2,"Outflow: moved out of the associated area, but within England and Wales",-8,Does not apply,0
999999999,Person with migrant origin outside the UK,2,"Outflow: moved out of the associated area, but within England and Wales",1,Not in a family: Aged 66 years and over,0
999999999,Person with migrant origin outside the UK,2,"Outflow: moved out of the associated area, but within England and Wales",2,Not in a family: Other,0
999999999,Person with migrant origin outside the UK,2,"Outflow: moved out of the associated area, but within England and Wales",3,In a couple family: Member of couple,0
999999999,Person with migrant origin outside the UK,2,"Outflow: moved out of the associated area, but within England and Wales",4,In a couple family: Dependent child of one or both members of the couple,0
999999999,Person with migrant origin outside the UK,2,"Outflow: moved out of the associated area, but within England and Wales",5,In a couple family: Non-dependent child of one or both members of the couple,0
999999999,Person with migrant origin outside the UK,2,"Outflow: moved out of the associated area, but within England and Wales",6,In a lone parent family: Parent,0
999999999,Person with migrant origin outside the UK,2,"Outflow: moved out of the associated area, but within England and Wales",7,In a lone parent family: Dependent child of parent,0
999999999,Person with migrant origin outside the UK,2,"Outflow: moved out of the associated area, but within England and Wales",8,In a lone parent family: Non-dependent child of parent,0
999999999,Person with migrant origin outside the UK,2,"Outflow: moved out of the associated area, but within England and Wales",9,Living in a communal establishment,0
E12000001,North East,-8,Does not apply,-8,Does not apply,0
E12000001,North East,-8,Does not apply,1,Not in a family: Aged 66 years and over,3904
E12000001,North East,-8,Does not apply,2,Not in a family: Other,54455
E12000001,North East,-8,Does not apply,3,In a couple family: Member of couple,75208
E12000001,North East,-8,Does not apply,4,In a couple family: Dependent child of one or both members of the couple,20870
E12000001,North East,-8,Does not apply,5,In a couple family: Non-dependent child of one or both members of the couple,5474
E12000001,North East,-8,Does not apply,6,In a lone parent family: Parent,12905
E12000001,North East,-8,Does not apply,7,In a lone parent family: Dependent child of parent,16572
E12000001,North East,-8,Does not apply,8,In a lone parent family: Non-dependent child of parent,4415
E12000001,North East,-8,Does not apply,9,Living in a communal establishment,11702
E12000001,North East,1,"Outflow: moved out of the area, but within the associated area",-8,Does not apply,0
E12000001,North East,1,"Outflow: moved out of the area, but within the associated area",1,Not in a family: Aged 66 years and over,574
E12000001,North East,1,"Outflow: moved out of the area, but within the associated area",2,Not in a family: Other,7272
E12000001,North East,1,"Outflow: moved out of the area, but within the associated area",3,In a couple family: Member of couple,6848
E12000001,North East,1,"Outflow: moved out of the area, but within the associated area",4,In a couple family: Dependent child of one or both members of the couple,1433
E12000001,North East,1,"Outflow: moved out of the area, but within the associated area",5,In a couple family: Non-dependent child of one or both members of the couple,3185
E12000001,North East,1,"Outflow: moved out of the area, but within the associated area",6,In a lone parent family: Parent,500
E12000001,North East,1,"Outflow: moved out of the area, but within the associated area",7,In a lone parent family: Dependent child of parent,633
E12000001,North East,1,"Outflow: moved out of the area, but within the associated area",8,In a lone parent family: Non-dependent child of parent,1179
E12000001,North East,1,"Outflow: moved out of the area, but within the associated area",9,Living in a communal establishment,6000
E12000001,North East,2,"Outflow: moved out of the associated area, but within England and Wales",-8,Does not apply,0
E12000001,North East,2,"Outflow: moved out of the associated area, but within England and Wales",1,Not in a family: Aged 66 years and over,12
E12000001,North East,2,"Outflow: moved out of the associated area, but within England and Wales",2,Not in a family: Other,129
E12000001,North East,2,"Outflow: moved out of the associated area, but within England and Wales",3,In a couple family: Member of couple,170
E12000001,North East,2,"Outflow: moved out of the associated area, but within England and Wales",4,In a couple family: Dependent child of one or both members of the couple,21
E12000001,North East,2,"Outflow: moved out of the associated area, but within England and Wales",5,In a couple family: Non-dependent child of one or both members of the couple,63
E12000001,North East,2,"Outflow: moved out of the associated area, but within England and Wales",6,In a lone parent family: Parent,13
E12000001,North East,2,"Outflow: moved out of the associated area, but within England and Wales",7,In a lone parent family: Dependent child of parent,25
E12000001,North East,2,"Outflow: moved out of the associated area, but within England and Wales",8,In a lone parent family: Non-dependent child of parent,33
E12000001,North East,2,"Outflow: moved out of the associated area, but within England and Wales",9,Living in a communal establishment,138
E12000002,North West,-8,Does not apply,-8,Does not apply,0
E12000002,North West,-8,Does not apply,1,Not in a family: Aged 66 years and over,9753
E12000002,North West,-8,Does not apply,2,Not in a family: Other,142036
E12000002,North West,-8,Does not apply,3,In a couple family: Member of couple,219507
E12000002,North West,-8,Does not apply,4,In a couple family: Dependent child of one or both members of the couple,62628
E12000002,North West,-8,Does not apply,5,In a couple family: Non-dependent child of one or both members of the couple,16849
E12000002,North West,-8,Does not apply,6,In a lone parent family: Parent,31400
E12000002,North West,-8,Does not apply,7,In a lone parent family: Dependent child of parent,39059
E12000002,North West,-8,Does not apply,8,In a lone parent family: Non-dependent child of parent,13527
E12000002,North West,-8,Does not apply,9,Living in a communal establishment,32843
E12000002,North West,1,"Outflow: moved out of the area, but within the associated area",-8,Does not apply,0
E12000002,North West,1,"Outflow: moved out of the area, but within the associated area",1,Not in a family: Aged 66 years and over,1505
E12000002,North West,1,"Outflow: moved out of the area, but within the associated area",2,Not in a family: Other,19600
E12000002,North West,1,"Outflow: moved out of the area, but within the associated area",3,In a couple family: Member of couple,21069
E12000002,North West,1,"Outflow: moved out of the area, but within the associated area",4,In a couple family: Dependent child of one or both members of the couple,3674
E12000002,North West,1,"Outflow: moved out of the area, but within the associated area",5,In a couple family: Non-dependent child of one or both members of the couple,6754
E12000002,North West,1,"Outflow: moved out of the area, but within the associated area",6,In a lone parent family: Parent,1503
E12000002,North West,1,"Outflow: moved out of the area, but within the associated area",7,In a lone parent family: Dependent child of parent,1746
E12000002,North West,1,"Outflow: moved out of the area, but within the associated area",8,In a lone parent family: Non-dependent child of parent,2984
E12000002,North West,1,"Outflow: moved out of the area, but within the associated area",9,Living in a communal establishment,16750
E12000002,North West,2,"Outflow: moved out of the associated area, but within England and Wales",-8,Does not apply,0
E12000002,North West,2,"Outflow: moved out of the associated area, but within England and Wales",1,Not in a family: Aged 66 years and over,213
E12000002,North West,2,"Outflow: moved out of the associated area, but within England and Wales",2,Not in a family: Other,1564
E12000002,North West,2,"Outflow: moved out of the associated area, but within England and Wales",3,In a couple family: Member of couple,3484
E12000002,North West,2,"Outflow: moved out of the associated area, but within England and Wales",4,In a couple family: Dependent child of one or both members of the couple,609
E12000002,North West,2,"Outflow: moved out of the associated area, but within England and Wales",5,In a couple family: Non-dependent child of one or both members of the couple,804
E12000002,North West,2,"Outflow: moved out of the associated area, but within England and Wales",6,In a lone parent family: Parent,221
E12000002,North West,2,"Outflow: moved out of the associated area, but within England and Wales",7,In a lone parent family: Dependent child of parent,246
E12000002,North West,2,"Outflow: moved out of the associated area, but within England and Wales",8,In a lone parent family: Non-dependent child of parent,441
E12000002,North West,2,"Outflow: moved out of the associated area, but within England and Wales",9,Living in a communal establishment,1234
E12000003,Yorkshire and The Humber,-8,Does not apply,-8,Does not apply,0
E12000003,Yorkshire and The Humber,-8,Does not apply,1,Not in a family: Aged 66 years and over,7205
E12000003,Yorkshire and The Humber,-8,Does not apply,2,Not in a family: Other,111092
E12000003,Yorkshire and The Humber,-8,Does not apply,3,In a couple family: Member of couple,168408
E12000003,Yorkshire and The Humber,-8,Does not apply,4,In a couple family: Dependent child of one or both members of the couple,46520
E12000003,Yorkshire and The Humber,-8,Does not apply,5,In a couple family: Non-dependent child of one or both members of the couple,12060
E12000003,Yorkshire and The Humber,-8,Does not apply,6,In a lone parent family: Parent,22493
E12000003,Yorkshire and The Humber,-8,Does not apply,7,In a lone parent family: Dependent child of parent,28646
E12000003,Yorkshire and The Humber,-8,Does not apply,8,In a lone parent family: Non-dependent child of parent,8713
E12000003,Yorkshire and The Humber,-8,Does not apply,9,Living in a communal establishment,21941
E12000003,Yorkshire and The Humber,1,"Outflow: moved out of the area, but within the associated area",-8,Does not apply,0
E12000003,Yorkshire and The Humber,1,"Outflow: moved out of the area, but within the associated area",1,Not in a family: Aged 66 years and over,1311
E12000003,Yorkshire and The Humber,1,"Outflow: moved out of the area, but within the associated area",2,Not in a family: Other,18424
E12000003,Yorkshire and The Humber,1,"Outflow: moved out of the area, but within the associated area",3,In a couple family: Member of couple,22605
E12000003,Yorkshire and The Humber,1,"Outflow: moved out of the area, but within the associated area",4,In a couple family: Dependent child of one or both members of the couple,4172
E12000003,Yorkshire and The Humber,1,"Outflow: moved out of the area, but within the associated area",5,In a couple family: Non-dependent child of one or both members of the couple,8587
E12000003,Yorkshire and The Humber,1,"Outflow: moved out of the area, but within the associated area",6,In a lone parent family: Parent,1541
E12000003,Yorkshire and The Humber,1,"Outflow: moved out of the area, but within the associated area",7,In a lone parent family: Dependent child of parent,1848
E12000003,Yorkshire and The Humber,1,"Outflow: moved out of the area, but within the associated area",8,In a lone parent family: Non-dependent child of parent,3328
E12000003,Yorkshire and The Humber,1,"Outflow: moved out of the area, but within the associated area",9,Living in a communal establishment,16047
E12000003,Yorkshire and The Humber,2,"Outflow: moved out of the associated area, but within England and Wales",-8,Does not apply,0
E12000003,Yorkshire and The Humber,2,"Outflow: moved out of the associated area, but within England and Wales",1,Not in a family: Aged 66 years and over,38
E12000003,Yorkshire and The Humber,2,"Outflow: moved out of the associated area, but within England and Wales",2,Not in a family: Other,392
E12000003,Yorkshire and The Humber,2,"Outflow: moved out of the associated area, but within England and Wales",3,In a couple family: Member of couple,636
E12000003,Yorkshire and The Humber,2,"Outflow: moved out of the associated area, but within England and Wales",4,In a couple family: Dependent child of one or both members of the couple,93
E12000003,Yorkshire and The Humber,2,"Outflow: moved out of the associated area, but within England and Wales",5,In a couple family: Non-dependent child of one or both members of the couple,239
E12000003,Yorkshire and The Humber,2,"Outflow: moved out of the associated area, but within England and Wales",6,In a lone parent family: Parent,37
E12000003,Yorkshire and The Humber,2,"Outflow: moved out of the associated area, but within England and Wales",7,In a lone parent family: Dependent child of parent,50
E12000003,Yorkshire and The Humber,2,"Outflow: moved out of the associated area, but within England and Wales",8,In a lone parent family: Non-dependent child of parent,96
E12000003,Yorkshire and The Humber,2,"Outflow: moved out of the associated area, but within England and Wales",9,Living in a communal establishment,315
E12000004,East Midlands,-8,Does not apply,-8,Does not apply,0
E12000004,East Midlands,-8,Does not apply,1,Not in a family: Aged 66 years and over,5990
E12000004,East Midlands,-8,Does not apply,2,Not in a family: Other,88509
E12000004,East Midlands,-8,Does not apply,3,In a couple family: Member of couple,149418
E12000004,East Midlands,-8,Does not apply,4,In a couple family: Dependent child of one or both members of the couple,43680
E12000004,East Midlands,-8,Does not apply,5,In a couple family: Non-dependent child of one or both members of the couple,11113
E12000004,East Midlands,-8,Does not apply,6,In a lone parent family: Parent,18139
E12000004,East Midlands,-8,Does not apply,7,In a lone parent family: Dependent child of parent,23099
E12000004,East Midlands,-8,Does not apply,8,In a lone parent family: Non-dependent child of parent,7763
E12000004,East Midlands,-8,Does not apply,9,Living in a communal establishment,20613
E12000004,East Midlands,1,"Outflow: moved out of the area, but within the associated area",-8,Does not apply,0
E12000004,East Midlands,1,"Outflow: moved out of the area, but within the associated area",1,Not in a family: Aged 66 years and over,1621
E12000004,East Midlands,1,"Outflow: moved out of the area, but within the associated area",2,Not in a family: Other,21059
E12000004,East Midlands,1,"Outflow: moved out of the area, but within the associated area",3,In a couple family: Member of couple,27023
E12000004,East Midlands,1,"Outflow: moved out of the area, but within the associated area",4,In a couple family: Dependent child of one or both members of the couple,4754
E12000004,East Midlands,1,"Outflow: moved out of the area, but within the associated area",5,In a couple family: Non-dependent child of one or both members of the couple,8990
E12000004,East Midlands,1,"Outflow: moved out of the area, but within the associated area",6,In a lone parent family: Parent,1921
E12000004,East Midlands,1,"Outflow: moved out of the area, but within the associated area",7,In a lone parent family: Dependent child of parent,2168
E12000004,East Midlands,1,"Outflow: moved out of the area, but within the associated area",8,In a lone parent family: Non-dependent child of parent,3991
E12000004,East Midlands,1,"Outflow: moved out of the area, but within the associated area",9,Living in a communal establishment,17424
E12000004,East Midlands,2,"Outflow: moved out of the associated area, but within England and Wales",-8,Does not apply,0
E12000004,East Midlands,2,"Outflow: moved out of the associated area, but within England and Wales",1,Not in a family: Aged 66 years and over,74
E12000004,East Midlands,2,"Outflow: moved out of the associated area, but within England and Wales",2,Not in a family: Other,584
E12000004,East Midlands,2,"Outflow: moved out of the associated area, but within England and Wales",3,In a couple family: Member of couple,978
E12000004,East Midlands,2,"Outflow: moved out of the associated area, but within England and Wales",4,In a couple family: Dependent child of one or both members of the couple,137
E12000004,East Midlands,2,"Outflow: moved out of the associated area, but within England and Wales",5,In a couple family: Non-dependent child of one or both members of the couple,251
E12000004,East Midlands,2,"Outflow: moved out of the associated area, but within England and Wales",6,In a lone parent family: Parent,51
E12000004,East Midlands,2,"Outflow: moved out of the associated area, but within England and Wales",7,In a lone parent family: Dependent child of parent,52
E12000004,East Midlands,2,"Outflow: moved out of the associated area, but within England and Wales",8,In a lone parent family: Non-dependent child of parent,81
E12000004,East Midlands,2,"Outflow: moved out of the associated area, but within England and Wales",9,Living in a communal establishment,603
E12000005,West Midlands,-8,Does not apply,-8,Does not apply,0
E12000005,West Midlands,-8,Does not apply,1,Not in a family: Aged 66 years and over,7598
E12000005,West Midlands,-8,Does not apply,2,Not in a family: Other,94906
E12000005,West Midlands,-8,Does not apply,3,In a couple family: Member of couple,169964
E12000005,West Midlands,-8,Does not apply,4,In a couple family: Dependent child of one or both members of the couple,54274
E12000005,West Midlands,-8,Does not apply,5,In a couple family: Non-dependent child of one or both members of the couple,12967
E12000005,West Midlands,-8,Does not apply,6,In a lone parent family: Parent,24419
E12000005,West Midlands,-8,Does not apply,7,In a lone parent family: Dependent child of parent,31489
E12000005,West Midlands,-8,Does not apply,8,In a lone parent family: Non-dependent child of parent,9730
E12000005,West Midlands,-8,Does not apply,9,Living in a communal establishment,19310
E12000005,West Midlands,1,"Outflow: moved out of the area, but within the associated area",-8,Does not apply,0
E12000005,West Midlands,1,"Outflow: moved out of the area, but within the associated area",1,Not in a family: Aged 66 years and over,1595
E12000005,West Midlands,1,"Outflow: moved out of the area, but within the associated area",2,Not in a family: Other,21449
E12000005,West Midlands,1,"Outflow: moved out of the area, but within the associated area",3,In a couple family: Member of couple,25611
E12000005,West Midlands,1,"Outflow: moved out of the area, but within the associated area",4,In a couple family: Dependent child of one or both members of the couple,4807
E12000005,West Midlands,1,"Outflow: moved out of the area, but within the associated area",5,In a couple family: Non-dependent child of one or both members of the couple,7000
E12000005,West Midlands,1,"Outflow: moved out of the area, but within the associated area",6,In a lone parent family: Parent,1712
E12000005,West Midlands,1,"Outflow: moved out of the area, but within the associated area",7,In a lone parent family: Dependent child of parent,2134
E12000005,West Midlands,1,"Outflow: moved out of the area, but within the associated area",8,In a lone parent family: Non-dependent child of parent,3063
E12000005,West Midlands,1,"Outflow: moved out of the area, but within the associated area",9,Living in a communal establishment,19047
E12000005,West Midlands,2,"Outflow: moved out of the associated area, but within England and Wales",-8,Does not apply,0
E12000005,West Midlands,2,"Outflow: moved out of the associated area, but within England and Wales",1,Not in a family: Aged 66 years and over,221
E12000005,West Midlands,2,"Outflow: moved out of the associated area, but within England and Wales",2,Not in a family: Other,1515
E12000005,West Midlands,2,"Outflow: moved out of the associated area, but within England and Wales",3,In a couple family: Member of couple,2879
E12000005,West Midlands,2,"Outflow: moved out of the associated area, but within England and Wales",4,In a couple family: Dependent child of one or both members of the couple,487
E12000005,West Midlands,2,"Outflow: moved out of the associated area, but within England and Wales",5,In a couple family: Non-dependent child of one or both members of the couple,488
E12000005,West Midlands,2,"Outflow: moved out of the associated area, but within England and Wales",6,In a lone parent family: Parent,213
E12000005,West Midlands,2,"Outflow: moved out of the associated area, but within England and Wales",7,In a lone parent family: Dependent child of parent,272
E12000005,West Midlands,2,"Outflow: moved out of the associated area, but within England and Wales",8,In a lone parent family: Non-dependent child of parent,232
E12000005,West Midlands,2,"Outflow: moved out of the associated area, but within England and Wales",9,Living in a communal establishment,1842
E12000006,East of England,-8,Does not apply,-8,Does not apply,0
E12000006,East of England,-8,Does not apply,1,Not in a family: Aged 66 years and over,8625
E12000006,East of England,-8,Does not apply,2,Not in a family: Other,87330
E12000006,East of England,-8,Does not apply,3,In a couple family: Member of couple,202252
E12000006,East of England,-8,Does not apply,4,In a couple family: Dependent child of one or both members of the couple,60496
E12000006,East of England,-8,Does not apply,5,In a couple family: Non-dependent child of one or both members of the couple,13778
E12000006,East of England,-8,Does not apply,6,In a lone parent family: Parent,23264
E12000006,East of England,-8,Does not apply,7,In a lone parent family: Dependent child of parent,28504
E12000006,East of England,-8,Does not apply,8,In a lone parent family: Non-dependent child of parent,9571
E12000006,East of England,-8,Does not apply,9,Living in a communal establishment,18297
E12000006,East of England,1,"Outflow: moved out of the area, but within the associated area",-8,Does not apply,0
E12000006,East of England,1,"Outflow: moved out of the area, but within the associated area",1,Not in a family: Aged 66 years and over,2340
E12000006,East of England,1,"Outflow: moved out of the area, but within the associated area",2,Not in a family: Other,32383
E12000006,East of England,1,"Outflow: moved out of the area, but within the associated area",3,In a couple family: Member of couple,41481
E12000006,East of England,1,"Outflow: moved out of the area, but within the associated area",4,In a couple family: Dependent child of one or both members of the couple,8438
E12000006,East of England,1,"Outflow: moved out of the area, but within the associated area",5,In a couple family: Non-dependent child of one or both members of the couple,6062
E12000006,East of England,1,"Outflow: moved out of the area, but within the associated area",6,In a lone parent family: Parent,2948
E12000006,East of England,1,"Outflow: moved out of the area, but within the associated area",7,In a lone parent family: Dependent child of parent,3361
E12000006,East of England,1,"Outflow: moved out of the area, but within the associated area",8,In a lone parent family: Non-dependent child of parent,3424
E12000006,East of England,1,"Outflow: moved out of the area, but within the associated area",9,Living in a communal establishment,27009
E12000006,East of England,2,"Outflow: moved out of the associated area, but within England and Wales",-8,Does not apply,0
E12000006,East of England,2,"Outflow: moved out of the associated area, but within England and Wales",1,Not in a family: Aged 66 years and over,102
E12000006,East of England,2,"Outflow: moved out of the associated area, but within England and Wales",2,Not in a family: Other,659
E12000006,East of England,2,"Outflow: moved out of the associated area, but within England and Wales",3,In a couple family: Member of couple,1219
E12000006,East of England,2,"Outflow: moved out of the associated area, but within England and Wales",4,In a couple family: Dependent child of one or both members of the couple,246
E12000006,East of England,2,"Outflow: moved out of the associated area, but within England and Wales",5,In a couple family: Non-dependent child of one or both members of the couple,233
E12000006,East of England,2,"Outflow: moved out of the associated area, but within England and Wales",6,In a lone parent family: Parent,78
E12000006,East of England,2,"Outflow: moved out of the associated area, but within England and Wales",7,In a lone parent family: Dependent child of parent,76
E12000006,East of England,2,"Outflow: moved out of the associated area, but within England and Wales",8,In a lone parent family: Non-dependent child of parent,115
E12000006,East of England,2,"Outflow: moved out of the associated area, but within England and Wales",9,Living in a communal establishment,896
E12000007,London,-8,Does not apply,-8,Does not apply,0
E12000007,London,-8,Does not apply,1,Not in a family: Aged 66 years and over,7497
E12000007,London,-8,Does not apply,2,Not in a family: Other,280873
E12000007,London,-8,Does not apply,3,In a couple family: Member of couple,337053
E12000007,London,-8,Does not apply,4,In a couple family: Dependent child of one or both members of the couple,83531
E12000007,London,-8,Does not apply,5,In a couple family: Non-dependent child of one or both members of the couple,16693
E12000007,London,-8,Does not apply,6,In a lone parent family: Parent,37861
E12000007,London,-8,Does not apply,7,In a lone parent family: Dependent child of parent,44547
E12000007,London,-8,Does not apply,8,In a lone parent family: Non-dependent child of parent,16611
E12000007,London,-8,Does not apply,9,Living in a communal establishment,18831
E12000007,London,1,"Outflow: moved out of the area, but within the associated area",-8,Does not apply,0
E12000007,London,1,"Outflow: moved out of the area, but within the associated area",1,Not in a family: Aged 66 years and over,4759
E12000007,London,1,"Outflow: moved out of the area, but within the associated area",2,Not in a family: Other,58616
E12000007,London,1,"Outflow: moved out of the area, but within the associated area",3,In a couple family: Member of couple,138906
E12000007,London,1,"Outflow: moved out of the area, but within the associated area",4,In a couple family: Dependent child of one or both members of the couple,33011
E12000007,London,1,"Outflow: moved out of the area, but within the associated area",5,In a couple family: Non-dependent child of one or both members of the couple,24920
E12000007,London,1,"Outflow: moved out of the area, but within the associated area",6,In a lone parent family: Parent,8024
E12000007,London,1,"Outflow: moved out of the area, but within the associated area",7,In a lone parent family: Dependent child of parent,8121
E12000007,London,1,"Outflow: moved out of the area, but within the associated area",8,In a lone parent family: Non-dependent child of parent,10534
E12000007,London,1,"Outflow: moved out of the area, but within the associated area",9,Living in a communal establishment,37962
E12000007,London,2,"Outflow: moved out of the associated area, but within England and Wales",-8,Does not apply,0
E12000007,London,2,"Outflow: moved out of the associated area, but within England and Wales",1,Not in a family: Aged 66 years and over,130
E12000007,London,2,"Outflow: moved out of the associated area, but within England and Wales",2,Not in a family: Other,1552
E12000007,London,2,"Outflow: moved out of the associated area, but within England and Wales",3,In a couple family: Member of couple,2266
E12000007,London,2,"Outflow: moved out of the associated area, but within England and Wales",4,In a couple family: Dependent child of one or both members of the couple,402
E12000007,London,2,"Outflow: moved out of the associated area, but within England and Wales",5,In a couple family: Non-dependent child of one or both members of the couple,969
E12000007,London,2,"Outflow: moved out of the associated area, but within England and Wales",6,In a lone parent family: Parent,113
E12000007,London,2,"Outflow: moved out of the associated area, but within England and Wales",7,In a lone parent family: Dependent child of parent,90
E12000007,London,2,"Outflow: moved out of the associated area, but within England and Wales",8,In a lone parent family: Non-dependent child of parent,398
E12000007,London,2,"Outflow: moved out of the associated area, but within England and Wales",9,Living in a communal establishment,966
E12000008,South East,-8,Does not apply,-8,Does not apply,0
E12000008,South East,-8,Does not apply,1,Not in a family: Aged 66 years and over,13481
E12000008,South East,-8,Does not apply,2,Not in a family: Other,162875
E12000008,South East,-8,Does not apply,3,In a couple family: Member of couple,310954
E12000008,South East,-8,Does not apply,4,In a couple family: Dependent child of one or both members of the couple,93484
E12000008,South East,-8,Does not apply,5,In a couple family: Non-dependent child of one or both members of the couple,23021
E12000008,South East,-8,Does not apply,6,In a lone parent family: Parent,33397
E12000008,South East,-8,Does not apply,7,In a lone parent family: Dependent child of parent,41139
E12000008,South East,-8,Does not apply,8,In a lone parent family: Non-dependent child of parent,15247
E12000008,South East,-8,Does not apply,9,Living in a communal establishment,41547
E12000008,South East,1,"Outflow: moved out of the area, but within the associated area",-8,Does not apply,0
E12000008,South East,1,"Outflow: moved out of the area, but within the associated area",1,Not in a family: Aged 66 years and over,3677
E12000008,South East,1,"Outflow: moved out of the area, but within the associated area",2,Not in a family: Other,50879
E12000008,South East,1,"Outflow: moved out of the area, but within the associated area",3,In a couple family: Member of couple,63370
E12000008,South East,1,"Outflow: moved out of the area, but within the associated area",4,In a couple family: Dependent child of one or both members of the couple,12075
E12000008,South East,1,"Outflow: moved out of the area, but within the associated area",5,In a couple family: Non-dependent child of one or both members of the couple,13321
E12000008,South East,1,"Outflow: moved out of the area, but within the associated area",6,In a lone parent family: Parent,3893
E12000008,South East,1,"Outflow: moved out of the area, but within the associated area",7,In a lone parent family: Dependent child of parent,4255
E12000008,South East,1,"Outflow: moved out of the area, but within the associated area",8,In a lone parent family: Non-dependent child of parent,6293
E12000008,South East,1,"Outflow: moved out of the area, but within the associated area",9,Living in a communal establishment,37300
E12000008,South East,2,"Outflow: moved out of the associated area, but within England and Wales",-8,Does not apply,0
E12000008,South East,2,"Outflow: moved out of the associated area, but within England and Wales",1,Not in a family: Aged 66 years and over,213
E12000008,South East,2,"Outflow: moved out of the associated area, but within England and Wales",2,Not in a family: Other,1926
E12000008,South East,2,"Outflow: moved out of the associated area, but within England and Wales",3,In a couple family: Member of couple,3025
E12000008,South East,2,"Outflow: moved out of the associated area, but within England and Wales",4,In a couple family: Dependent child of one or both members of the couple,583
E12000008,South East,2,"Outflow: moved out of the associated area, but within England and Wales",5,In a couple family: Non-dependent child of one or both members of the couple,663
E12000008,South East,2,"Outflow: moved out of the associated area, but within England and Wales",6,In a lone parent family: Parent,152
E12000008,South East,2,"Outflow: moved out of the associated area, but within England and Wales",7,In a lone parent family: Dependent child of parent,159
E12000008,South East,2,"Outflow: moved out of the associated area, but within England and Wales",8,In a lone parent family: Non-dependent child of parent,318
E12000008,South East,2,"Outflow: moved out of the associated area, but within England and Wales",9,Living in a communal establishment,2646
E12000009,South West,-8,Does not apply,-8,Does not apply,0
E12000009,South West,-8,Does not apply,1,Not in a family: Aged 66 years and over,9738
E12000009,South West,-8,Does not apply,2,Not in a family: Other,122188
E12000009,South West,-8,Does not apply,3,In a couple family: Member of couple,201419
E12000009,South West,-8,Does not apply,4,In a couple family: Dependent child of one or both members of the couple,53155
E12000009,South West,-8,Does not apply,5,In a couple family: Non-dependent child of one or both members of the couple,15058
E12000009,South West,-8,Does not apply,6,In a lone parent family: Parent,20058
E12000009,South West,-8,Does not apply,7,In a lone parent family: Dependent child of parent,24875
E12000009,South West,-8,Does not apply,8,In a lone parent family: Non-dependent child of parent,9567
E12000009,South West,-8,Does not apply,9,Living in a communal establishment,24612
E12000009,South West,1,"Outflow: moved out of the area, but within the associated area",-8,Does not apply,0
E12000009,South West,1,"Outflow: moved out of the area, but within the associated area",1,Not in a family: Aged 66 years and over,2106
E12000009,South West,1,"Outflow: moved out of the area, but within the associated area",2,Not in a family: Other,22100
E12000009,South West,1,"Outflow: moved out of the area, but within the associated area",3,In a couple family: Member of couple,25972
E12000009,South West,1,"Outflow: moved out of the area, but within the associated area",4,In a couple family: Dependent child of one or both members of the couple,4504
E12000009,South West,1,"Outflow: moved out of the area, but within the associated area",5,In a couple family: Non-dependent child of one or both members of the couple,9839
E12000009,South West,1,"Outflow: moved out of the area, but within the associated area",6,In a lone parent family: Parent,1593
E12000009,South West,1,"Outflow: moved out of the area, but within the associated area",7,In a lone parent family: Dependent child of parent,1677
E12000009,South West,1,"Outflow: moved out of the area, but within the associated area",8,In a lone parent family: Non-dependent child of parent,3814
E12000009,South West,1,"Outflow: moved out of the area, but within the associated area",9,Living in a communal establishment,16507
E12000009,South West,2,"Outflow: moved out of the associated area, but within England and Wales",-8,Does not apply,0
E12000009,South West,2,"Outflow: moved out of the associated area, but within England and Wales",1,Not in a family: Aged 66 years and over,231
E12000009,South West,2,"Outflow: moved out of the associated area, but within England and Wales",2,Not in a family: Other,2960
E12000009,South West,2,"Outflow: moved out of the associated area, but within England and Wales",3,In a couple family: Member of couple,4397
E12000009,South West,2,"Outflow: moved out of the associated area, but within England and Wales",4,In a couple family: Dependent child of one or both members of the couple,664
E12000009,South West,2,"Outflow: moved out of the associated area, but within England and Wales",5,In a couple family: Non-dependent child of one or both members of the couple,1076
E12000009,South West,2,"Outflow: moved out of the associated area, but within England and Wales",6,In a lone parent family: Parent,237
E12000009,South West,2,"Outflow: moved out of the associated area, but within England and Wales",7,In a lone parent family: Dependent child of parent,203
E12000009,South West,2,"Outflow: moved out of the associated area, but within England and Wales",8,In a lone parent family: Non-dependent child of parent,521
E12000009,South West,2,"Outflow: moved out of the associated area, but within England and Wales",9,Living in a communal establishment,3211
W92000004,Wales,-8,Does not apply,-8,Does not apply,0
W92000004,Wales,-8,Does not apply,1,Not in a family: Aged 66 years and over,4402
W92000004,Wales,-8,Does not apply,2,Not in a family: Other,53424
W92000004,Wales,-8,Does not apply,3,In a couple family: Member of couple,81381
W92000004,Wales,-8,Does not apply,4,In a couple family: Dependent child of one or both members of the couple,23669
W92000004,Wales,-8,Does not apply,5,In a couple family: Non-dependent child of one or both members of the couple,6995
W92000004,Wales,-8,Does not apply,6,In a lone parent family: Parent,13212
W92000004,Wales,-8,Does not apply,7,In a lone parent family: Dependent child of parent,17176
W92000004,Wales,-8,Does not apply,8,In a lone parent family: Non-dependent child of parent,5380
W92000004,Wales,-8,Does not apply,9,Living in a communal establishment,13221
W92000004,Wales,1,"Outflow: moved out of the area, but within the associated area",-8,Does not apply,0
W92000004,Wales,1,"Outflow: moved out of the area, but within the associated area",1,Not in a family: Aged 66 years and over,0
W92000004,Wales,1,"Outflow: moved out of the area, but within the associated area",2,Not in a family: Other,0
W92000004,Wales,1,"Outflow: moved out of the area, but within the associated area",3,In a couple family: Member of couple,0
W92000004,Wales,1,"Outflow: moved out of the area, but within the associated area",4,In a couple family: Dependent child of one or both members of the couple,0
W92000004,Wales,1,"Outflow: moved out of the area, but within the associated area",5,In a couple family: Non-dependent child of one or both members of the couple,0
W92000004,Wales,1,"Outflow: moved out of the area, but within the associated area",6,In a lone parent family: Parent,0
W92000004,Wales,1,"Outflow: moved out of the area, but within the associated area",7,In a lone parent family: Dependent child of parent,0
W92000004,Wales,1,"Outflow: moved out of the area, but within the associated area",8,In a lone parent family: Non-dependent child of parent,0
W92000004,Wales,1,"Outflow: moved out of the area, but within the associated area",9,Living in a communal establishment,0
W92000004,Wales,2,"Outflow: moved out of the associated area, but within England and Wales",-8,Does not apply,0
W92000004,Wales,2,"Outflow: moved out of the associated area, but within England and Wales",1,Not in a family: Aged 66 years and over,994
W92000004,Wales,2,"Outflow: moved out of the associated area, but within England and Wales",2,Not in a family: Other,10733
W92000004,Wales,2,"Outflow: moved out of the associated area, but within England and Wales",3,In a couple family: Member of couple,11982
W92000004,Wales,2,"Outflow: moved out of the associated area, but within England and Wales",4,In a couple family: Dependent child of one or both members of the couple,1816
W92000004,Wales,2,"Outflow: moved out of the associated area, but within England and Wales",5,In a couple family: Non-dependent child of one or both members of the couple,3816
W92000004,Wales,2,"Outflow: moved out of the associated area, but within England and Wales",6,In a lone parent family: Parent,764
W92000004,Wales,2,"Outflow: moved out of the associated area, but within England and Wales",7,In a lone parent family: Dependent child of parent,896
W92000004,Wales,2,"Outflow: moved out of the associated area, but within England and Wales",8,In a lone parent family: Non-dependent child of parent,1493
W92000004,Wales,2,"Outflow: moved out of the associated area, but within England and Wales",9,Living in a communal establishment,9235
