Migrant country one year ago code,Migrant country one year ago label,Migration Country (outflow) (2 categories) code,Migration Country (outflow) (2 categories) label,Family status (10 categories) code,Family status (10 categories) label,Count
-8,Does not apply,-8,Does not apply,-8,Does not apply,0
-8,Does not apply,-8,Does not apply,1,Not in a family: Aged 66 years and over,3477087
-8,Does not apply,-8,Does not apply,2,Not in a family: Other,5413829
-8,Does not apply,-8,Does not apply,3,In a couple family: Member of couple,25002172
-8,Does not apply,-8,Does not apply,4,In a couple family: Dependent child of one or both members of the couple,7939534
-8,Does not apply,-8,Does not apply,5,In a couple family: Non-dependent child of one or both members of the couple,2817427
-8,Does not apply,-8,Does not apply,6,In a lone parent family: Parent,2892991
-8,Does not apply,-8,Does not apply,7,In a lone parent family: Dependent child of parent,2837073
-8,Does not apply,-8,Does not apply,8,In a lone parent family: Non-dependent child of parent,1621142
-8,Does not apply,-8,Does not apply,9,Living in a communal establishment,530790
-8,Does not apply,1,"Outflow: moved out of the area, but within the associated area",-8,Does not apply,0
-8,Does not apply,1,"Outflow: moved out of the area, but within the associated area",1,Not in a family: Aged 66 years and over,0
-8,Does not apply,1,"Outflow: moved out of the area, but within the associated area",2,Not in a family: Other,0
-8,Does not apply,1,"Outflow: moved out of the area, but within the associated area",3,In a couple family: Member of couple,0
-8,Does not apply,1,"Outflow: moved out of the area, but within the associated area",4,In a couple family: Dependent child of one or both members of the couple,0
-8,Does not apply,1,"Outflow: moved out of the area, but within the associated area",5,In a couple family: Non-dependent child of one or both members of the couple,0
-8,Does not apply,1,"Outflow: moved out of the area, but within the associated area",6,In a lone parent family: Parent,0
-8,Does not apply,1,"Outflow: moved out of the area, but within the associated area",7,In a lone parent family: Dependent child of parent,0
-8,Does not apply,1,"Outflow: moved out of the area, but within the associated area",8,In a lone parent family: Non-dependent child of parent,0
-8,Does not apply,1,"Outflow: moved out of the area, but within the associated area",9,Living in a communal establishment,0
999999999,Person with migrant origin outside the UK,-8,Does not apply,-8,Does not apply,0
999999999,Person with migrant origin outside the UK,-8,Does not apply,1,Not in a family: Aged 66 years and over,9771
999999999,Person with migrant origin outside the UK,-8,Does not apply,2,Not in a family: Other,144650
999999999,Person with migrant origin outside the UK,-8,Does not apply,3,In a couple family: Member of couple,182467
999999999,Person with migrant origin outside the UK,-8,Does not apply,4,In a couple family: Dependent child of one or both members of the couple,62506
999999999,Person with migrant origin outside the UK,-8,Does not apply,5,In a couple family: Non-dependent child of one or both members of the couple,30064
999999999,Person with migrant origin outside the UK,-8,Does not apply,6,In a lone parent family: Parent,12420
999999999,Person with migrant origin outside the UK,-8,Does not apply,7,In a lone parent family: Dependent child of parent,15003
999999999,Person with migrant origin outside the UK,-8,Does not apply,8,In a lone parent family: Non-dependent child of parent,15802
999999999,Person with migrant origin outside the UK,-8,Does not apply,9,Living in a communal establishment,72413
999999999,Person with migrant origin outside the UK,1,"Outflow: moved out of the area, but within the associated area",-8,Does not apply,0
999999999,Person with migrant origin outside the UK,1,"Outflow: moved out of the area, but within the associated area",1,Not in a family: Aged 66 years and over,0
999999999,Person with migrant origin outside the UK,1,"Outflow: moved out of the area, but within the associated area",2,Not in a family: Other,0
999999999,Person with migrant origin outside the UK,1,"Outflow: moved out of the area, but within the associated area",3,In a couple family: Member of couple,0
999999999,Person with migrant origin outside the UK,1,"Outflow: moved out of the area, but within the associated area",4,In a couple family: Dependent child of one or both members of the couple,0
999999999,Person with migrant origin outside the UK,1,"Outflow: moved out of the area, but within the associated area",5,In a couple family: Non-dependent child of one or both members of the couple,0
999999999,Person with migrant origin outside the UK,1,"Outflow: moved out of the area, but within the associated area",6,In a lone parent family: Parent,0
999999999,Person with migrant origin outside the UK,1,"Outflow: moved out of the area, but within the associated area",7,In a lone parent family: Dependent child of parent,0
999999999,Person with migrant origin outside the UK,1,"Outflow: moved out of the area, but within the associated area",8,In a lone parent family: Non-dependent child of parent,0
999999999,Person with migrant origin outside the UK,1,"Outflow: moved out of the area, but within the associated area",9,Living in a communal establishment,0
E92000001,England,-8,Does not apply,-8,Does not apply,0
E92000001,England,-8,Does not apply,1,Not in a family: Aged 66 years and over,93282
E92000001,England,-8,Does not apply,2,Not in a family: Other,1396046
E92000001,England,-8,Does not apply,3,In a couple family: Member of couple,2207065
E92000001,England,-8,Does not apply,4,In a couple family: Dependent child of one or both members of the couple,595505
E92000001,England,-8,Does not apply,5,In a couple family: Non-dependent child of one or both members of the couple,215670
E92000001,England,-8,Does not apply,6,In a lone parent family: Parent,247574
E92000001,England,-8,Does not apply,7,In a lone parent family: Dependent child of parent,303874
E92000001,England,-8,Does not apply,8,In a lone parent family: Non-dependent child of parent,133755
E92000001,England,-8,Does not apply,9,Living in a communal establishment,403743
E92000001,England,1,"Outflow: moved out of the area, but within the associated area",-8,Does not apply,0
E92000001,England,1,"Outflow: moved out of the area, but within the associated area",1,Not in a family: Aged 66 years and over,1236
E92000001,England,1,"Outflow: moved out of the area, but within the associated area",2,Not in a family: Other,11280
E92000001,England,1,"Outflow: moved out of the area, but within the associated area",3,In a couple family: Member of couple,19055
E92000001,England,1,"Outflow: moved out of the area, but within the associated area",4,In a couple family: Dependent child of one or both members of the couple,3245
E92000001,England,1,"Outflow: moved out of the area, but within the associated area",5,In a couple family: Non-dependent child of one or both members of the couple,4785
E92000001,England,1,"Outflow: moved out of the area, but within the associated area",6,In a lone parent family: Parent,1115
E92000001,England,1,"Outflow: moved out of the area, but within the associated area",7,In a lone parent family: Dependent child of parent,1174
E92000001,England,1,"Outflow: moved out of the area, but within the associated area",8,In a lone parent family: Non-dependent child of parent,2235
E92000001,England,1,"Outflow: moved out of the area, but within the associated area",9,Living in a communal establishment,11848
W92000004,Wales,-8,Does not apply,-8,Does not apply,0
W92000004,Wales,-8,Does not apply,1,Not in a family: Aged 66 years and over,4402
W92000004,Wales,-8,Does not apply,2,Not in a family: Other,53424
W92000004,Wales,-8,Does not apply,3,In a couple family: Member of couple,81381
W92000004,Wales,-8,Does not apply,4,In a couple family: Dependent child of one or both members of the couple,23669
W92000004,Wales,-8,Does not apply,5,In a couple family: Non-dependent child of one or both members of the couple,6995
W92000004,Wales,-8,Does not apply,6,In a lone parent family: Parent,13212
W92000004,Wales,-8,Does not apply,7,In a lone parent family: Dependent child of parent,17176
W92000004,Wales,-8,Does not apply,8,In a lone parent family: Non-dependent child of parent,5380
W92000004,Wales,-8,Does not apply,9,Living in a communal establishment,13221
W92000004,Wales,1,"Outflow: moved out of the area, but within the associated area",-8,Does not apply,0
W92000004,Wales,1,"Outflow: moved out of the area, but within the associated area",1,Not in a family: Aged 66 years and over,994
W92000004,Wales,1,"Outflow: moved out of the area, but within the associated area",2,Not in a family: Other,10733
W92000004,Wales,1,"Outflow: moved out of the area, but within the associated area",3,In a couple family: Member of couple,11982
W92000004,Wales,1,"Outflow: moved out of the area, but within the associated area",4,In a couple family: Dependent child of one or both members of the couple,1816
W92000004,Wales,1,"Outflow: moved out of the area, but within the associated area",5,In a couple family: Non-dependent child of one or both members of the couple,3816
W92000004,Wales,1,"Outflow: moved out of the area, but within the associated area",6,In a lone parent family: Parent,764
W92000004,Wales,1,"Outflow: moved out of the area, but within the associated area",7,In a lone parent family: Dependent child of parent,896
W92000004,Wales,1,"Outflow: moved out of the area, but within the associated area",8,In a lone parent family: Non-dependent child of parent,1493
W92000004,Wales,1,"Outflow: moved out of the area, but within the associated area",9,Living in a communal establishment,9235
