Countries code,Countries label,Migration Country (inflow) (5 categories) code,Migration Country (inflow) (5 categories) label,Family status (10 categories) code,Family status (10 categories) label,Count
E92000001,England,-8,Does not apply,-8,Does not apply,0
E92000001,England,-8,Does not apply,1,Not in a family: Aged 66 years and over,0
E92000001,England,-8,Does not apply,2,Not in a family: Other,0
E92000001,England,-8,Does not apply,3,In a couple family: Member of couple,0
E92000001,England,-8,Does not apply,4,In a couple family: Dependent child of one or both members of the couple,0
E92000001,England,-8,Does not apply,5,In a couple family: Non-dependent child of one or both members of the couple,0
E92000001,England,-8,Does not apply,6,In a lone parent family: Parent,0
E92000001,England,-8,Does not apply,7,In a lone parent family: Dependent child of parent,0
E92000001,England,-8,Does not apply,8,In a lone parent family: Non-dependent child of parent,0
E92000001,England,-8,Does not apply,9,Living in a communal establishment,0
E92000001,England,1,Lived at the same address one year ago,-8,Does not apply,0
E92000001,England,1,Lived at the same address one year ago,1,Not in a family: Aged 66 years and over,3266404
E92000001,England,1,Lived at the same address one year ago,2,Not in a family: Other,5136050
E92000001,England,1,Lived at the same address one year ago,3,In a couple family: Member of couple,23655033
E92000001,England,1,Lived at the same address one year ago,4,In a couple family: Dependent child of one or both members of the couple,7557342
E92000001,England,1,Lived at the same address one year ago,5,In a couple family: Non-dependent child of one or both members of the couple,2663305
E92000001,England,1,Lived at the same address one year ago,6,In a lone parent family: Parent,2726212
E92000001,England,1,Lived at the same address one year ago,7,In a lone parent family: Dependent child of parent,2674493
E92000001,England,1,Lived at the same address one year ago,8,In a lone parent family: Non-dependent child of parent,1533205
E92000001,England,1,Lived at the same address one year ago,9,Living in a communal establishment,497755
E92000001,England,2,"Inflow: lived elsewhere one year ago, but within the same area",-8,Does not apply,0
E92000001,England,2,"Inflow: lived elsewhere one year ago, but within the same area",1,Not in a family: Aged 66 years and over,93282
E92000001,England,2,"Inflow: lived elsewhere one year ago, but within the same area",2,Not in a family: Other,1396046
E92000001,England,2,"Inflow: lived elsewhere one year ago, but within the same area",3,In a couple family: Member of couple,2207065
E92000001,England,2,"Inflow: lived elsewhere one year ago, but within the same area",4,In a couple family: Dependent child of one or both members of the couple,595505
E92000001,England,2,"Inflow: lived elsewhere one year ago, but within the same area",5,In a couple family: Non-dependent child of one or both members of the couple,215670
E92000001,England,2,"Inflow: lived elsewhere one year ago, but within the same area",6,In a lone parent family: Parent,247574
E92000001,England,2,"Inflow: lived elsewhere one year ago, but within the same area",7,In a lone parent family: Dependent child of parent,303874
E92000001,England,2,"Inflow: lived elsewhere one year ago, but within the same area",8,In a lone parent family: Non-dependent child of parent,133755
E92000001,England,2,"Inflow: lived elsewhere one year ago, but within the same area",9,Living in a communal establishment,403743
E92000001,England,3,"Inflow: lived elsewhere one year ago outside the area, but within the associated area",-8,Does not apply,0
E92000001,England,3,"Inflow: lived elsewhere one year ago outside the area, but within the associated area",1,Not in a family: Aged 66 years and over,1765
E92000001,England,3,"Inflow: lived elsewhere one year ago outside the area, but within the associated area",2,Not in a family: Other,20835
E92000001,England,3,"Inflow: lived elsewhere one year ago outside the area, but within the associated area",3,In a couple family: Member of couple,22516
E92000001,England,3,"Inflow: lived elsewhere one year ago outside the area, but within the associated area",4,In a couple family: Dependent child of one or both members of the couple,3785
E92000001,England,3,"Inflow: lived elsewhere one year ago outside the area, but within the associated area",5,In a couple family: Non-dependent child of one or both members of the couple,6785
E92000001,England,3,"Inflow: lived elsewhere one year ago outside the area, but within the associated area",6,In a lone parent family: Parent,1362
E92000001,England,3,"Inflow: lived elsewhere one year ago outside the area, but within the associated area",7,In a lone parent family: Dependent child of parent,1602
E92000001,England,3,"Inflow: lived elsewhere one year ago outside the area, but within the associated area",8,In a lone parent family: Non-dependent child of parent,2644
E92000001,England,3,"Inflow: lived elsewhere one year ago outside the area, but within the associated area",9,Living in a communal establishment,14689
E92000001,England,4,Inflow: lived elsewhere one year ago outside the UK,-8,Does not apply,0
E92000001,England,4,Inflow: lived elsewhere one year ago outside the UK,1,Not in a family: Aged 66 years and over,9481
E92000001,England,4,Inflow: lived elsewhere one year ago outside the UK,2,Not in a family: Other,141025
E92000001,England,4,Inflow: lived elsewhere one year ago outside the UK,3,In a couple family: Member of couple,177322
E92000001,England,4,Inflow: lived elsewhere one year ago outside the UK,4,In a couple family: Dependent child of one or both members of the couple,60991
E92000001,England,4,Inflow: lived elsewhere one year ago outside the UK,5,In a couple family: Non-dependent child of one or both members of the couple,28865
E92000001,England,4,Inflow: lived elsewhere one year ago outside the UK,6,In a lone parent family: Parent,12097
E92000001,England,4,Inflow: lived elsewhere one year ago outside the UK,7,In a lone parent family: Dependent child of parent,14585
E92000001,England,4,Inflow: lived elsewhere one year ago outside the UK,8,In a lone parent family: Non-dependent child of parent,15263
E92000001,England,4,Inflow: lived elsewhere one year ago outside the UK,9,Living in a communal establishment,69132
W92000004,Wales,-8,Does not apply,-8,Does not apply,0
W92000004,Wales,-8,Does not apply,1,Not in a family: Aged 66 years and over,0
W92000004,Wales,-8,Does not apply,2,Not in a family: Other,0
W92000004,Wales,-8,Does not apply,3,In a couple family: Member of couple,0
W92000004,Wales,-8,Does not apply,4,In a couple family: Dependent child of one or both members of the couple,0
W92000004,Wales,-8,Does not apply,5,In a couple family: Non-dependent child of one or both members of the couple,0
W92000004,Wales,-8,Does not apply,6,In a lone parent family: Parent,0
W92000004,Wales,-8,Does not apply,7,In a lone parent family: Dependent child of parent,0
W92000004,Wales,-8,Does not apply,8,In a lone parent family: Non-dependent child of parent,0
W92000004,Wales,-8,Does not apply,9,Living in a communal establishment,0
W92000004,Wales,1,Lived at the same address one year ago,-8,Does not apply,0
W92000004,Wales,1,Lived at the same address one year ago,1,Not in a family: Aged 66 years and over,209881
W92000004,Wales,1,Lived at the same address one year ago,2,Not in a family: Other,267383
W92000004,Wales,1,Lived at the same address one year ago,3,In a couple family: Member of couple,1336209
W92000004,Wales,1,Lived at the same address one year ago,4,In a couple family: Dependent child of one or both members of the couple,380147
W92000004,Wales,1,Lived at the same address one year ago,5,In a couple family: Non-dependent child of one or both members of the couple,151032
W92000004,Wales,1,Lived at the same address one year ago,6,In a lone parent family: Parent,166166
W92000004,Wales,1,Lived at the same address one year ago,7,In a lone parent family: Dependent child of parent,161857
W92000004,Wales,1,Lived at the same address one year ago,8,In a lone parent family: Non-dependent child of parent,86721
W92000004,Wales,1,Lived at the same address one year ago,9,Living in a communal establishment,27332
W92000004,Wales,2,"Inflow: lived elsewhere one year ago, but within the same area",-8,Does not apply,0
W92000004,Wales,2,"Inflow: lived elsewhere one year ago, but within the same area",1,Not in a family: Aged 66 years and over,4402
W92000004,Wales,2,"Inflow: lived elsewhere one year ago, but within the same area",2,Not in a family: Other,53424
W92000004,Wales,2,"Inflow: lived elsewhere one year ago, but within the same area",3,In a couple family: Member of couple,81381
W92000004,Wales,2,"Inflow: lived elsewhere one year ago, but within the same area",4,In a couple family: Dependent child of one or both members of the couple,23669
W92000004,Wales,2,"Inflow: lived elsewhere one year ago, but within the same area",5,In a couple family: Non-dependent child of one or both members of the couple,6995
W92000004,Wales,2,"Inflow: lived elsewhere one year ago, but within the same area",6,In a lone parent family: Parent,13212
W92000004,Wales,2,"Inflow: lived elsewhere one year ago, but within the same area",7,In a lone parent family: Dependent child of parent,17176
W92000004,Wales,2,"Inflow: lived elsewhere one year ago, but within the same area",8,In a lone parent family: Non-dependent child of parent,5380
W92000004,Wales,2,"Inflow: lived elsewhere one year ago, but within the same area",9,Living in a communal establishment,13221
W92000004,Wales,3,"Inflow: lived elsewhere one year ago outside the area, but within the associated area",-8,Does not apply,0
W92000004,Wales,3,"Inflow: lived elsewhere one year ago outside the area, but within the associated area",1,Not in a family: Aged 66 years and over,1267
W92000004,Wales,3,"Inflow: lived elsewhere one year ago outside the area, but within the associated area",2,Not in a family: Other,11574
W92000004,Wales,3,"Inflow: lived elsewhere one year ago outside the area, but within the associated area",3,In a couple family: Member of couple,19451
W92000004,Wales,3,"Inflow: lived elsewhere one year ago outside the area, but within the associated area",4,In a couple family: Dependent child of one or both members of the couple,3320
W92000004,Wales,3,"Inflow: lived elsewhere one year ago outside the area, but within the associated area",5,In a couple family: Non-dependent child of one or both members of the couple,4906
W92000004,Wales,3,"Inflow: lived elsewhere one year ago outside the area, but within the associated area",6,In a lone parent family: Parent,1130
W92000004,Wales,3,"Inflow: lived elsewhere one year ago outside the area, but within the associated area",7,In a lone parent family: Dependent child of parent,1190
W92000004,Wales,3,"Inflow: lived elsewhere one year ago outside the area, but within the associated area",8,In a lone parent family: Non-dependent child of parent,2302
W92000004,Wales,3,"Inflow: lived elsewhere one year ago outside the area, but within the associated area",9,Living in a communal establishment,12097
W92000004,Wales,4,Inflow: lived elsewhere one year ago outside the UK,-8,Does not apply,0
W92000004,Wales,4,Inflow: lived elsewhere one year ago outside the UK,1,Not in a family: Aged 66 years and over,290
W92000004,Wales,4,Inflow: lived elsewhere one year ago outside the UK,2,Not in a family: Other,3625
W92000004,Wales,4,Inflow: lived elsewhere one year ago outside the UK,3,In a couple family: Member of couple,5145
W92000004,Wales,4,Inflow: lived elsewhere one year ago outside the UK,4,In a couple family: Dependent child of one or both members of the couple,1515
W92000004,Wales,4,Inflow: lived elsewhere one year ago outside the UK,5,In a couple family: Non-dependent child of one or both members of the couple,1199
W92000004,Wales,4,Inflow: lived elsewhere one year ago outside the UK,6,In a lone parent family: Parent,322
W92000004,Wales,4,Inflow: lived elsewhere one year ago outside the UK,7,In a lone parent family: Dependent child of parent,419
W92000004,Wales,4,Inflow: lived elsewhere one year ago outside the UK,8,In a lone parent family: Non-dependent child of parent,539
W92000004,Wales,4,Inflow: lived elsewhere one year ago outside the UK,9,Living in a communal establishment,3281
