Countries code,Countries label,Migration Country (inflow) (5 categories) code,Migration Country (inflow) (5 categories) label,Ethnic group (6 categories) code,Ethnic group (6 categories) label,Age (F) (7 categories) code,Age (F) (7 categories) label,Count
E92000001,England,-8,Does not apply,-8,Does not apply,0,Aged under 1 year,0
E92000001,England,-8,Does not apply,-8,Does not apply,1,Aged 1 to 15 years,0
E92000001,England,-8,Does not apply,-8,Does not apply,2,Aged 16 to 24 years,0
E92000001,England,-8,Does not apply,-8,Does not apply,3,Aged 25 to 34 years,0
E92000001,England,-8,Does not apply,-8,Does not apply,4,Aged 35 to 49 years,0
E92000001,England,-8,Does not apply,-8,Does not apply,5,Aged 50 to 64 years,0
E92000001,England,-8,Does not apply,-8,Does not apply,6,Aged 65 years and over,0
E92000001,England,-8,Does not apply,1,"Asian, Asian British or Asian Welsh",0,Aged under 1 year,0
E92000001,England,-8,Does not apply,1,"Asian, Asian British or Asian Welsh",1,Aged 1 to 15 years,0
E92000001,England,-8,Does not apply,1,"Asian, Asian British or Asian Welsh",2,Aged 16 to 24 years,0
E92000001,England,-8,Does not apply,1,"Asian, Asian British or Asian Welsh",3,Aged 25 to 34 years,0
E92000001,England,-8,Does not apply,1,"Asian, Asian British or Asian Welsh",4,Aged 35 to 49 years,0
E92000001,England,-8,Does not apply,1,"Asian, Asian British or Asian Welsh",5,Aged 50 to 64 years,0
E92000001,England,-8,Does not apply,1,"Asian, Asian British or Asian Welsh",6,Aged 65 years and over,0
E92000001,England,-8,Does not apply,2,"Black, Black British, Black Welsh, Caribbean or African",0,Aged under 1 year,0
E92000001,England,-8,Does not apply,2,"Black, Black British, Black Welsh, Caribbean or African",1,Aged 1 to 15 years,0
E92000001,England,-8,Does not apply,2,"Black, Black British, Black Welsh, Caribbean or African",2,Aged 16 to 24 years,0
E92000001,England,-8,Does not apply,2,"Black, Black British, Black Welsh, Caribbean or African",3,Aged 25 to 34 years,0
E92000001,England,-8,Does not apply,2,"Black, Black British, Black Welsh, Caribbean or African",4,Aged 35 to 49 years,0
E92000001,England,-8,Does not apply,2,"Black, Black British, Black Welsh, Caribbean or African",5,Aged 50 to 64 years,0
E92000001,England,-8,Does not apply,2,"Black, Black British, Black Welsh, Caribbean or African",6,Aged 65 years and over,0
E92000001,England,-8,Does not apply,3,Mixed or Multiple ethnic groups,0,Aged under 1 year,0
E92000001,England,-8,Does not apply,3,Mixed or Multiple ethnic groups,1,Aged 1 to 15 years,0
E92000001,England,-8,Does not apply,3,Mixed or Multiple ethnic groups,2,Aged 16 to 24 years,0
E92000001,England,-8,Does not apply,3,Mixed or Multiple ethnic groups,3,Aged 25 to 34 years,0
E92000001,England,-8,Does not apply,3,Mixed or Multiple ethnic groups,4,Aged 35 to 49 years,0
E92000001,England,-8,Does not apply,3,Mixed or Multiple ethnic groups,5,Aged 50 to 64 years,0
E92000001,England,-8,Does not apply,3,Mixed or Multiple ethnic groups,6,Aged 65 years and over,0
E92000001,England,-8,Does not apply,4,White,0,Aged under 1 year,0
E92000001,England,-8,Does not apply,4,White,1,Aged 1 to 15 years,0
E92000001,England,-8,Does not apply,4,White,2,Aged 16 to 24 years,0
E92000001,England,-8,Does not apply,4,White,3,Aged 25 to 34 years,0
E92000001,England,-8,Does not apply,4,White,4,Aged 35 to 49 years,0
E92000001,England,-8,Does not apply,4,White,5,Aged 50 to 64 years,0
E92000001,England,-8,Does not apply,4,White,6,Aged 65 years and over,0
E92000001,England,-8,Does not apply,5,Other ethnic group,0,Aged under 1 year,0
E92000001,England,-8,Does not apply,5,Other ethnic group,1,Aged 1 to 15 years,0
E92000001,England,-8,Does not apply,5,Other ethnic group,2,Aged 16 to 24 years,0
E92000001,England,-8,Does not apply,5,Other ethnic group,3,Aged 25 to 34 years,0
E92000001,England,-8,Does not apply,5,Other ethnic group,4,Aged 35 to 49 years,0
E92000001,England,-8,Does not apply,5,Other ethnic group,5,Aged 50 to 64 years,0
E92000001,England,-8,Does not apply,5,Other ethnic group,6,Aged 65 years and over,0
E92000001,England,1,Lived at the same address one year ago,-8,Does not apply,0,Aged under 1 year,0
E92000001,England,1,Lived at the same address one year ago,-8,Does not apply,1,Aged 1 to 15 years,0
E92000001,England,1,Lived at the same address one year ago,-8,Does not apply,2,Aged 16 to 24 years,0
E92000001,England,1,Lived at the same address one year ago,-8,Does not apply,3,Aged 25 to 34 years,0
E92000001,England,1,Lived at the same address one year ago,-8,Does not apply,4,Aged 35 to 49 years,0
E92000001,England,1,Lived at the same address one year ago,-8,Does not apply,5,Aged 50 to 64 years,0
E92000001,England,1,Lived at the same address one year ago,-8,Does not apply,6,Aged 65 years and over,0
E92000001,England,1,Lived at the same address one year ago,1,"Asian, Asian British or Asian Welsh",0,Aged under 1 year,0
E92000001,England,1,Lived at the same address one year ago,1,"Asian, Asian British or Asian Welsh",1,Aged 1 to 15 years,1098510
E92000001,England,1,Lived at the same address one year ago,1,"Asian, Asian British or Asian Welsh",2,Aged 16 to 24 years,558179
E92000001,England,1,Lived at the same address one year ago,1,"Asian, Asian British or Asian Welsh",3,Aged 25 to 34 years,685092
E92000001,England,1,Lived at the same address one year ago,1,"Asian, Asian British or Asian Welsh",4,Aged 35 to 49 years,1236159
E92000001,England,1,Lived at the same address one year ago,1,"Asian, Asian British or Asian Welsh",5,Aged 50 to 64 years,676452
E92000001,England,1,Lived at the same address one year ago,1,"Asian, Asian British or Asian Welsh",6,Aged 65 years and over,394907
E92000001,England,1,Lived at the same address one year ago,2,"Black, Black British, Black Welsh, Caribbean or African",0,Aged under 1 year,0
E92000001,England,1,Lived at the same address one year ago,2,"Black, Black British, Black Welsh, Caribbean or African",1,Aged 1 to 15 years,499291
E92000001,England,1,Lived at the same address one year ago,2,"Black, Black British, Black Welsh, Caribbean or African",2,Aged 16 to 24 years,261361
E92000001,England,1,Lived at the same address one year ago,2,"Black, Black British, Black Welsh, Caribbean or African",3,Aged 25 to 34 years,263787
E92000001,England,1,Lived at the same address one year ago,2,"Black, Black British, Black Welsh, Caribbean or African",4,Aged 35 to 49 years,456733
E92000001,England,1,Lived at the same address one year ago,2,"Black, Black British, Black Welsh, Caribbean or African",5,Aged 50 to 64 years,414642
E92000001,England,1,Lived at the same address one year ago,2,"Black, Black British, Black Welsh, Caribbean or African",6,Aged 65 years and over,148200
E92000001,England,1,Lived at the same address one year ago,3,Mixed or Multiple ethnic groups,0,Aged under 1 year,0
E92000001,England,1,Lived at the same address one year ago,3,Mixed or Multiple ethnic groups,1,Aged 1 to 15 years,611283
E92000001,England,1,Lived at the same address one year ago,3,Mixed or Multiple ethnic groups,2,Aged 16 to 24 years,203350
E92000001,England,1,Lived at the same address one year ago,3,Mixed or Multiple ethnic groups,3,Aged 25 to 34 years,187211
E92000001,England,1,Lived at the same address one year ago,3,Mixed or Multiple ethnic groups,4,Aged 35 to 49 years,201193
E92000001,England,1,Lived at the same address one year ago,3,Mixed or Multiple ethnic groups,5,Aged 50 to 64 years,123819
E92000001,England,1,Lived at the same address one year ago,3,Mixed or Multiple ethnic groups,6,Aged 65 years and over,42343
E92000001,England,1,Lived at the same address one year ago,4,White,0,Aged under 1 year,0
E92000001,England,1,Lived at the same address one year ago,4,White,1,Aged 1 to 15 years,6522411
E92000001,England,1,Lived at the same address one year ago,4,White,2,Aged 16 to 24 years,3279190
E92000001,England,1,Lived at the same address one year ago,4,White,3,Aged 25 to 34 years,4670235
E92000001,England,1,Lived at the same address one year ago,4,White,4,Aged 35 to 49 years,7721925
E92000001,England,1,Lived at the same address one year ago,4,White,5,Aged 50 to 64 years,9025868
E92000001,England,1,Lived at the same address one year ago,4,White,6,Aged 65 years and over,9404761
E92000001,England,1,Lived at the same address one year ago,5,Other ethnic group,0,Aged under 1 year,0
E92000001,England,1,Lived at the same address one year ago,5,Other ethnic group,1,Aged 1 to 15 years,229437
E92000001,England,1,Lived at the same address one year ago,5,Other ethnic group,2,Aged 16 to 24 years,116872
E92000001,England,1,Lived at the same address one year ago,5,Other ethnic group,3,Aged 25 to 34 years,156204
E92000001,England,1,Lived at the same address one year ago,5,Other ethnic group,4,Aged 35 to 49 years,270917
E92000001,England,1,Lived at the same address one year ago,5,Other ethnic group,5,Aged 50 to 64 years,164675
E92000001,England,1,Lived at the same address one year ago,5,Other ethnic group,6,Aged 65 years and over,84794
E92000001,England,2,"Inflow: lived elsewhere one year ago, but within the same area",-8,Does not apply,0,Aged under 1 year,0
E92000001,England,2,"Inflow: lived elsewhere one year ago, but within the same area",-8,Does not apply,1,Aged 1 to 15 years,0
E92000001,England,2,"Inflow: lived elsewhere one year ago, but within the same area",-8,Does not apply,2,Aged 16 to 24 years,0
E92000001,England,2,"Inflow: lived elsewhere one year ago, but within the same area",-8,Does not apply,3,Aged 25 to 34 years,0
E92000001,England,2,"Inflow: lived elsewhere one year ago, but within the same area",-8,Does not apply,4,Aged 35 to 49 years,0
E92000001,England,2,"Inflow: lived elsewhere one year ago, but within the same area",-8,Does not apply,5,Aged 50 to 64 years,0
E92000001,England,2,"Inflow: lived elsewhere one year ago, but within the same area",-8,Does not apply,6,Aged 65 years and over,0
E92000001,England,2,"Inflow: lived elsewhere one year ago, but within the same area",1,"Asian, Asian British or Asian Welsh",0,Aged under 1 year,0
E92000001,England,2,"Inflow: lived elsewhere one year ago, but within the same area",1,"Asian, Asian British or Asian Welsh",1,Aged 1 to 15 years,98217
E92000001,England,2,"Inflow: lived elsewhere one year ago, but within the same area",1,"Asian, Asian British or Asian Welsh",2,Aged 16 to 24 years,130110
E92000001,England,2,"Inflow: lived elsewhere one year ago, but within the same area",1,"Asian, Asian British or Asian Welsh",3,Aged 25 to 34 years,150025
E92000001,England,2,"Inflow: lived elsewhere one year ago, but within the same area",1,"Asian, Asian British or Asian Welsh",4,Aged 35 to 49 years,122565
E92000001,England,2,"Inflow: lived elsewhere one year ago, but within the same area",1,"Asian, Asian British or Asian Welsh",5,Aged 50 to 64 years,31260
E92000001,England,2,"Inflow: lived elsewhere one year ago, but within the same area",1,"Asian, Asian British or Asian Welsh",6,Aged 65 years and over,11361
E92000001,England,2,"Inflow: lived elsewhere one year ago, but within the same area",2,"Black, Black British, Black Welsh, Caribbean or African",0,Aged under 1 year,0
E92000001,England,2,"Inflow: lived elsewhere one year ago, but within the same area",2,"Black, Black British, Black Welsh, Caribbean or African",1,Aged 1 to 15 years,50915
E92000001,England,2,"Inflow: lived elsewhere one year ago, but within the same area",2,"Black, Black British, Black Welsh, Caribbean or African",2,Aged 16 to 24 years,71246
E92000001,England,2,"Inflow: lived elsewhere one year ago, but within the same area",2,"Black, Black British, Black Welsh, Caribbean or African",3,Aged 25 to 34 years,59295
E92000001,England,2,"Inflow: lived elsewhere one year ago, but within the same area",2,"Black, Black British, Black Welsh, Caribbean or African",4,Aged 35 to 49 years,52010
E92000001,England,2,"Inflow: lived elsewhere one year ago, but within the same area",2,"Black, Black British, Black Welsh, Caribbean or African",5,Aged 50 to 64 years,22066
E92000001,England,2,"Inflow: lived elsewhere one year ago, but within the same area",2,"Black, Black British, Black Welsh, Caribbean or African",6,Aged 65 years and over,4703
E92000001,England,2,"Inflow: lived elsewhere one year ago, but within the same area",3,Mixed or Multiple ethnic groups,0,Aged under 1 year,0
E92000001,England,2,"Inflow: lived elsewhere one year ago, but within the same area",3,Mixed or Multiple ethnic groups,1,Aged 1 to 15 years,65940
E92000001,England,2,"Inflow: lived elsewhere one year ago, but within the same area",3,Mixed or Multiple ethnic groups,2,Aged 16 to 24 years,69179
E92000001,England,2,"Inflow: lived elsewhere one year ago, but within the same area",3,Mixed or Multiple ethnic groups,3,Aged 25 to 34 years,55616
E92000001,England,2,"Inflow: lived elsewhere one year ago, but within the same area",3,Mixed or Multiple ethnic groups,4,Aged 35 to 49 years,27139
E92000001,England,2,"Inflow: lived elsewhere one year ago, but within the same area",3,Mixed or Multiple ethnic groups,5,Aged 50 to 64 years,7779
E92000001,England,2,"Inflow: lived elsewhere one year ago, but within the same area",3,Mixed or Multiple ethnic groups,6,Aged 65 years and over,1636
E92000001,England,2,"Inflow: lived elsewhere one year ago, but within the same area",4,White,0,Aged under 1 year,0
E92000001,England,2,"Inflow: lived elsewhere one year ago, but within the same area",4,White,1,Aged 1 to 15 years,620855
E92000001,England,2,"Inflow: lived elsewhere one year ago, but within the same area",4,White,2,Aged 16 to 24 years,1104932
E92000001,England,2,"Inflow: lived elsewhere one year ago, but within the same area",4,White,3,Aged 25 to 34 years,1222741
E92000001,England,2,"Inflow: lived elsewhere one year ago, but within the same area",4,White,4,Aged 35 to 49 years,750483
E92000001,England,2,"Inflow: lived elsewhere one year ago, but within the same area",4,White,5,Aged 50 to 64 years,440507
E92000001,England,2,"Inflow: lived elsewhere one year ago, but within the same area",4,White,6,Aged 65 years and over,277181
E92000001,England,2,"Inflow: lived elsewhere one year ago, but within the same area",5,Other ethnic group,0,Aged under 1 year,0
E92000001,England,2,"Inflow: lived elsewhere one year ago, but within the same area",5,Other ethnic group,1,Aged 1 to 15 years,25990
E92000001,England,2,"Inflow: lived elsewhere one year ago, but within the same area",5,Other ethnic group,2,Aged 16 to 24 years,30845
E92000001,England,2,"Inflow: lived elsewhere one year ago, but within the same area",5,Other ethnic group,3,Aged 25 to 34 years,42109
E92000001,England,2,"Inflow: lived elsewhere one year ago, but within the same area",5,Other ethnic group,4,Aged 35 to 49 years,35809
E92000001,England,2,"Inflow: lived elsewhere one year ago, but within the same area",5,Other ethnic group,5,Aged 50 to 64 years,10949
E92000001,England,2,"Inflow: lived elsewhere one year ago, but within the same area",5,Other ethnic group,6,Aged 65 years and over,3051
E92000001,England,3,"Inflow: lived elsewhere one year ago outside the area, but within the associated area",-8,Does not apply,0,Aged under 1 year,0
E92000001,England,3,"Inflow: lived elsewhere one year ago outside the area, but within the associated area",-8,Does not apply,1,Aged 1 to 15 years,0
E92000001,England,3,"Inflow: lived elsewhere one year ago outside the area, but within the associated area",-8,Does not apply,2,Aged 16 to 24 years,0
E92000001,England,3,"Inflow: lived elsewhere one year ago outside the area, but within the associated area",-8,Does not apply,3,Aged 25 to 34 years,0
E92000001,England,3,"Inflow: lived elsewhere one year ago outside the area, but within the associated area",-8,Does not apply,4,Aged 35 to 49 years,0
E92000001,England,3,"Inflow: lived elsewhere one year ago outside the area, but within the associated area",-8,Does not apply,5,Aged 50 to 64 years,0
E92000001,England,3,"Inflow: lived elsewhere one year ago outside the area, but within the associated area",-8,Does not apply,6,Aged 65 years and over,0
E92000001,England,3,"Inflow: lived elsewhere one year ago outside the area, but within the associated area",1,"Asian, Asian British or Asian Welsh",0,Aged under 1 year,0
E92000001,England,3,"Inflow: lived elsewhere one year ago outside the area, but within the associated area",1,"Asian, Asian British or Asian Welsh",1,Aged 1 to 15 years,673
E92000001,England,3,"Inflow: lived elsewhere one year ago outside the area, but within the associated area",1,"Asian, Asian British or Asian Welsh",2,Aged 16 to 24 years,2226
E92000001,England,3,"Inflow: lived elsewhere one year ago outside the area, but within the associated area",1,"Asian, Asian British or Asian Welsh",3,Aged 25 to 34 years,1738
E92000001,England,3,"Inflow: lived elsewhere one year ago outside the area, but within the associated area",1,"Asian, Asian British or Asian Welsh",4,Aged 35 to 49 years,950
E92000001,England,3,"Inflow: lived elsewhere one year ago outside the area, but within the associated area",1,"Asian, Asian British or Asian Welsh",5,Aged 50 to 64 years,236
E92000001,England,3,"Inflow: lived elsewhere one year ago outside the area, but within the associated area",1,"Asian, Asian British or Asian Welsh",6,Aged 65 years and over,111
E92000001,England,3,"Inflow: lived elsewhere one year ago outside the area, but within the associated area",2,"Black, Black British, Black Welsh, Caribbean or African",0,Aged under 1 year,0
E92000001,England,3,"Inflow: lived elsewhere one year ago outside the area, but within the associated area",2,"Black, Black British, Black Welsh, Caribbean or African",1,Aged 1 to 15 years,380
E92000001,England,3,"Inflow: lived elsewhere one year ago outside the area, but within the associated area",2,"Black, Black British, Black Welsh, Caribbean or African",2,Aged 16 to 24 years,655
E92000001,England,3,"Inflow: lived elsewhere one year ago outside the area, but within the associated area",2,"Black, Black British, Black Welsh, Caribbean or African",3,Aged 25 to 34 years,647
E92000001,England,3,"Inflow: lived elsewhere one year ago outside the area, but within the associated area",2,"Black, Black British, Black Welsh, Caribbean or African",4,Aged 35 to 49 years,493
E92000001,England,3,"Inflow: lived elsewhere one year ago outside the area, but within the associated area",2,"Black, Black British, Black Welsh, Caribbean or African",5,Aged 50 to 64 years,105
E92000001,England,3,"Inflow: lived elsewhere one year ago outside the area, but within the associated area",2,"Black, Black British, Black Welsh, Caribbean or African",6,Aged 65 years and over,25
E92000001,England,3,"Inflow: lived elsewhere one year ago outside the area, but within the associated area",3,Mixed or Multiple ethnic groups,0,Aged under 1 year,0
E92000001,England,3,"Inflow: lived elsewhere one year ago outside the area, but within the associated area",3,Mixed or Multiple ethnic groups,1,Aged 1 to 15 years,291
E92000001,England,3,"Inflow: lived elsewhere one year ago outside the area, but within the associated area",3,Mixed or Multiple ethnic groups,2,Aged 16 to 24 years,1239
E92000001,England,3,"Inflow: lived elsewhere one year ago outside the area, but within the associated area",3,Mixed or Multiple ethnic groups,3,Aged 25 to 34 years,542
E92000001,England,3,"Inflow: lived elsewhere one year ago outside the area, but within the associated area",3,Mixed or Multiple ethnic groups,4,Aged 35 to 49 years,192
E92000001,England,3,"Inflow: lived elsewhere one year ago outside the area, but within the associated area",3,Mixed or Multiple ethnic groups,5,Aged 50 to 64 years,67
E92000001,England,3,"Inflow: lived elsewhere one year ago outside the area, but within the associated area",3,Mixed or Multiple ethnic groups,6,Aged 65 years and over,13
E92000001,England,3,"Inflow: lived elsewhere one year ago outside the area, but within the associated area",4,White,0,Aged under 1 year,0
E92000001,England,3,"Inflow: lived elsewhere one year ago outside the area, but within the associated area",4,White,1,Aged 1 to 15 years,3690
E92000001,England,3,"Inflow: lived elsewhere one year ago outside the area, but within the associated area",4,White,2,Aged 16 to 24 years,28723
E92000001,England,3,"Inflow: lived elsewhere one year ago outside the area, but within the associated area",4,White,3,Aged 25 to 34 years,14453
E92000001,England,3,"Inflow: lived elsewhere one year ago outside the area, but within the associated area",4,White,4,Aged 35 to 49 years,6373
E92000001,England,3,"Inflow: lived elsewhere one year ago outside the area, but within the associated area",4,White,5,Aged 50 to 64 years,5318
E92000001,England,3,"Inflow: lived elsewhere one year ago outside the area, but within the associated area",4,White,6,Aged 65 years and over,4888
E92000001,England,3,"Inflow: lived elsewhere one year ago outside the area, but within the associated area",5,Other ethnic group,0,Aged under 1 year,0
E92000001,England,3,"Inflow: lived elsewhere one year ago outside the area, but within the associated area",5,Other ethnic group,1,Aged 1 to 15 years,352
E92000001,England,3,"Inflow: lived elsewhere one year ago outside the area, but within the associated area",5,Other ethnic group,2,Aged 16 to 24 years,482
E92000001,England,3,"Inflow: lived elsewhere one year ago outside the area, but within the associated area",5,Other ethnic group,3,Aged 25 to 34 years,611
E92000001,England,3,"Inflow: lived elsewhere one year ago outside the area, but within the associated area",5,Other ethnic group,4,Aged 35 to 49 years,391
E92000001,England,3,"Inflow: lived elsewhere one year ago outside the area, but within the associated area",5,Other ethnic group,5,Aged 50 to 64 years,87
E92000001,England,3,"Inflow: lived elsewhere one year ago outside the area, but within the associated area",5,Other ethnic group,6,Aged 65 years and over,34
E92000001,England,4,Inflow: lived elsewhere one year ago outside the UK,-8,Does not apply,0,Aged under 1 year,0
E92000001,England,4,Inflow: lived elsewhere one year ago outside the UK,-8,Does not apply,1,Aged 1 to 15 years,0
E92000001,England,4,Inflow: lived elsewhere one year ago outside the UK,-8,Does not apply,2,Aged 16 to 24 years,0
E92000001,England,4,Inflow: lived elsewhere one year ago outside the UK,-8,Does not apply,3,Aged 25 to 34 years,0
E92000001,England,4,Inflow: lived elsewhere one year ago outside the UK,-8,Does not apply,4,Aged 35 to 49 years,0
E92000001,England,4,Inflow: lived elsewhere one year ago outside the UK,-8,Does not apply,5,Aged 50 to 64 years,0
E92000001,England,4,Inflow: lived elsewhere one year ago outside the UK,-8,Does not apply,6,Aged 65 years and over,0
E92000001,England,4,Inflow: lived elsewhere one year ago outside the UK,1,"Asian, Asian British or Asian Welsh",0,Aged under 1 year,0
E92000001,England,4,Inflow: lived elsewhere one year ago outside the UK,1,"Asian, Asian British or Asian Welsh",1,Aged 1 to 15 years,24183
E92000001,England,4,Inflow: lived elsewhere one year ago outside the UK,1,"Asian, Asian British or Asian Welsh",2,Aged 16 to 24 years,42246
E92000001,England,4,Inflow: lived elsewhere one year ago outside the UK,1,"Asian, Asian British or Asian Welsh",3,Aged 25 to 34 years,50513
E92000001,England,4,Inflow: lived elsewhere one year ago outside the UK,1,"Asian, Asian British or Asian Welsh",4,Aged 35 to 49 years,27147
E92000001,England,4,Inflow: lived elsewhere one year ago outside the UK,1,"Asian, Asian British or Asian Welsh",5,Aged 50 to 64 years,8799
E92000001,England,4,Inflow: lived elsewhere one year ago outside the UK,1,"Asian, Asian British or Asian Welsh",6,Aged 65 years and over,4314
E92000001,England,4,Inflow: lived elsewhere one year ago outside the UK,2,"Black, Black British, Black Welsh, Caribbean or African",0,Aged under 1 year,0
E92000001,England,4,Inflow: lived elsewhere one year ago outside the UK,2,"Black, Black British, Black Welsh, Caribbean or African",1,Aged 1 to 15 years,10245
E92000001,England,4,Inflow: lived elsewhere one year ago outside the UK,2,"Black, Black British, Black Welsh, Caribbean or African",2,Aged 16 to 24 years,8799
E92000001,England,4,Inflow: lived elsewhere one year ago outside the UK,2,"Black, Black British, Black Welsh, Caribbean or African",3,Aged 25 to 34 years,13440
E92000001,England,4,Inflow: lived elsewhere one year ago outside the UK,2,"Black, Black British, Black Welsh, Caribbean or African",4,Aged 35 to 49 years,9937
E92000001,England,4,Inflow: lived elsewhere one year ago outside the UK,2,"Black, Black British, Black Welsh, Caribbean or African",5,Aged 50 to 64 years,2861
E92000001,England,4,Inflow: lived elsewhere one year ago outside the UK,2,"Black, Black British, Black Welsh, Caribbean or African",6,Aged 65 years and over,1282
E92000001,England,4,Inflow: lived elsewhere one year ago outside the UK,3,Mixed or Multiple ethnic groups,0,Aged under 1 year,0
E92000001,England,4,Inflow: lived elsewhere one year ago outside the UK,3,Mixed or Multiple ethnic groups,1,Aged 1 to 15 years,5666
E92000001,England,4,Inflow: lived elsewhere one year ago outside the UK,3,Mixed or Multiple ethnic groups,2,Aged 16 to 24 years,6104
E92000001,England,4,Inflow: lived elsewhere one year ago outside the UK,3,Mixed or Multiple ethnic groups,3,Aged 25 to 34 years,6035
E92000001,England,4,Inflow: lived elsewhere one year ago outside the UK,3,Mixed or Multiple ethnic groups,4,Aged 35 to 49 years,3321
E92000001,England,4,Inflow: lived elsewhere one year ago outside the UK,3,Mixed or Multiple ethnic groups,5,Aged 50 to 64 years,1148
E92000001,England,4,Inflow: lived elsewhere one year ago outside the UK,3,Mixed or Multiple ethnic groups,6,Aged 65 years and over,283
E92000001,England,4,Inflow: lived elsewhere one year ago outside the UK,4,White,0,Aged under 1 year,0
E92000001,England,4,Inflow: lived elsewhere one year ago outside the UK,4,White,1,Aged 1 to 15 years,27667
E92000001,England,4,Inflow: lived elsewhere one year ago outside the UK,4,White,2,Aged 16 to 24 years,64593
E92000001,England,4,Inflow: lived elsewhere one year ago outside the UK,4,White,3,Aged 25 to 34 years,75402
E92000001,England,4,Inflow: lived elsewhere one year ago outside the UK,4,White,4,Aged 35 to 49 years,46498
E92000001,England,4,Inflow: lived elsewhere one year ago outside the UK,4,White,5,Aged 50 to 64 years,31019
E92000001,England,4,Inflow: lived elsewhere one year ago outside the UK,4,White,6,Aged 65 years and over,16334
E92000001,England,4,Inflow: lived elsewhere one year ago outside the UK,5,Other ethnic group,0,Aged under 1 year,0
E92000001,England,4,Inflow: lived elsewhere one year ago outside the UK,5,Other ethnic group,1,Aged 1 to 15 years,8107
E92000001,England,4,Inflow: lived elsewhere one year ago outside the UK,5,Other ethnic group,2,Aged 16 to 24 years,8902
E92000001,England,4,Inflow: lived elsewhere one year ago outside the UK,5,Other ethnic group,3,Aged 25 to 34 years,12169
E92000001,England,4,Inflow: lived elsewhere one year ago outside the UK,5,Other ethnic group,4,Aged 35 to 49 years,8204
E92000001,England,4,Inflow: lived elsewhere one year ago outside the UK,5,Other ethnic group,5,Aged 50 to 64 years,2463
E92000001,England,4,Inflow: lived elsewhere one year ago outside the UK,5,Other ethnic group,6,Aged 65 years and over,1080
W92000004,Wales,-8,Does not apply,-8,Does not apply,0,Aged under 1 year,0
W92000004,Wales,-8,Does not apply,-8,Does not apply,1,Aged 1 to 15 years,0
W92000004,Wales,-8,Does not apply,-8,Does not apply,2,Aged 16 to 24 years,0
W92000004,Wales,-8,Does not apply,-8,Does not apply,3,Aged 25 to 34 years,0
W92000004,Wales,-8,Does not apply,-8,Does not apply,4,Aged 35 to 49 years,0
W92000004,Wales,-8,Does not apply,-8,Does not apply,5,Aged 50 to 64 years,0
W92000004,Wales,-8,Does not apply,-8,Does not apply,6,Aged 65 years and over,0
W92000004,Wales,-8,Does not apply,1,"Asian, Asian British or Asian Welsh",0,Aged under 1 year,0
W92000004,Wales,-8,Does not apply,1,"Asian, Asian British or Asian Welsh",1,Aged 1 to 15 years,0
W92000004,Wales,-8,Does not apply,1,"Asian, Asian British or Asian Welsh",2,Aged 16 to 24 years,0
W92000004,Wales,-8,Does not apply,1,"Asian, Asian British or Asian Welsh",3,Aged 25 to 34 years,0
W92000004,Wales,-8,Does not apply,1,"Asian, Asian British or Asian Welsh",4,Aged 35 to 49 years,0
W92000004,Wales,-8,Does not apply,1,"Asian, Asian British or Asian Welsh",5,Aged 50 to 64 years,0
W92000004,Wales,-8,Does not apply,1,"Asian, Asian British or Asian Welsh",6,Aged 65 years and over,0
W92000004,Wales,-8,Does not apply,2,"Black, Black British, Black Welsh, Caribbean or African",0,Aged under 1 year,0
W92000004,Wales,-8,Does not apply,2,"Black, Black British, Black Welsh, Caribbean or African",1,Aged 1 to 15 years,0
W92000004,Wales,-8,Does not apply,2,"Black, Black British, Black Welsh, Caribbean or African",2,Aged 16 to 24 years,0
W92000004,Wales,-8,Does not apply,2,"Black, Black British, Black Welsh, Caribbean or African",3,Aged 25 to 34 years,0
W92000004,Wales,-8,Does not apply,2,"Black, Black British, Black Welsh, Caribbean or African",4,Aged 35 to 49 years,0
W92000004,Wales,-8,Does not apply,2,"Black, Black British, Black Welsh, Caribbean or African",5,Aged 50 to 64 years,0
W92000004,Wales,-8,Does not apply,2,"Black, Black British, Black Welsh, Caribbean or African",6,Aged 65 years and over,0
W92000004,Wales,-8,Does not apply,3,Mixed or Multiple ethnic groups,0,Aged under 1 year,0
W92000004,Wales,-8,Does not apply,3,Mixed or Multiple ethnic groups,1,Aged 1 to 15 years,0
W92000004,Wales,-8,Does not apply,3,Mixed or Multiple ethnic groups,2,Aged 16 to 24 years,0
W92000004,Wales,-8,Does not apply,3,Mixed or Multiple ethnic groups,3,Aged 25 to 34 years,0
W92000004,Wales,-8,Does not apply,3,Mixed or Multiple ethnic groups,4,Aged 35 to 49 years,0
W92000004,Wales,-8,Does not apply,3,Mixed or Multiple ethnic groups,5,Aged 50 to 64 years,0
W92000004,Wales,-8,Does not apply,3,Mixed or Multiple ethnic groups,6,Aged 65 years and over,0
W92000004,Wales,-8,Does not apply,4,White,0,Aged under 1 year,0
W92000004,Wales,-8,Does not apply,4,White,1,Aged 1 to 15 years,0
W92000004,Wales,-8,Does not apply,4,White,2,Aged 16 to 24 years,0
W92000004,Wales,-8,Does not apply,4,White,3,Aged 25 to 34 years,0
W92000004,Wales,-8,Does not apply,4,White,4,Aged 35 to 49 years,0
W92000004,Wales,-8,Does not apply,4,White,5,Aged 50 to 64 years,0
W92000004,Wales,-8,Does not apply,4,White,6,Aged 65 years and over,0
W92000004,Wales,-8,Does not apply,5,Other ethnic group,0,Aged under 1 year,0
W92000004,Wales,-8,Does not apply,5,Other ethnic group,1,Aged 1 to 15 years,0
W92000004,Wales,-8,Does not apply,5,Other ethnic group,2,Aged 16 to 24 years,0
W92000004,Wales,-8,Does not apply,5,Other ethnic group,3,Aged 25 to 34 years,0
W92000004,Wales,-8,Does not apply,5,Other ethnic group,4,Aged 35 to 49 years,0
W92000004,Wales,-8,Does not apply,5,Other ethnic group,5,Aged 50 to 64 years,0
W92000004,Wales,-8,Does not apply,5,Other ethnic group,6,Aged 65 years and over,0
W92000004,Wales,1,Lived at the same address one year ago,-8,Does not apply,0,Aged under 1 year,0
W92000004,Wales,1,Lived at the same address one year ago,-8,Does not apply,1,Aged 1 to 15 years,0
W92000004,Wales,1,Lived at the same address one year ago,-8,Does not apply,2,Aged 16 to 24 years,0
W92000004,Wales,1,Lived at the same address one year ago,-8,Does not apply,3,Aged 25 to 34 years,0
W92000004,Wales,1,Lived at the same address one year ago,-8,Does not apply,4,Aged 35 to 49 years,0
W92000004,Wales,1,Lived at the same address one year ago,-8,Does not apply,5,Aged 50 to 64 years,0
W92000004,Wales,1,Lived at the same address one year ago,-8,Does not apply,6,Aged 65 years and over,0
W92000004,Wales,1,Lived at the same address one year ago,1,"Asian, Asian British or Asian Welsh",0,Aged under 1 year,0
W92000004,Wales,1,Lived at the same address one year ago,1,"Asian, Asian British or Asian Welsh",1,Aged 1 to 15 years,17116
W92000004,Wales,1,Lived at the same address one year ago,1,"Asian, Asian British or Asian Welsh",2,Aged 16 to 24 years,9373
W92000004,Wales,1,Lived at the same address one year ago,1,"Asian, Asian British or Asian Welsh",3,Aged 25 to 34 years,10319
W92000004,Wales,1,Lived at the same address one year ago,1,"Asian, Asian British or Asian Welsh",4,Aged 35 to 49 years,19654
W92000004,Wales,1,Lived at the same address one year ago,1,"Asian, Asian British or Asian Welsh",5,Aged 50 to 64 years,10908
W92000004,Wales,1,Lived at the same address one year ago,1,"Asian, Asian British or Asian Welsh",6,Aged 65 years and over,4915
W92000004,Wales,1,Lived at the same address one year ago,2,"Black, Black British, Black Welsh, Caribbean or African",0,Aged under 1 year,0
W92000004,Wales,1,Lived at the same address one year ago,2,"Black, Black British, Black Welsh, Caribbean or African",1,Aged 1 to 15 years,5685
W92000004,Wales,1,Lived at the same address one year ago,2,"Black, Black British, Black Welsh, Caribbean or African",2,Aged 16 to 24 years,2833
W92000004,Wales,1,Lived at the same address one year ago,2,"Black, Black British, Black Welsh, Caribbean or African",3,Aged 25 to 34 years,2955
W92000004,Wales,1,Lived at the same address one year ago,2,"Black, Black British, Black Welsh, Caribbean or African",4,Aged 35 to 49 years,5473
W92000004,Wales,1,Lived at the same address one year ago,2,"Black, Black British, Black Welsh, Caribbean or African",5,Aged 50 to 64 years,3343
W92000004,Wales,1,Lived at the same address one year ago,2,"Black, Black British, Black Welsh, Caribbean or African",6,Aged 65 years and over,1277
W92000004,Wales,1,Lived at the same address one year ago,3,Mixed or Multiple ethnic groups,0,Aged under 1 year,0
W92000004,Wales,1,Lived at the same address one year ago,3,Mixed or Multiple ethnic groups,1,Aged 1 to 15 years,16867
W92000004,Wales,1,Lived at the same address one year ago,3,Mixed or Multiple ethnic groups,2,Aged 16 to 24 years,5626
W92000004,Wales,1,Lived at the same address one year ago,3,Mixed or Multiple ethnic groups,3,Aged 25 to 34 years,5254
W92000004,Wales,1,Lived at the same address one year ago,3,Mixed or Multiple ethnic groups,4,Aged 35 to 49 years,5949
W92000004,Wales,1,Lived at the same address one year ago,3,Mixed or Multiple ethnic groups,5,Aged 50 to 64 years,4341
W92000004,Wales,1,Lived at the same address one year ago,3,Mixed or Multiple ethnic groups,6,Aged 65 years and over,1978
W92000004,Wales,1,Lived at the same address one year ago,4,White,0,Aged under 1 year,0
W92000004,Wales,1,Lived at the same address one year ago,4,White,1,Aged 1 to 15 years,429229
W92000004,Wales,1,Lived at the same address one year ago,4,White,2,Aged 16 to 24 years,223094
W92000004,Wales,1,Lived at the same address one year ago,4,White,3,Aged 25 to 34 years,289854
W92000004,Wales,1,Lived at the same address one year ago,4,White,4,Aged 35 to 49 years,467669
W92000004,Wales,1,Lived at the same address one year ago,4,White,5,Aged 50 to 64 years,587966
W92000004,Wales,1,Lived at the same address one year ago,4,White,6,Aged 65 years and over,634049
W92000004,Wales,1,Lived at the same address one year ago,5,Other ethnic group,0,Aged under 1 year,0
W92000004,Wales,1,Lived at the same address one year ago,5,Other ethnic group,1,Aged 1 to 15 years,5607
W92000004,Wales,1,Lived at the same address one year ago,5,Other ethnic group,2,Aged 16 to 24 years,2672
W92000004,Wales,1,Lived at the same address one year ago,5,Other ethnic group,3,Aged 25 to 34 years,3366
W92000004,Wales,1,Lived at the same address one year ago,5,Other ethnic group,4,Aged 35 to 49 years,5386
W92000004,Wales,1,Lived at the same address one year ago,5,Other ethnic group,5,Aged 50 to 64 years,2798
W92000004,Wales,1,Lived at the same address one year ago,5,Other ethnic group,6,Aged 65 years and over,1174
W92000004,Wales,2,"Inflow: lived elsewhere one year ago, but within the same area",-8,Does not apply,0,Aged under 1 year,0
W92000004,Wales,2,"Inflow: lived elsewhere one year ago, but within the same area",-8,Does not apply,1,Aged 1 to 15 years,0
W92000004,Wales,2,"Inflow: lived elsewhere one year ago, but within the same area",-8,Does not apply,2,Aged 16 to 24 years,0
W92000004,Wales,2,"Inflow: lived elsewhere one year ago, but within the same area",-8,Does not apply,3,Aged 25 to 34 years,0
W92000004,Wales,2,"Inflow: lived elsewhere one year ago, but within the same area",-8,Does not apply,4,Aged 35 to 49 years,0
W92000004,Wales,2,"Inflow: lived elsewhere one year ago, but within the same area",-8,Does not apply,5,Aged 50 to 64 years,0
W92000004,Wales,2,"Inflow: lived elsewhere one year ago, but within the same area",-8,Does not apply,6,Aged 65 years and over,0
W92000004,Wales,2,"Inflow: lived elsewhere one year ago, but within the same area",1,"Asian, Asian British or Asian Welsh",0,Aged under 1 year,0
W92000004,Wales,2,"Inflow: lived elsewhere one year ago, but within the same area",1,"Asian, Asian British or Asian Welsh",1,Aged 1 to 15 years,1394
W92000004,Wales,2,"Inflow: lived elsewhere one year ago, but within the same area",1,"Asian, Asian British or Asian Welsh",2,Aged 16 to 24 years,2724
W92000004,Wales,2,"Inflow: lived elsewhere one year ago, but within the same area",1,"Asian, Asian British or Asian Welsh",3,Aged 25 to 34 years,1926
W92000004,Wales,2,"Inflow: lived elsewhere one year ago, but within the same area",1,"Asian, Asian British or Asian Welsh",4,Aged 35 to 49 years,1578
W92000004,Wales,2,"Inflow: lived elsewhere one year ago, but within the same area",1,"Asian, Asian British or Asian Welsh",5,Aged 50 to 64 years,391
W92000004,Wales,2,"Inflow: lived elsewhere one year ago, but within the same area",1,"Asian, Asian British or Asian Welsh",6,Aged 65 years and over,131
W92000004,Wales,2,"Inflow: lived elsewhere one year ago, but within the same area",2,"Black, Black British, Black Welsh, Caribbean or African",0,Aged under 1 year,0
W92000004,Wales,2,"Inflow: lived elsewhere one year ago, but within the same area",2,"Black, Black British, Black Welsh, Caribbean or African",1,Aged 1 to 15 years,556
W92000004,Wales,2,"Inflow: lived elsewhere one year ago, but within the same area",2,"Black, Black British, Black Welsh, Caribbean or African",2,Aged 16 to 24 years,901
W92000004,Wales,2,"Inflow: lived elsewhere one year ago, but within the same area",2,"Black, Black British, Black Welsh, Caribbean or African",3,Aged 25 to 34 years,766
W92000004,Wales,2,"Inflow: lived elsewhere one year ago, but within the same area",2,"Black, Black British, Black Welsh, Caribbean or African",4,Aged 35 to 49 years,535
W92000004,Wales,2,"Inflow: lived elsewhere one year ago, but within the same area",2,"Black, Black British, Black Welsh, Caribbean or African",5,Aged 50 to 64 years,159
W92000004,Wales,2,"Inflow: lived elsewhere one year ago, but within the same area",2,"Black, Black British, Black Welsh, Caribbean or African",6,Aged 65 years and over,28
W92000004,Wales,2,"Inflow: lived elsewhere one year ago, but within the same area",3,Mixed or Multiple ethnic groups,0,Aged under 1 year,0
W92000004,Wales,2,"Inflow: lived elsewhere one year ago, but within the same area",3,Mixed or Multiple ethnic groups,1,Aged 1 to 15 years,1581
W92000004,Wales,2,"Inflow: lived elsewhere one year ago, but within the same area",3,Mixed or Multiple ethnic groups,2,Aged 16 to 24 years,1652
W92000004,Wales,2,"Inflow: lived elsewhere one year ago, but within the same area",3,Mixed or Multiple ethnic groups,3,Aged 25 to 34 years,1019
W92000004,Wales,2,"Inflow: lived elsewhere one year ago, but within the same area",3,Mixed or Multiple ethnic groups,4,Aged 35 to 49 years,483
W92000004,Wales,2,"Inflow: lived elsewhere one year ago, but within the same area",3,Mixed or Multiple ethnic groups,5,Aged 50 to 64 years,235
W92000004,Wales,2,"Inflow: lived elsewhere one year ago, but within the same area",3,Mixed or Multiple ethnic groups,6,Aged 65 years and over,61
W92000004,Wales,2,"Inflow: lived elsewhere one year ago, but within the same area",4,White,0,Aged under 1 year,0
W92000004,Wales,2,"Inflow: lived elsewhere one year ago, but within the same area",4,White,1,Aged 1 to 15 years,34705
W92000004,Wales,2,"Inflow: lived elsewhere one year ago, but within the same area",4,White,2,Aged 16 to 24 years,52655
W92000004,Wales,2,"Inflow: lived elsewhere one year ago, but within the same area",4,White,3,Aged 25 to 34 years,49545
W92000004,Wales,2,"Inflow: lived elsewhere one year ago, but within the same area",4,White,4,Aged 35 to 49 years,30491
W92000004,Wales,2,"Inflow: lived elsewhere one year ago, but within the same area",4,White,5,Aged 50 to 64 years,19018
W92000004,Wales,2,"Inflow: lived elsewhere one year ago, but within the same area",4,White,6,Aged 65 years and over,13467
W92000004,Wales,2,"Inflow: lived elsewhere one year ago, but within the same area",5,Other ethnic group,0,Aged under 1 year,0
W92000004,Wales,2,"Inflow: lived elsewhere one year ago, but within the same area",5,Other ethnic group,1,Aged 1 to 15 years,591
W92000004,Wales,2,"Inflow: lived elsewhere one year ago, but within the same area",5,Other ethnic group,2,Aged 16 to 24 years,704
W92000004,Wales,2,"Inflow: lived elsewhere one year ago, but within the same area",5,Other ethnic group,3,Aged 25 to 34 years,825
W92000004,Wales,2,"Inflow: lived elsewhere one year ago, but within the same area",5,Other ethnic group,4,Aged 35 to 49 years,562
W92000004,Wales,2,"Inflow: lived elsewhere one year ago, but within the same area",5,Other ethnic group,5,Aged 50 to 64 years,138
W92000004,Wales,2,"Inflow: lived elsewhere one year ago, but within the same area",5,Other ethnic group,6,Aged 65 years and over,39
W92000004,Wales,3,"Inflow: lived elsewhere one year ago outside the area, but within the associated area",-8,Does not apply,0,Aged under 1 year,0
W92000004,Wales,3,"Inflow: lived elsewhere one year ago outside the area, but within the associated area",-8,Does not apply,1,Aged 1 to 15 years,0
W92000004,Wales,3,"Inflow: lived elsewhere one year ago outside the area, but within the associated area",-8,Does not apply,2,Aged 16 to 24 years,0
W92000004,Wales,3,"Inflow: lived elsewhere one year ago outside the area, but within the associated area",-8,Does not apply,3,Aged 25 to 34 years,0
W92000004,Wales,3,"Inflow: lived elsewhere one year ago outside the area, but within the associated area",-8,Does not apply,4,Aged 35 to 49 years,0
W92000004,Wales,3,"Inflow: lived elsewhere one year ago outside the area, but within the associated area",-8,Does not apply,5,Aged 50 to 64 years,0
W92000004,Wales,3,"Inflow: lived elsewhere one year ago outside the area, but within the associated area",-8,Does not apply,6,Aged 65 years and over,0
W92000004,Wales,3,"Inflow: lived elsewhere one year ago outside the area, but within the associated area",1,"Asian, Asian British or Asian Welsh",0,Aged under 1 year,0
W92000004,Wales,3,"Inflow: lived elsewhere one year ago outside the area, but within the associated area",1,"Asian, Asian British or Asian Welsh",1,Aged 1 to 15 years,259
W92000004,Wales,3,"Inflow: lived elsewhere one year ago outside the area, but within the associated area",1,"Asian, Asian British or Asian Welsh",2,Aged 16 to 24 years,1488
W92000004,Wales,3,"Inflow: lived elsewhere one year ago outside the area, but within the associated area",1,"Asian, Asian British or Asian Welsh",3,Aged 25 to 34 years,792
W92000004,Wales,3,"Inflow: lived elsewhere one year ago outside the area, but within the associated area",1,"Asian, Asian British or Asian Welsh",4,Aged 35 to 49 years,490
W92000004,Wales,3,"Inflow: lived elsewhere one year ago outside the area, but within the associated area",1,"Asian, Asian British or Asian Welsh",5,Aged 50 to 64 years,171
W92000004,Wales,3,"Inflow: lived elsewhere one year ago outside the area, but within the associated area",1,"Asian, Asian British or Asian Welsh",6,Aged 65 years and over,44
W92000004,Wales,3,"Inflow: lived elsewhere one year ago outside the area, but within the associated area",2,"Black, Black British, Black Welsh, Caribbean or African",0,Aged under 1 year,0
W92000004,Wales,3,"Inflow: lived elsewhere one year ago outside the area, but within the associated area",2,"Black, Black British, Black Welsh, Caribbean or African",1,Aged 1 to 15 years,135
W92000004,Wales,3,"Inflow: lived elsewhere one year ago outside the area, but within the associated area",2,"Black, Black British, Black Welsh, Caribbean or African",2,Aged 16 to 24 years,494
W92000004,Wales,3,"Inflow: lived elsewhere one year ago outside the area, but within the associated area",2,"Black, Black British, Black Welsh, Caribbean or African",3,Aged 25 to 34 years,260
W92000004,Wales,3,"Inflow: lived elsewhere one year ago outside the area, but within the associated area",2,"Black, Black British, Black Welsh, Caribbean or African",4,Aged 35 to 49 years,220
W92000004,Wales,3,"Inflow: lived elsewhere one year ago outside the area, but within the associated area",2,"Black, Black British, Black Welsh, Caribbean or African",5,Aged 50 to 64 years,96
W92000004,Wales,3,"Inflow: lived elsewhere one year ago outside the area, but within the associated area",2,"Black, Black British, Black Welsh, Caribbean or African",6,Aged 65 years and over,21
W92000004,Wales,3,"Inflow: lived elsewhere one year ago outside the area, but within the associated area",3,Mixed or Multiple ethnic groups,0,Aged under 1 year,0
W92000004,Wales,3,"Inflow: lived elsewhere one year ago outside the area, but within the associated area",3,Mixed or Multiple ethnic groups,1,Aged 1 to 15 years,291
W92000004,Wales,3,"Inflow: lived elsewhere one year ago outside the area, but within the associated area",3,Mixed or Multiple ethnic groups,2,Aged 16 to 24 years,899
W92000004,Wales,3,"Inflow: lived elsewhere one year ago outside the area, but within the associated area",3,Mixed or Multiple ethnic groups,3,Aged 25 to 34 years,369
W92000004,Wales,3,"Inflow: lived elsewhere one year ago outside the area, but within the associated area",3,Mixed or Multiple ethnic groups,4,Aged 35 to 49 years,167
W92000004,Wales,3,"Inflow: lived elsewhere one year ago outside the area, but within the associated area",3,Mixed or Multiple ethnic groups,5,Aged 50 to 64 years,76
W92000004,Wales,3,"Inflow: lived elsewhere one year ago outside the area, but within the associated area",3,Mixed or Multiple ethnic groups,6,Aged 65 years and over,15
W92000004,Wales,3,"Inflow: lived elsewhere one year ago outside the area, but within the associated area",4,White,0,Aged under 1 year,0
W92000004,Wales,3,"Inflow: lived elsewhere one year ago outside the area, but within the associated area",4,White,1,Aged 1 to 15 years,3645
W92000004,Wales,3,"Inflow: lived elsewhere one year ago outside the area, but within the associated area",4,White,2,Aged 16 to 24 years,19123
W92000004,Wales,3,"Inflow: lived elsewhere one year ago outside the area, but within the associated area",4,White,3,Aged 25 to 34 years,10205
W92000004,Wales,3,"Inflow: lived elsewhere one year ago outside the area, but within the associated area",4,White,4,Aged 35 to 49 years,6178
W92000004,Wales,3,"Inflow: lived elsewhere one year ago outside the area, but within the associated area",4,White,5,Aged 50 to 64 years,6846
W92000004,Wales,3,"Inflow: lived elsewhere one year ago outside the area, but within the associated area",4,White,6,Aged 65 years and over,3972
W92000004,Wales,3,"Inflow: lived elsewhere one year ago outside the area, but within the associated area",5,Other ethnic group,0,Aged under 1 year,0
W92000004,Wales,3,"Inflow: lived elsewhere one year ago outside the area, but within the associated area",5,Other ethnic group,1,Aged 1 to 15 years,159
W92000004,Wales,3,"Inflow: lived elsewhere one year ago outside the area, but within the associated area",5,Other ethnic group,2,Aged 16 to 24 years,292
W92000004,Wales,3,"Inflow: lived elsewhere one year ago outside the area, but within the associated area",5,Other ethnic group,3,Aged 25 to 34 years,291
W92000004,Wales,3,"Inflow: lived elsewhere one year ago outside the area, but within the associated area",5,Other ethnic group,4,Aged 35 to 49 years,179
W92000004,Wales,3,"Inflow: lived elsewhere one year ago outside the area, but within the associated area",5,Other ethnic group,5,Aged 50 to 64 years,47
W92000004,Wales,3,"Inflow: lived elsewhere one year ago outside the area, but within the associated area",5,Other ethnic group,6,Aged 65 years and over,14
W92000004,Wales,4,Inflow: lived elsewhere one year ago outside the UK,-8,Does not apply,0,Aged under 1 year,0
W92000004,Wales,4,Inflow: lived elsewhere one year ago outside the UK,-8,Does not apply,1,Aged 1 to 15 years,0
W92000004,Wales,4,Inflow: lived elsewhere one year ago outside the UK,-8,Does not apply,2,Aged 16 to 24 years,0
W92000004,Wales,4,Inflow: lived elsewhere one year ago outside the UK,-8,Does not apply,3,Aged 25 to 34 years,0
W92000004,Wales,4,Inflow: lived elsewhere one year ago outside the UK,-8,Does not apply,4,Aged 35 to 49 years,0
W92000004,Wales,4,Inflow: lived elsewhere one year ago outside the UK,-8,Does not apply,5,Aged 50 to 64 years,0
W92000004,Wales,4,Inflow: lived elsewhere one year ago outside the UK,-8,Does not apply,6,Aged 65 years and over,0
W92000004,Wales,4,Inflow: lived elsewhere one year ago outside the UK,1,"Asian, Asian British or Asian Welsh",0,Aged under 1 year,0
W92000004,Wales,4,Inflow: lived elsewhere one year ago outside the UK,1,"Asian, Asian British or Asian Welsh",1,Aged 1 to 15 years,530
W92000004,Wales,4,Inflow: lived elsewhere one year ago outside the UK,1,"Asian, Asian British or Asian Welsh",2,Aged 16 to 24 years,1527
W92000004,Wales,4,Inflow: lived elsewhere one year ago outside the UK,1,"Asian, Asian British or Asian Welsh",3,Aged 25 to 34 years,1540
W92000004,Wales,4,Inflow: lived elsewhere one year ago outside the UK,1,"Asian, Asian British or Asian Welsh",4,Aged 35 to 49 years,675
W92000004,Wales,4,Inflow: lived elsewhere one year ago outside the UK,1,"Asian, Asian British or Asian Welsh",5,Aged 50 to 64 years,128
W92000004,Wales,4,Inflow: lived elsewhere one year ago outside the UK,1,"Asian, Asian British or Asian Welsh",6,Aged 65 years and over,57
W92000004,Wales,4,Inflow: lived elsewhere one year ago outside the UK,2,"Black, Black British, Black Welsh, Caribbean or African",0,Aged under 1 year,0
W92000004,Wales,4,Inflow: lived elsewhere one year ago outside the UK,2,"Black, Black British, Black Welsh, Caribbean or African",1,Aged 1 to 15 years,286
W92000004,Wales,4,Inflow: lived elsewhere one year ago outside the UK,2,"Black, Black British, Black Welsh, Caribbean or African",2,Aged 16 to 24 years,301
W92000004,Wales,4,Inflow: lived elsewhere one year ago outside the UK,2,"Black, Black British, Black Welsh, Caribbean or African",3,Aged 25 to 34 years,492
W92000004,Wales,4,Inflow: lived elsewhere one year ago outside the UK,2,"Black, Black British, Black Welsh, Caribbean or African",4,Aged 35 to 49 years,298
W92000004,Wales,4,Inflow: lived elsewhere one year ago outside the UK,2,"Black, Black British, Black Welsh, Caribbean or African",5,Aged 50 to 64 years,39
W92000004,Wales,4,Inflow: lived elsewhere one year ago outside the UK,2,"Black, Black British, Black Welsh, Caribbean or African",6,Aged 65 years and over,17
W92000004,Wales,4,Inflow: lived elsewhere one year ago outside the UK,3,Mixed or Multiple ethnic groups,0,Aged under 1 year,0
W92000004,Wales,4,Inflow: lived elsewhere one year ago outside the UK,3,Mixed or Multiple ethnic groups,1,Aged 1 to 15 years,174
W92000004,Wales,4,Inflow: lived elsewhere one year ago outside the UK,3,Mixed or Multiple ethnic groups,2,Aged 16 to 24 years,169
W92000004,Wales,4,Inflow: lived elsewhere one year ago outside the UK,3,Mixed or Multiple ethnic groups,3,Aged 25 to 34 years,121
W92000004,Wales,4,Inflow: lived elsewhere one year ago outside the UK,3,Mixed or Multiple ethnic groups,4,Aged 35 to 49 years,85
W92000004,Wales,4,Inflow: lived elsewhere one year ago outside the UK,3,Mixed or Multiple ethnic groups,5,Aged 50 to 64 years,17
W92000004,Wales,4,Inflow: lived elsewhere one year ago outside the UK,3,Mixed or Multiple ethnic groups,6,Aged 65 years and over,12
W92000004,Wales,4,Inflow: lived elsewhere one year ago outside the UK,4,White,0,Aged under 1 year,0
W92000004,Wales,4,Inflow: lived elsewhere one year ago outside the UK,4,White,1,Aged 1 to 15 years,696
W92000004,Wales,4,Inflow: lived elsewhere one year ago outside the UK,4,White,2,Aged 16 to 24 years,2261
W92000004,Wales,4,Inflow: lived elsewhere one year ago outside the UK,4,White,3,Aged 25 to 34 years,2348
W92000004,Wales,4,Inflow: lived elsewhere one year ago outside the UK,4,White,4,Aged 35 to 49 years,1393
W92000004,Wales,4,Inflow: lived elsewhere one year ago outside the UK,4,White,5,Aged 50 to 64 years,1191
W92000004,Wales,4,Inflow: lived elsewhere one year ago outside the UK,4,White,6,Aged 65 years and over,754
W92000004,Wales,4,Inflow: lived elsewhere one year ago outside the UK,5,Other ethnic group,0,Aged under 1 year,0
W92000004,Wales,4,Inflow: lived elsewhere one year ago outside the UK,5,Other ethnic group,1,Aged 1 to 15 years,236
W92000004,Wales,4,Inflow: lived elsewhere one year ago outside the UK,5,Other ethnic group,2,Aged 16 to 24 years,294
W92000004,Wales,4,Inflow: lived elsewhere one year ago outside the UK,5,Other ethnic group,3,Aged 25 to 34 years,428
W92000004,Wales,4,Inflow: lived elsewhere one year ago outside the UK,5,Other ethnic group,4,Aged 35 to 49 years,197
W92000004,Wales,4,Inflow: lived elsewhere one year ago outside the UK,5,Other ethnic group,5,Aged 50 to 64 years,50
W92000004,Wales,4,Inflow: lived elsewhere one year ago outside the UK,5,Other ethnic group,6,Aged 65 years and over,19
