England and Wales code,England and Wales label,Migration National (inflow) (4 categories) code,Migration National (inflow) (4 categories) label,Ethnic group (6 categories) code,Ethnic group (6 categories) label,Age (F) (7 categories) code,Age (F) (7 categories) label,Count
K04000001,England and Wales,-8,Does not apply,-8,Does not apply,0,Aged under 1 year,0
K04000001,England and Wales,-8,Does not apply,-8,Does not apply,1,Aged 1 to 15 years,0
K04000001,England and Wales,-8,Does not apply,-8,Does not apply,2,Aged 16 to 24 years,0
K04000001,England and Wales,-8,Does not apply,-8,Does not apply,3,Aged 25 to 34 years,0
K04000001,England and Wales,-8,Does not apply,-8,Does not apply,4,Aged 35 to 49 years,0
K04000001,England and Wales,-8,Does not apply,-8,Does not apply,5,Aged 50 to 64 years,0
K04000001,England and Wales,-8,Does not apply,-8,Does not apply,6,Aged 65 years and over,0
K04000001,England and Wales,-8,Does not apply,1,"Asian, Asian British or Asian Welsh",0,Aged under 1 year,0
K04000001,England and Wales,-8,Does not apply,1,"Asian, Asian British or Asian Welsh",1,Aged 1 to 15 years,0
K04000001,England and Wales,-8,Does not apply,1,"Asian, Asian British or Asian Welsh",2,Aged 16 to 24 years,0
K04000001,England and Wales,-8,Does not apply,1,"Asian, Asian British or Asian Welsh",3,Aged 25 to 34 years,0
K04000001,England and Wales,-8,Does not apply,1,"Asian, Asian British or Asian Welsh",4,Aged 35 to 49 years,0
K04000001,England and Wales,-8,Does not apply,1,"Asian, Asian British or Asian Welsh",5,Aged 50 to 64 years,0
K04000001,England and Wales,-8,Does not apply,1,"Asian, Asian British or Asian Welsh",6,Aged 65 years and over,0
K04000001,England and Wales,-8,Does not apply,2,"Black, Black British, Black Welsh, Caribbean or African",0,Aged under 1 year,0
K04000001,England and Wales,-8,Does not apply,2,"Black, Black British, Black Welsh, Caribbean or African",1,Aged 1 to 15 years,0
K04000001,England and Wales,-8,Does not apply,2,"Black, Black British, Black Welsh, Caribbean or African",2,Aged 16 to 24 years,0
K04000001,England and Wales,-8,Does not apply,2,"Black, Black British, Black Welsh, Caribbean or African",3,Aged 25 to 34 years,0
K04000001,England and Wales,-8,Does not apply,2,"Black, Black British, Black Welsh, Caribbean or African",4,Aged 35 to 49 years,0
K04000001,England and Wales,-8,Does not apply,2,"Black, Black British, Black Welsh, Caribbean or African",5,Aged 50 to 64 years,0
K04000001,England and Wales,-8,Does not apply,2,"Black, Black British, Black Welsh, Caribbean or African",6,Aged 65 years and over,0
K04000001,England and Wales,-8,Does not apply,3,Mixed or Multiple ethnic groups,0,Aged under 1 year,0
K04000001,England and Wales,-8,Does not apply,3,Mixed or Multiple ethnic groups,1,Aged 1 to 15 years,0
K04000001,England and Wales,-8,Does not apply,3,Mixed or Multiple ethnic groups,2,Aged 16 to 24 years,0
K04000001,England and Wales,-8,Does not apply,3,Mixed or Multiple ethnic groups,3,Aged 25 to 34 years,0
K04000001,England and Wales,-8,Does not apply,3,Mixed or Multiple ethnic groups,4,Aged 35 to 49 years,0
K04000001,England and Wales,-8,Does not apply,3,Mixed or Multiple ethnic groups,5,Aged 50 to 64 years,0
K04000001,England and Wales,-8,Does not apply,3,Mixed or Multiple ethnic groups,6,Aged 65 years and over,0
K04000001,England and Wales,-8,Does not apply,4,White,0,Aged under 1 year,0
K04000001,England and Wales,-8,Does not apply,4,White,1,Aged 1 to 15 years,0
K04000001,England and Wales,-8,Does not apply,4,White,2,Aged 16 to 24 years,0
K04000001,England and Wales,-8,Does not apply,4,White,3,Aged 25 to 34 years,0
K04000001,England and Wales,-8,Does not apply,4,White,4,Aged 35 to 49 years,0
K04000001,England and Wales,-8,Does not apply,4,White,5,Aged 50 to 64 years,0
K04000001,England and Wales,-8,Does not apply,4,White,6,Aged 65 years and over,0
K04000001,England and Wales,-8,Does not apply,5,Other ethnic group,0,Aged under 1 year,0
K04000001,England and Wales,-8,Does not apply,5,Other ethnic group,1,Aged 1 to 15 years,0
K04000001,England and Wales,-8,Does not apply,5,Other ethnic group,2,Aged 16 to 24 years,0
K04000001,England and Wales,-8,Does not apply,5,Other ethnic group,3,Aged 25 to 34 years,0
K04000001,England and Wales,-8,Does not apply,5,Other ethnic group,4,Aged 35 to 49 years,0
K04000001,England and Wales,-8,Does not apply,5,Other ethnic group,5,Aged 50 to 64 years,0
K04000001,England and Wales,-8,Does not apply,5,Other ethnic group,6,Aged 65 years and over,0
K04000001,England and Wales,1,Lived at the same address one year ago,-8,Does not apply,0,Aged under 1 year,0
K04000001,England and Wales,1,Lived at the same address one year ago,-8,Does not apply,1,Aged 1 to 15 years,0
K04000001,England and Wales,1,Lived at the same address one year ago,-8,Does not apply,2,Aged 16 to 24 years,0
K04000001,England and Wales,1,Lived at the same address one year ago,-8,Does not apply,3,Aged 25 to 34 years,0
K04000001,England and Wales,1,Lived at the same address one year ago,-8,Does not apply,4,Aged 35 to 49 years,0
K04000001,England and Wales,1,Lived at the same address one year ago,-8,Does not apply,5,Aged 50 to 64 years,0
K04000001,England and Wales,1,Lived at the same address one year ago,-8,Does not apply,6,Aged 65 years and over,0
K04000001,England and Wales,1,Lived at the same address one year ago,1,"Asian, Asian British or Asian Welsh",0,Aged under 1 year,0
K04000001,England and Wales,1,Lived at the same address one year ago,1,"Asian, Asian British or Asian Welsh",1,Aged 1 to 15 years,1115626
K04000001,England and Wales,1,Lived at the same address one year ago,1,"Asian, Asian British or Asian Welsh",2,Aged 16 to 24 years,567552
K04000001,England and Wales,1,Lived at the same address one year ago,1,"Asian, Asian British or Asian Welsh",3,Aged 25 to 34 years,695408
K04000001,England and Wales,1,Lived at the same address one year ago,1,"Asian, Asian British or Asian Welsh",4,Aged 35 to 49 years,1255813
K04000001,England and Wales,1,Lived at the same address one year ago,1,"Asian, Asian British or Asian Welsh",5,Aged 50 to 64 years,687360
K04000001,England and Wales,1,Lived at the same address one year ago,1,"Asian, Asian British or Asian Welsh",6,Aged 65 years and over,399825
K04000001,England and Wales,1,Lived at the same address one year ago,2,"Black, Black British, Black Welsh, Caribbean or African",0,Aged under 1 year,0
K04000001,England and Wales,1,Lived at the same address one year ago,2,"Black, Black British, Black Welsh, Caribbean or African",1,Aged 1 to 15 years,504976
K04000001,England and Wales,1,Lived at the same address one year ago,2,"Black, Black British, Black Welsh, Caribbean or African",2,Aged 16 to 24 years,264194
K04000001,England and Wales,1,Lived at the same address one year ago,2,"Black, Black British, Black Welsh, Caribbean or African",3,Aged 25 to 34 years,266742
K04000001,England and Wales,1,Lived at the same address one year ago,2,"Black, Black British, Black Welsh, Caribbean or African",4,Aged 35 to 49 years,462206
K04000001,England and Wales,1,Lived at the same address one year ago,2,"Black, Black British, Black Welsh, Caribbean or African",5,Aged 50 to 64 years,417985
K04000001,England and Wales,1,Lived at the same address one year ago,2,"Black, Black British, Black Welsh, Caribbean or African",6,Aged 65 years and over,149477
K04000001,England and Wales,1,Lived at the same address one year ago,3,Mixed or Multiple ethnic groups,0,Aged under 1 year,0
K04000001,England and Wales,1,Lived at the same address one year ago,3,Mixed or Multiple ethnic groups,1,Aged 1 to 15 years,628150
K04000001,England and Wales,1,Lived at the same address one year ago,3,Mixed or Multiple ethnic groups,2,Aged 16 to 24 years,208976
K04000001,England and Wales,1,Lived at the same address one year ago,3,Mixed or Multiple ethnic groups,3,Aged 25 to 34 years,192465
K04000001,England and Wales,1,Lived at the same address one year ago,3,Mixed or Multiple ethnic groups,4,Aged 35 to 49 years,207142
K04000001,England and Wales,1,Lived at the same address one year ago,3,Mixed or Multiple ethnic groups,5,Aged 50 to 64 years,128160
K04000001,England and Wales,1,Lived at the same address one year ago,3,Mixed or Multiple ethnic groups,6,Aged 65 years and over,44321
K04000001,England and Wales,1,Lived at the same address one year ago,4,White,0,Aged under 1 year,0
K04000001,England and Wales,1,Lived at the same address one year ago,4,White,1,Aged 1 to 15 years,6951640
K04000001,England and Wales,1,Lived at the same address one year ago,4,White,2,Aged 16 to 24 years,3502282
K04000001,England and Wales,1,Lived at the same address one year ago,4,White,3,Aged 25 to 34 years,4960089
K04000001,England and Wales,1,Lived at the same address one year ago,4,White,4,Aged 35 to 49 years,8189594
K04000001,England and Wales,1,Lived at the same address one year ago,4,White,5,Aged 50 to 64 years,9613834
K04000001,England and Wales,1,Lived at the same address one year ago,4,White,6,Aged 65 years and over,10038810
K04000001,England and Wales,1,Lived at the same address one year ago,5,Other ethnic group,0,Aged under 1 year,0
K04000001,England and Wales,1,Lived at the same address one year ago,5,Other ethnic group,1,Aged 1 to 15 years,235044
K04000001,England and Wales,1,Lived at the same address one year ago,5,Other ethnic group,2,Aged 16 to 24 years,119544
K04000001,England and Wales,1,Lived at the same address one year ago,5,Other ethnic group,3,Aged 25 to 34 years,159570
K04000001,England and Wales,1,Lived at the same address one year ago,5,Other ethnic group,4,Aged 35 to 49 years,276303
K04000001,England and Wales,1,Lived at the same address one year ago,5,Other ethnic group,5,Aged 50 to 64 years,167473
K04000001,England and Wales,1,Lived at the same address one year ago,5,Other ethnic group,6,Aged 65 years and over,85968
K04000001,England and Wales,2,"Inflow: lived elsewhere one year ago, but within the same area",-8,Does not apply,0,Aged under 1 year,0
K04000001,England and Wales,2,"Inflow: lived elsewhere one year ago, but within the same area",-8,Does not apply,1,Aged 1 to 15 years,0
K04000001,England and Wales,2,"Inflow: lived elsewhere one year ago, but within the same area",-8,Does not apply,2,Aged 16 to 24 years,0
K04000001,England and Wales,2,"Inflow: lived elsewhere one year ago, but within the same area",-8,Does not apply,3,Aged 25 to 34 years,0
K04000001,England and Wales,2,"Inflow: lived elsewhere one year ago, but within the same area",-8,Does not apply,4,Aged 35 to 49 years,0
K04000001,England and Wales,2,"Inflow: lived elsewhere one year ago, but within the same area",-8,Does not apply,5,Aged 50 to 64 years,0
K04000001,England and Wales,2,"Inflow: lived elsewhere one year ago, but within the same area",-8,Does not apply,6,Aged 65 years and over,0
K04000001,England and Wales,2,"Inflow: lived elsewhere one year ago, but within the same area",1,"Asian, Asian British or Asian Welsh",0,Aged under 1 year,0
K04000001,England and Wales,2,"Inflow: lived elsewhere one year ago, but within the same area",1,"Asian, Asian British or Asian Welsh",1,Aged 1 to 15 years,100543
K04000001,England and Wales,2,"Inflow: lived elsewhere one year ago, but within the same area",1,"Asian, Asian British or Asian Welsh",2,Aged 16 to 24 years,136549
K04000001,England and Wales,2,"Inflow: lived elsewhere one year ago, but within the same area",1,"Asian, Asian British or Asian Welsh",3,Aged 25 to 34 years,154481
K04000001,England and Wales,2,"Inflow: lived elsewhere one year ago, but within the same area",1,"Asian, Asian British or Asian Welsh",4,Aged 35 to 49 years,125583
K04000001,England and Wales,2,"Inflow: lived elsewhere one year ago, but within the same area",1,"Asian, Asian British or Asian Welsh",5,Aged 50 to 64 years,32058
K04000001,England and Wales,2,"Inflow: lived elsewhere one year ago, but within the same area",1,"Asian, Asian British or Asian Welsh",6,Aged 65 years and over,11647
K04000001,England and Wales,2,"Inflow: lived elsewhere one year ago, but within the same area",2,"Black, Black British, Black Welsh, Caribbean or African",0,Aged under 1 year,0
K04000001,England and Wales,2,"Inflow: lived elsewhere one year ago, but within the same area",2,"Black, Black British, Black Welsh, Caribbean or African",1,Aged 1 to 15 years,51986
K04000001,England and Wales,2,"Inflow: lived elsewhere one year ago, but within the same area",2,"Black, Black British, Black Welsh, Caribbean or African",2,Aged 16 to 24 years,73296
K04000001,England and Wales,2,"Inflow: lived elsewhere one year ago, but within the same area",2,"Black, Black British, Black Welsh, Caribbean or African",3,Aged 25 to 34 years,60966
K04000001,England and Wales,2,"Inflow: lived elsewhere one year ago, but within the same area",2,"Black, Black British, Black Welsh, Caribbean or African",4,Aged 35 to 49 years,53258
K04000001,England and Wales,2,"Inflow: lived elsewhere one year ago, but within the same area",2,"Black, Black British, Black Welsh, Caribbean or African",5,Aged 50 to 64 years,22426
K04000001,England and Wales,2,"Inflow: lived elsewhere one year ago, but within the same area",2,"Black, Black British, Black Welsh, Caribbean or African",6,Aged 65 years and over,4777
K04000001,England and Wales,2,"Inflow: lived elsewhere one year ago, but within the same area",3,Mixed or Multiple ethnic groups,0,Aged under 1 year,0
K04000001,England and Wales,2,"Inflow: lived elsewhere one year ago, but within the same area",3,Mixed or Multiple ethnic groups,1,Aged 1 to 15 years,68103
K04000001,England and Wales,2,"Inflow: lived elsewhere one year ago, but within the same area",3,Mixed or Multiple ethnic groups,2,Aged 16 to 24 years,72969
K04000001,England and Wales,2,"Inflow: lived elsewhere one year ago, but within the same area",3,Mixed or Multiple ethnic groups,3,Aged 25 to 34 years,57546
K04000001,England and Wales,2,"Inflow: lived elsewhere one year ago, but within the same area",3,Mixed or Multiple ethnic groups,4,Aged 35 to 49 years,27978
K04000001,England and Wales,2,"Inflow: lived elsewhere one year ago, but within the same area",3,Mixed or Multiple ethnic groups,5,Aged 50 to 64 years,8157
K04000001,England and Wales,2,"Inflow: lived elsewhere one year ago, but within the same area",3,Mixed or Multiple ethnic groups,6,Aged 65 years and over,1725
K04000001,England and Wales,2,"Inflow: lived elsewhere one year ago, but within the same area",4,White,0,Aged under 1 year,0
K04000001,England and Wales,2,"Inflow: lived elsewhere one year ago, but within the same area",4,White,1,Aged 1 to 15 years,662895
K04000001,England and Wales,2,"Inflow: lived elsewhere one year ago, but within the same area",4,White,2,Aged 16 to 24 years,1205433
K04000001,England and Wales,2,"Inflow: lived elsewhere one year ago, but within the same area",4,White,3,Aged 25 to 34 years,1296944
K04000001,England and Wales,2,"Inflow: lived elsewhere one year ago, but within the same area",4,White,4,Aged 35 to 49 years,793524
K04000001,England and Wales,2,"Inflow: lived elsewhere one year ago, but within the same area",4,White,5,Aged 50 to 64 years,471689
K04000001,England and Wales,2,"Inflow: lived elsewhere one year ago, but within the same area",4,White,6,Aged 65 years and over,299508
K04000001,England and Wales,2,"Inflow: lived elsewhere one year ago, but within the same area",5,Other ethnic group,0,Aged under 1 year,0
K04000001,England and Wales,2,"Inflow: lived elsewhere one year ago, but within the same area",5,Other ethnic group,1,Aged 1 to 15 years,27092
K04000001,England and Wales,2,"Inflow: lived elsewhere one year ago, but within the same area",5,Other ethnic group,2,Aged 16 to 24 years,32323
K04000001,England and Wales,2,"Inflow: lived elsewhere one year ago, but within the same area",5,Other ethnic group,3,Aged 25 to 34 years,43836
K04000001,England and Wales,2,"Inflow: lived elsewhere one year ago, but within the same area",5,Other ethnic group,4,Aged 35 to 49 years,36941
K04000001,England and Wales,2,"Inflow: lived elsewhere one year ago, but within the same area",5,Other ethnic group,5,Aged 50 to 64 years,11221
K04000001,England and Wales,2,"Inflow: lived elsewhere one year ago, but within the same area",5,Other ethnic group,6,Aged 65 years and over,3138
K04000001,England and Wales,3,Inflow: lived elsewhere one year ago outside the UK,-8,Does not apply,0,Aged under 1 year,0
K04000001,England and Wales,3,Inflow: lived elsewhere one year ago outside the UK,-8,Does not apply,1,Aged 1 to 15 years,0
K04000001,England and Wales,3,Inflow: lived elsewhere one year ago outside the UK,-8,Does not apply,2,Aged 16 to 24 years,0
K04000001,England and Wales,3,Inflow: lived elsewhere one year ago outside the UK,-8,Does not apply,3,Aged 25 to 34 years,0
K04000001,England and Wales,3,Inflow: lived elsewhere one year ago outside the UK,-8,Does not apply,4,Aged 35 to 49 years,0
K04000001,England and Wales,3,Inflow: lived elsewhere one year ago outside the UK,-8,Does not apply,5,Aged 50 to 64 years,0
K04000001,England and Wales,3,Inflow: lived elsewhere one year ago outside the UK,-8,Does not apply,6,Aged 65 years and over,0
K04000001,England and Wales,3,Inflow: lived elsewhere one year ago outside the UK,1,"Asian, Asian British or Asian Welsh",0,Aged under 1 year,0
K04000001,England and Wales,3,Inflow: lived elsewhere one year ago outside the UK,1,"Asian, Asian British or Asian Welsh",1,Aged 1 to 15 years,24713
K04000001,England and Wales,3,Inflow: lived elsewhere one year ago outside the UK,1,"Asian, Asian British or Asian Welsh",2,Aged 16 to 24 years,43773
K04000001,England and Wales,3,Inflow: lived elsewhere one year ago outside the UK,1,"Asian, Asian British or Asian Welsh",3,Aged 25 to 34 years,52053
K04000001,England and Wales,3,Inflow: lived elsewhere one year ago outside the UK,1,"Asian, Asian British or Asian Welsh",4,Aged 35 to 49 years,27820
K04000001,England and Wales,3,Inflow: lived elsewhere one year ago outside the UK,1,"Asian, Asian British or Asian Welsh",5,Aged 50 to 64 years,8927
K04000001,England and Wales,3,Inflow: lived elsewhere one year ago outside the UK,1,"Asian, Asian British or Asian Welsh",6,Aged 65 years and over,4371
K04000001,England and Wales,3,Inflow: lived elsewhere one year ago outside the UK,2,"Black, Black British, Black Welsh, Caribbean or African",0,Aged under 1 year,0
K04000001,England and Wales,3,Inflow: lived elsewhere one year ago outside the UK,2,"Black, Black British, Black Welsh, Caribbean or African",1,Aged 1 to 15 years,10531
K04000001,England and Wales,3,Inflow: lived elsewhere one year ago outside the UK,2,"Black, Black British, Black Welsh, Caribbean or African",2,Aged 16 to 24 years,9100
K04000001,England and Wales,3,Inflow: lived elsewhere one year ago outside the UK,2,"Black, Black British, Black Welsh, Caribbean or African",3,Aged 25 to 34 years,13933
K04000001,England and Wales,3,Inflow: lived elsewhere one year ago outside the UK,2,"Black, Black British, Black Welsh, Caribbean or African",4,Aged 35 to 49 years,10235
K04000001,England and Wales,3,Inflow: lived elsewhere one year ago outside the UK,2,"Black, Black British, Black Welsh, Caribbean or African",5,Aged 50 to 64 years,2900
K04000001,England and Wales,3,Inflow: lived elsewhere one year ago outside the UK,2,"Black, Black British, Black Welsh, Caribbean or African",6,Aged 65 years and over,1299
K04000001,England and Wales,3,Inflow: lived elsewhere one year ago outside the UK,3,Mixed or Multiple ethnic groups,0,Aged under 1 year,0
K04000001,England and Wales,3,Inflow: lived elsewhere one year ago outside the UK,3,Mixed or Multiple ethnic groups,1,Aged 1 to 15 years,5840
K04000001,England and Wales,3,Inflow: lived elsewhere one year ago outside the UK,3,Mixed or Multiple ethnic groups,2,Aged 16 to 24 years,6273
K04000001,England and Wales,3,Inflow: lived elsewhere one year ago outside the UK,3,Mixed or Multiple ethnic groups,3,Aged 25 to 34 years,6156
K04000001,England and Wales,3,Inflow: lived elsewhere one year ago outside the UK,3,Mixed or Multiple ethnic groups,4,Aged 35 to 49 years,3406
K04000001,England and Wales,3,Inflow: lived elsewhere one year ago outside the UK,3,Mixed or Multiple ethnic groups,5,Aged 50 to 64 years,1165
K04000001,England and Wales,3,Inflow: lived elsewhere one year ago outside the UK,3,Mixed or Multiple ethnic groups,6,Aged 65 years and over,295
K04000001,England and Wales,3,Inflow: lived elsewhere one year ago outside the UK,4,White,0,Aged under 1 year,0
K04000001,England and Wales,3,Inflow: lived elsewhere one year ago outside the UK,4,White,1,Aged 1 to 15 years,28363
K04000001,England and Wales,3,Inflow: lived elsewhere one year ago outside the UK,4,White,2,Aged 16 to 24 years,66854
K04000001,England and Wales,3,Inflow: lived elsewhere one year ago outside the UK,4,White,3,Aged 25 to 34 years,77750
K04000001,England and Wales,3,Inflow: lived elsewhere one year ago outside the UK,4,White,4,Aged 35 to 49 years,47891
K04000001,England and Wales,3,Inflow: lived elsewhere one year ago outside the UK,4,White,5,Aged 50 to 64 years,32210
K04000001,England and Wales,3,Inflow: lived elsewhere one year ago outside the UK,4,White,6,Aged 65 years and over,17088
K04000001,England and Wales,3,Inflow: lived elsewhere one year ago outside the UK,5,Other ethnic group,0,Aged under 1 year,0
K04000001,England and Wales,3,Inflow: lived elsewhere one year ago outside the UK,5,Other ethnic group,1,Aged 1 to 15 years,8343
K04000001,England and Wales,3,Inflow: lived elsewhere one year ago outside the UK,5,Other ethnic group,2,Aged 16 to 24 years,9196
K04000001,England and Wales,3,Inflow: lived elsewhere one year ago outside the UK,5,Other ethnic group,3,Aged 25 to 34 years,12597
K04000001,England and Wales,3,Inflow: lived elsewhere one year ago outside the UK,5,Other ethnic group,4,Aged 35 to 49 years,8401
K04000001,England and Wales,3,Inflow: lived elsewhere one year ago outside the UK,5,Other ethnic group,5,Aged 50 to 64 years,2513
K04000001,England and Wales,3,Inflow: lived elsewhere one year ago outside the UK,5,Other ethnic group,6,Aged 65 years and over,1099
