Migrant country one year ago code,Migrant country one year ago label,Migration Country (outflow) (2 categories) code,Migration Country (outflow) (2 categories) label,Ethnic group (6 categories) code,Ethnic group (6 categories) label,Age (F) (7 categories) code,Age (F) (7 categories) label,Count
-8,Does not apply,-8,Does not apply,-8,Does not apply,0,Aged under 1 year,0
-8,Does not apply,-8,Does not apply,-8,Does not apply,1,Aged 1 to 15 years,0
-8,Does not apply,-8,Does not apply,-8,Does not apply,2,Aged 16 to 24 years,0
-8,Does not apply,-8,Does not apply,-8,Does not apply,3,Aged 25 to 34 years,0
-8,Does not apply,-8,Does not apply,-8,Does not apply,4,Aged 35 to 49 years,0
-8,Does not apply,-8,Does not apply,-8,Does not apply,5,Aged 50 to 64 years,0
-8,Does not apply,-8,Does not apply,-8,Does not apply,6,Aged 65 years and over,0
-8,Does not apply,-8,Does not apply,1,"Asian, Asian British or Asian Welsh",0,Aged under 1 year,0
-8,Does not apply,-8,Does not apply,1,"Asian, Asian British or Asian Welsh",1,Aged 1 to 15 years,1115994
-8,Does not apply,-8,Does not apply,1,"Asian, Asian British or Asian Welsh",2,Aged 16 to 24 years,568627
-8,Does not apply,-8,Does not apply,1,"Asian, Asian British or Asian Welsh",3,Aged 25 to 34 years,696416
-8,Does not apply,-8,Does not apply,1,"Asian, Asian British or Asian Welsh",4,Aged 35 to 49 years,1256356
-8,Does not apply,-8,Does not apply,1,"Asian, Asian British or Asian Welsh",5,Aged 50 to 64 years,687496
-8,Does not apply,-8,Does not apply,1,"Asian, Asian British or Asian Welsh",6,Aged 65 years and over,399881
-8,Does not apply,-8,Does not apply,2,"Black, Black British, Black Welsh, Caribbean or African",0,Aged under 1 year,0
-8,Does not apply,-8,Does not apply,2,"Black, Black British, Black Welsh, Caribbean or African",1,Aged 1 to 15 years,505230
-8,Does not apply,-8,Does not apply,2,"Black, Black British, Black Welsh, Caribbean or African",2,Aged 16 to 24 years,264476
-8,Does not apply,-8,Does not apply,2,"Black, Black British, Black Welsh, Caribbean or African",3,Aged 25 to 34 years,267139
-8,Does not apply,-8,Does not apply,2,"Black, Black British, Black Welsh, Caribbean or African",4,Aged 35 to 49 years,462537
-8,Does not apply,-8,Does not apply,2,"Black, Black British, Black Welsh, Caribbean or African",5,Aged 50 to 64 years,418051
-8,Does not apply,-8,Does not apply,2,"Black, Black British, Black Welsh, Caribbean or African",6,Aged 65 years and over,149490
-8,Does not apply,-8,Does not apply,3,Mixed or Multiple ethnic groups,0,Aged under 1 year,0
-8,Does not apply,-8,Does not apply,3,Mixed or Multiple ethnic groups,1,Aged 1 to 15 years,628293
-8,Does not apply,-8,Does not apply,3,Mixed or Multiple ethnic groups,2,Aged 16 to 24 years,209483
-8,Does not apply,-8,Does not apply,3,Mixed or Multiple ethnic groups,3,Aged 25 to 34 years,192755
-8,Does not apply,-8,Does not apply,3,Mixed or Multiple ethnic groups,4,Aged 35 to 49 years,207236
-8,Does not apply,-8,Does not apply,3,Mixed or Multiple ethnic groups,5,Aged 50 to 64 years,128201
-8,Does not apply,-8,Does not apply,3,Mixed or Multiple ethnic groups,6,Aged 65 years and over,44325
-8,Does not apply,-8,Does not apply,4,White,0,Aged under 1 year,0
-8,Does not apply,-8,Does not apply,4,White,1,Aged 1 to 15 years,6953439
-8,Does not apply,-8,Does not apply,4,White,2,Aged 16 to 24 years,3514013
-8,Does not apply,-8,Does not apply,4,White,3,Aged 25 to 34 years,4967538
-8,Does not apply,-8,Does not apply,4,White,4,Aged 35 to 49 years,8192786
-8,Does not apply,-8,Does not apply,4,White,5,Aged 50 to 64 years,9616459
-8,Does not apply,-8,Does not apply,4,White,6,Aged 65 years and over,10040873
-8,Does not apply,-8,Does not apply,5,Other ethnic group,0,Aged under 1 year,0
-8,Does not apply,-8,Does not apply,5,Other ethnic group,1,Aged 1 to 15 years,235253
-8,Does not apply,-8,Does not apply,5,Other ethnic group,2,Aged 16 to 24 years,119743
-8,Does not apply,-8,Does not apply,5,Other ethnic group,3,Aged 25 to 34 years,159934
-8,Does not apply,-8,Does not apply,5,Other ethnic group,4,Aged 35 to 49 years,276521
-8,Does not apply,-8,Does not apply,5,Other ethnic group,5,Aged 50 to 64 years,167516
-8,Does not apply,-8,Does not apply,5,Other ethnic group,6,Aged 65 years and over,85985
-8,Does not apply,1,"Outflow: moved out of the area, but within the associated area",-8,Does not apply,0,Aged under 1 year,0
-8,Does not apply,1,"Outflow: moved out of the area, but within the associated area",-8,Does not apply,1,Aged 1 to 15 years,0
-8,Does not apply,1,"Outflow: moved out of the area, but within the associated area",-8,Does not apply,2,Aged 16 to 24 years,0
-8,Does not apply,1,"Outflow: moved out of the area, but within the associated area",-8,Does not apply,3,Aged 25 to 34 years,0
-8,Does not apply,1,"Outflow: moved out of the area, but within the associated area",-8,Does not apply,4,Aged 35 to 49 years,0
-8,Does not apply,1,"Outflow: moved out of the area, but within the associated area",-8,Does not apply,5,Aged 50 to 64 years,0
-8,Does not apply,1,"Outflow: moved out of the area, but within the associated area",-8,Does not apply,6,Aged 65 years and over,0
-8,Does not apply,1,"Outflow: moved out of the area, but within the associated area",1,"Asian, Asian British or Asian Welsh",0,Aged under 1 year,0
-8,Does not apply,1,"Outflow: moved out of the area, but within the associated area",1,"Asian, Asian British or Asian Welsh",1,Aged 1 to 15 years,0
-8,Does not apply,1,"Outflow: moved out of the area, but within the associated area",1,"Asian, Asian British or Asian Welsh",2,Aged 16 to 24 years,0
-8,Does not apply,1,"Outflow: moved out of the area, but within the associated area",1,"Asian, Asian British or Asian Welsh",3,Aged 25 to 34 years,0
-8,Does not apply,1,"Outflow: moved out of the area, but within the associated area",1,"Asian, Asian British or Asian Welsh",4,Aged 35 to 49 years,0
-8,Does not apply,1,"Outflow: moved out of the area, but within the associated area",1,"Asian, Asian British or Asian Welsh",5,Aged 50 to 64 years,0
-8,Does not apply,1,"Outflow: moved out of the area, but within the associated area",1,"Asian, Asian British or Asian Welsh",6,Aged 65 years and over,0
-8,Does not apply,1,"Outflow: moved out of the area, but within the associated area",2,"Black, Black British, Black Welsh, Caribbean or African",0,Aged under 1 year,0
-8,Does not apply,1,"Outflow: moved out of the area, but within the associated area",2,"Black, Black British, Black Welsh, Caribbean or African",1,Aged 1 to 15 years,0
-8,Does not apply,1,"Outflow: moved out of the area, but within the associated area",2,"Black, Black British, Black Welsh, Caribbean or African",2,Aged 16 to 24 years,0
-8,Does not apply,1,"Outflow: moved out of the area, but within the associated area",2,"Black, Black British, Black Welsh, Caribbean or African",3,Aged 25 to 34 years,0
-8,Does not apply,1,"Outflow: moved out of the area, but within the associated area",2,"Black, Black British, Black Welsh, Caribbean or African",4,Aged 35 to 49 years,0
-8,Does not apply,1,"Outflow: moved out of the area, but within the associated area",2,"Black, Black British, Black Welsh, Caribbean or African",5,Aged 50 to 64 years,0
-8,Does not apply,1,"Outflow: moved out of the area, but within the associated area",2,"Black, Black British, Black Welsh, Caribbean or African",6,Aged 65 years and over,0
-8,Does not apply,1,"Outflow: moved out of the area, but within the associated area",3,Mixed or Multiple ethnic groups,0,Aged under 1 year,0
-8,Does not apply,1,"Outflow: moved out of the area, but within the associated area",3,Mixed or Multiple ethnic groups,1,Aged 1 to 15 years,0
-8,Does not apply,1,"Outflow: moved out of the area, but within the associated area",3,Mixed or Multiple ethnic groups,2,Aged 16 to 24 years,0
-8,Does not apply,1,"Outflow: moved out of the area, but within the associated area",3,Mixed or Multiple ethnic groups,3,Aged 25 to 34 years,0
-8,Does not apply,1,"Outflow: moved out of the area, but within the associated area",3,Mixed or Multiple ethnic groups,4,Aged 35 to 49 years,0
-8,Does not apply,1,"Outflow: moved out of the area, but within the associated area",3,Mixed or Multiple ethnic groups,5,Aged 50 to 64 years,0
-8,Does not apply,1,"Outflow: moved out of the area, but within the associated area",3,Mixed or Multiple ethnic groups,6,Aged 65 years and over,0
-8,Does not apply,1,"Outflow: moved out of the area, but within the associated area",4,White,0,Aged under 1 year,0
-8,Does not apply,1,"Outflow: moved out of the area, but within the associated area",4,White,1,Aged 1 to 15 years,0
-8,Does not apply,1,"Outflow: moved out of the area, but within the associated area",4,White,2,Aged 16 to 24 years,0
-8,Does not apply,1,"Outflow: moved out of the area, but within the associated area",4,White,3,Aged 25 to 34 years,0
-8,Does not apply,1,"Outflow: moved out of the area, but within the associated area",4,White,4,Aged 35 to 49 years,0
-8,Does not apply,1,"Outflow: moved out of the area, but within the associated area",4,White,5,Aged 50 to 64 years,0
-8,Does not apply,1,"Outflow: moved out of the area, but within the associated area",4,White,6,Aged 65 years and over,0
-8,Does not apply,1,"Outflow: moved out of the area, but within the associated area",5,Other ethnic group,0,Aged under 1 year,0
-8,Does not apply,1,"Outflow: moved out of the area, but within the associated area",5,Other ethnic group,1,Aged 1 to 15 years,0
-8,Does not apply,1,"Outflow: moved out of the area, but within the associated area",5,Other ethnic group,2,Aged 16 to 24 years,0
-8,Does not apply,1,"Outflow: moved out of the area, but within the associated area",5,Other ethnic group,3,Aged 25 to 34 years,0
-8,Does not apply,1,"Outflow: moved out of the area, but within the associated area",5,Other ethnic group,4,Aged 35 to 49 years,0
-8,Does not apply,1,"Outflow: moved out of the area, but within the associated area",5,Other ethnic group,5,Aged 50 to 64 years,0
-8,Does not apply,1,"Outflow: moved out of the area, but within the associated area",5,Other ethnic group,6,Aged 65 years and over,0
999999999,Person with migrant origin outside the UK,-8,Does not apply,-8,Does not apply,0,Aged under 1 year,0
999999999,Person with migrant origin outside the UK,-8,Does not apply,-8,Does not apply,1,Aged 1 to 15 years,0
999999999,Person with migrant origin outside the UK,-8,Does not apply,-8,Does not apply,2,Aged 16 to 24 years,0
999999999,Person with migrant origin outside the UK,-8,Does not apply,-8,Does not apply,3,Aged 25 to 34 years,0
999999999,Person with migrant origin outside the UK,-8,Does not apply,-8,Does not apply,4,Aged 35 to 49 years,0
999999999,Person with migrant origin outside the UK,-8,Does not apply,-8,Does not apply,5,Aged 50 to 64 years,0
999999999,Person with migrant origin outside the UK,-8,Does not apply,-8,Does not apply,6,Aged 65 years and over,0
999999999,Person with migrant origin outside the UK,-8,Does not apply,1,"Asian, Asian British or Asian Welsh",0,Aged under 1 year,0
999999999,Person with migrant origin outside the UK,-8,Does not apply,1,"Asian, Asian British or Asian Welsh",1,Aged 1 to 15 years,24713
999999999,Person with migrant origin outside the UK,-8,Does not apply,1,"Asian, Asian British or Asian Welsh",2,Aged 16 to 24 years,43773
999999999,Person with migrant origin outside the UK,-8,Does not apply,1,"Asian, Asian British or Asian Welsh",3,Aged 25 to 34 years,52053
999999999,Person with migrant origin outside the UK,-8,Does not apply,1,"Asian, Asian British or Asian Welsh",4,Aged 35 to 49 years,27820
999999999,Person with migrant origin outside the UK,-8,Does not apply,1,"Asian, Asian British or Asian Welsh",5,Aged 50 to 64 years,8927
999999999,Person with migrant origin outside the UK,-8,Does not apply,1,"Asian, Asian British or Asian Welsh",6,Aged 65 years and over,4371
999999999,Person with migrant origin outside the UK,-8,Does not apply,2,"Black, Black British, Black Welsh, Caribbean or African",0,Aged under 1 year,0
999999999,Person with migrant origin outside the UK,-8,Does not apply,2,"Black, Black British, Black Welsh, Caribbean or African",1,Aged 1 to 15 years,10531
999999999,Person with migrant origin outside the UK,-8,Does not apply,2,"Black, Black British, Black Welsh, Caribbean or African",2,Aged 16 to 24 years,9100
999999999,Person with migrant origin outside the UK,-8,Does not apply,2,"Black, Black British, Black Welsh, Caribbean or African",3,Aged 25 to 34 years,13933
999999999,Person with migrant origin outside the UK,-8,Does not apply,2,"Black, Black British, Black Welsh, Caribbean or African",4,Aged 35 to 49 years,10235
999999999,Person with migrant origin outside the UK,-8,Does not apply,2,"Black, Black British, Black Welsh, Caribbean or African",5,Aged 50 to 64 years,2900
999999999,Person with migrant origin outside the UK,-8,Does not apply,2,"Black, Black British, Black Welsh, Caribbean or African",6,Aged 65 years and over,1299
999999999,Person with migrant origin outside the UK,-8,Does not apply,3,Mixed or Multiple ethnic groups,0,Aged under 1 year,0
999999999,Person with migrant origin outside the UK,-8,Does not apply,3,Mixed or Multiple ethnic groups,1,Aged 1 to 15 years,5840
999999999,Person with migrant origin outside the UK,-8,Does not apply,3,Mixed or Multiple ethnic groups,2,Aged 16 to 24 years,6273
999999999,Person with migrant origin outside the UK,-8,Does not apply,3,Mixed or Multiple ethnic groups,3,Aged 25 to 34 years,6156
999999999,Person with migrant origin outside the UK,-8,Does not apply,3,Mixed or Multiple ethnic groups,4,Aged 35 to 49 years,3406
999999999,Person with migrant origin outside the UK,-8,Does not apply,3,Mixed or Multiple ethnic groups,5,Aged 50 to 64 years,1165
999999999,Person with migrant origin outside the UK,-8,Does not apply,3,Mixed or Multiple ethnic groups,6,Aged 65 years and over,295
999999999,Person with migrant origin outside the UK,-8,Does not apply,4,White,0,Aged under 1 year,0
999999999,Person with migrant origin outside the UK,-8,Does not apply,4,White,1,Aged 1 to 15 years,28363
999999999,Person with migrant origin outside the UK,-8,Does not apply,4,White,2,Aged 16 to 24 years,66854
999999999,Person with migrant origin outside the UK,-8,Does not apply,4,White,3,Aged 25 to 34 years,77750
999999999,Person with migrant origin outside the UK,-8,Does not apply,4,White,4,Aged 35 to 49 years,47891
999999999,Person with migrant origin outside the UK,-8,Does not apply,4,White,5,Aged 50 to 64 years,32210
999999999,Person with migrant origin outside the UK,-8,Does not apply,4,White,6,Aged 65 years and over,17088
999999999,Person with migrant origin outside the UK,-8,Does not apply,5,Other ethnic group,0,Aged under 1 year,0
999999999,Person with migrant origin outside the UK,-8,Does not apply,5,Other ethnic group,1,Aged 1 to 15 years,8343
999999999,Person with migrant origin outside the UK,-8,Does not apply,5,Other ethnic group,2,Aged 16 to 24 years,9196
999999999,Person with migrant origin outside the UK,-8,Does not apply,5,Other ethnic group,3,Aged 25 to 34 years,12597
999999999,Person with migrant origin outside the UK,-8,Does not apply,5,Other ethnic group,4,Aged 35 to 49 years,8401
999999999,Person with migrant origin outside the UK,-8,Does not apply,5,Other ethnic group,5,Aged 50 to 64 years,2513
999999999,Person with migrant origin outside the UK,-8,Does not apply,5,Other ethnic group,6,Aged 65 years and over,1099
999999999,Person with migrant origin outside the UK,1,"Outflow: moved out of the area, but within the associated area",-8,Does not apply,0,Aged under 1 year,0
999999999,Person with migrant origin outside the UK,1,"Outflow: moved out of the area, but within the associated area",-8,Does not apply,1,Aged 1 to 15 years,0
999999999,Person with migrant origin outside the UK,1,"Outflow: moved out of the area, but within the associated area",-8,Does not apply,2,Aged 16 to 24 years,0
999999999,Person with migrant origin outside the UK,1,"Outflow: moved out of the area, but within the associated area",-8,Does not apply,3,Aged 25 to 34 years,0
999999999,Person with migrant origin outside the UK,1,"Outflow: moved out of the area, but within the associated area",-8,Does not apply,4,Aged 35 to 49 years,0
999999999,Person with migrant origin outside the UK,1,"Outflow: moved out of the area, but within the associated area",-8,Does not apply,5,Aged 50 to 64 years,0
999999999,Person with migrant origin outside the UK,1,"Outflow: moved out of the area, but within the associated area",-8,Does not apply,6,Aged 65 years and over,0
999999999,Person with migrant origin outside the UK,1,"Outflow: moved out of the area, but within the associated area",1,"Asian, Asian British or Asian Welsh",0,Aged under 1 year,0
999999999,Person with migrant origin outside the UK,1,"Outflow: moved out of the area, but within the associated area",1,"Asian, Asian British or Asian Welsh",1,Aged 1 to 15 years,0
999999999,Person with migrant origin outside the UK,1,"Outflow: moved out of the area, but within the associated area",1,"Asian, Asian British or Asian Welsh",2,Aged 16 to 24 years,0
999999999,Person with migrant origin outside the UK,1,"Outflow: moved out of the area, but within the associated area",1,"Asian, Asian British or Asian Welsh",3,Aged 25 to 34 years,0
999999999,Person with migrant origin outside the UK,1,"Outflow: moved out of the area, but within the associated area",1,"Asian, Asian British or Asian Welsh",4,Aged 35 to 49 years,0
999999999,Person with migrant origin outside the UK,1,"Outflow: moved out of the area, but within the associated area",1,"Asian, Asian British or Asian Welsh",5,Aged 50 to 64 years,0
999999999,Person with migrant origin outside the UK,1,"Outflow: moved out of the area, but within the associated area",1,"Asian, Asian British or Asian Welsh",6,Aged 65 years and over,0
999999999,Person with migrant origin outside the UK,1,"Outflow: moved out of the area, but within the associated area",2,"Black, Black British, Black Welsh, Caribbean or African",0,Aged under 1 year,0
999999999,Person with migrant origin outside the UK,1,"Outflow: moved out of the area, but within the associated area",2,"Black, Black British, Black Welsh, Caribbean or African",1,Aged 1 to 15 years,0
999999999,Person with migrant origin outside the UK,1,"Outflow: moved out of the area, but within the associated area",2,"Black, Black British, Black Welsh, Caribbean or African",2,Aged 16 to 24 years,0
999999999,Person with migrant origin outside the UK,1,"Outflow: moved out of the area, but within the associated area",2,"Black, Black British, Black Welsh, Caribbean or African",3,Aged 25 to 34 years,0
999999999,Person with migrant origin outside the UK,1,"Outflow: moved out of the area, but within the associated area",2,"Black, Black British, Black Welsh, Caribbean or African",4,Aged 35 to 49 years,0
999999999,Person with migrant origin outside the UK,1,"Outflow: moved out of the area, but within the associated area",2,"Black, Black British, Black Welsh, Caribbean or African",5,Aged 50 to 64 years,0
999999999,Person with migrant origin outside the UK,1,"Outflow: moved out of the area, but within the associated area",2,"Black, Black British, Black Welsh, Caribbean or African",6,Aged 65 years and over,0
999999999,Person with migrant origin outside the UK,1,"Outflow: moved out of the area, but within the associated area",3,Mixed or Multiple ethnic groups,0,Aged under 1 year,0
999999999,Person with migrant origin outside the UK,1,"Outflow: moved out of the area, but within the associated area",3,Mixed or Multiple ethnic groups,1,Aged 1 to 15 years,0
999999999,Person with migrant origin outside the UK,1,"Outflow: moved out of the area, but within the associated area",3,Mixed or Multiple ethnic groups,2,Aged 16 to 24 years,0
999999999,Person with migrant origin outside the UK,1,"Outflow: moved out of the area, but within the associated area",3,Mixed or Multiple ethnic groups,3,Aged 25 to 34 years,0
999999999,Person with migrant origin outside the UK,1,"Outflow: moved out of the area, but within the associated area",3,Mixed or Multiple ethnic groups,4,Aged 35 to 49 years,0
999999999,Person with migrant origin outside the UK,1,"Outflow: moved out of the area, but within the associated area",3,Mixed or Multiple ethnic groups,5,Aged 50 to 64 years,0
999999999,Person with migrant origin outside the UK,1,"Outflow: moved out of the area, but within the associated area",3,Mixed or Multiple ethnic groups,6,Aged 65 years and over,0
999999999,Person with migrant origin outside the UK,1,"Outflow: moved out of the area, but within the associated area",4,White,0,Aged under 1 year,0
999999999,Person with migrant origin outside the UK,1,"Outflow: moved out of the area, but within the associated area",4,White,1,Aged 1 to 15 years,0
999999999,Person with migrant origin outside the UK,1,"Outflow: moved out of the area, but within the associated area",4,White,2,Aged 16 to 24 years,0
999999999,Person with migrant origin outside the UK,1,"Outflow: moved out of the area, but within the associated area",4,White,3,Aged 25 to 34 years,0
999999999,Person with migrant origin outside the UK,1,"Outflow: moved out of the area, but within the associated area",4,White,4,Aged 35 to 49 years,0
999999999,Person with migrant origin outside the UK,1,"Outflow: moved out of the area, but within the associated area",4,White,5,Aged 50 to 64 years,0
999999999,Person with migrant origin outside the UK,1,"Outflow: moved out of the area, but within the associated area",4,White,6,Aged 65 years and over,0
999999999,Person with migrant origin outside the UK,1,"Outflow: moved out of the area, but within the associated area",5,Other ethnic group,0,Aged under 1 year,0
999999999,Person with migrant origin outside the UK,1,"Outflow: moved out of the area, but within the associated area",5,Other ethnic group,1,Aged 1 to 15 years,0
999999999,Person with migrant origin outside the UK,1,"Outflow: moved out of the area, but within the associated area",5,Other ethnic group,2,Aged 16 to 24 years,0
999999999,Person with migrant origin outside the UK,1,"Outflow: moved out of the area, but within the associated area",5,Other ethnic group,3,Aged 25 to 34 years,0
999999999,Person with migrant origin outside the UK,1,"Outflow: moved out of the area, but within the associated area",5,Other ethnic group,4,Aged 35 to 49 years,0
999999999,Person with migrant origin outside the UK,1,"Outflow: moved out of the area, but within the associated area",5,Other ethnic group,5,Aged 50 to 64 years,0
999999999,Person with migrant origin outside the UK,1,"Outflow: moved out of the area, but within the associated area",5,Other ethnic group,6,Aged 65 years and over,0
E92000001,England,-8,Does not apply,-8,Does not apply,0,Aged under 1 year,0
E92000001,England,-8,Does not apply,-8,Does not apply,1,Aged 1 to 15 years,0
E92000001,England,-8,Does not apply,-8,Does not apply,2,Aged 16 to 24 years,0
E92000001,England,-8,Does not apply,-8,Does not apply,3,Aged 25 to 34 years,0
E92000001,England,-8,Does not apply,-8,Does not apply,4,Aged 35 to 49 years,0
E92000001,England,-8,Does not apply,-8,Does not apply,5,Aged 50 to 64 years,0
E92000001,England,-8,Does not apply,-8,Does not apply,6,Aged 65 years and over,0
E92000001,England,-8,Does not apply,1,"Asian, Asian British or Asian Welsh",0,Aged under 1 year,0
E92000001,England,-8,Does not apply,1,"Asian, Asian British or Asian Welsh",1,Aged 1 to 15 years,98217
E92000001,England,-8,Does not apply,1,"Asian, Asian British or Asian Welsh",2,Aged 16 to 24 years,130110
E92000001,England,-8,Does not apply,1,"Asian, Asian British or Asian Welsh",3,Aged 25 to 34 years,150025
E92000001,England,-8,Does not apply,1,"Asian, Asian British or Asian Welsh",4,Aged 35 to 49 years,122565
E92000001,England,-8,Does not apply,1,"Asian, Asian British or Asian Welsh",5,Aged 50 to 64 years,31260
E92000001,England,-8,Does not apply,1,"Asian, Asian British or Asian Welsh",6,Aged 65 years and over,11361
E92000001,England,-8,Does not apply,2,"Black, Black British, Black Welsh, Caribbean or African",0,Aged under 1 year,0
E92000001,England,-8,Does not apply,2,"Black, Black British, Black Welsh, Caribbean or African",1,Aged 1 to 15 years,50915
E92000001,England,-8,Does not apply,2,"Black, Black British, Black Welsh, Caribbean or African",2,Aged 16 to 24 years,71246
E92000001,England,-8,Does not apply,2,"Black, Black British, Black Welsh, Caribbean or African",3,Aged 25 to 34 years,59295
E92000001,England,-8,Does not apply,2,"Black, Black British, Black Welsh, Caribbean or African",4,Aged 35 to 49 years,52010
E92000001,England,-8,Does not apply,2,"Black, Black British, Black Welsh, Caribbean or African",5,Aged 50 to 64 years,22066
E92000001,England,-8,Does not apply,2,"Black, Black British, Black Welsh, Caribbean or African",6,Aged 65 years and over,4703
E92000001,England,-8,Does not apply,3,Mixed or Multiple ethnic groups,0,Aged under 1 year,0
E92000001,England,-8,Does not apply,3,Mixed or Multiple ethnic groups,1,Aged 1 to 15 years,65940
E92000001,England,-8,Does not apply,3,Mixed or Multiple ethnic groups,2,Aged 16 to 24 years,69179
E92000001,England,-8,Does not apply,3,Mixed or Multiple ethnic groups,3,Aged 25 to 34 years,55616
E92000001,England,-8,Does not apply,3,Mixed or Multiple ethnic groups,4,Aged 35 to 49 years,27139
E92000001,England,-8,Does not apply,3,Mixed or Multiple ethnic groups,5,Aged 50 to 64 years,7779
E92000001,England,-8,Does not apply,3,Mixed or Multiple ethnic groups,6,Aged 65 years and over,1636
E92000001,England,-8,Does not apply,4,White,0,Aged under 1 year,0
E92000001,England,-8,Does not apply,4,White,1,Aged 1 to 15 years,620855
E92000001,England,-8,Does not apply,4,White,2,Aged 16 to 24 years,1104932
E92000001,England,-8,Does not apply,4,White,3,Aged 25 to 34 years,1222741
E92000001,England,-8,Does not apply,4,White,4,Aged 35 to 49 years,750483
E92000001,England,-8,Does not apply,4,White,5,Aged 50 to 64 years,440507
E92000001,England,-8,Does not apply,4,White,6,Aged 65 years and over,277181
E92000001,England,-8,Does not apply,5,Other ethnic group,0,Aged under 1 year,0
E92000001,England,-8,Does not apply,5,Other ethnic group,1,Aged 1 to 15 years,25990
E92000001,England,-8,Does not apply,5,Other ethnic group,2,Aged 16 to 24 years,30845
E92000001,England,-8,Does not apply,5,Other ethnic group,3,Aged 25 to 34 years,42109
E92000001,England,-8,Does not apply,5,Other ethnic group,4,Aged 35 to 49 years,35809
E92000001,England,-8,Does not apply,5,Other ethnic group,5,Aged 50 to 64 years,10949
E92000001,England,-8,Does not apply,5,Other ethnic group,6,Aged 65 years and over,3051
E92000001,England,1,"Outflow: moved out of the area, but within the associated area",-8,Does not apply,0,Aged under 1 year,0
E92000001,England,1,"Outflow: moved out of the area, but within the associated area",-8,Does not apply,1,Aged 1 to 15 years,0
E92000001,England,1,"Outflow: moved out of the area, but within the associated area",-8,Does not apply,2,Aged 16 to 24 years,0
E92000001,England,1,"Outflow: moved out of the area, but within the associated area",-8,Does not apply,3,Aged 25 to 34 years,0
E92000001,England,1,"Outflow: moved out of the area, but within the associated area",-8,Does not apply,4,Aged 35 to 49 years,0
E92000001,England,1,"Outflow: moved out of the area, but within the associated area",-8,Does not apply,5,Aged 50 to 64 years,0
E92000001,England,1,"Outflow: moved out of the area, but within the associated area",-8,Does not apply,6,Aged 65 years and over,0
E92000001,England,1,"Outflow: moved out of the area, but within the associated area",1,"Asian, Asian British or Asian Welsh",0,Aged under 1 year,0
E92000001,England,1,"Outflow: moved out of the area, but within the associated area",1,"Asian, Asian British or Asian Welsh",1,Aged 1 to 15 years,242
E92000001,England,1,"Outflow: moved out of the area, but within the associated area",1,"Asian, Asian British or Asian Welsh",2,Aged 16 to 24 years,1468
E92000001,England,1,"Outflow: moved out of the area, but within the associated area",1,"Asian, Asian British or Asian Welsh",3,Aged 25 to 34 years,767
E92000001,England,1,"Outflow: moved out of the area, but within the associated area",1,"Asian, Asian British or Asian Welsh",4,Aged 35 to 49 years,464
E92000001,England,1,"Outflow: moved out of the area, but within the associated area",1,"Asian, Asian British or Asian Welsh",5,Aged 50 to 64 years,168
E92000001,England,1,"Outflow: moved out of the area, but within the associated area",1,"Asian, Asian British or Asian Welsh",6,Aged 65 years and over,44
E92000001,England,1,"Outflow: moved out of the area, but within the associated area",2,"Black, Black British, Black Welsh, Caribbean or African",0,Aged under 1 year,0
E92000001,England,1,"Outflow: moved out of the area, but within the associated area",2,"Black, Black British, Black Welsh, Caribbean or African",1,Aged 1 to 15 years,131
E92000001,England,1,"Outflow: moved out of the area, but within the associated area",2,"Black, Black British, Black Welsh, Caribbean or African",2,Aged 16 to 24 years,484
E92000001,England,1,"Outflow: moved out of the area, but within the associated area",2,"Black, Black British, Black Welsh, Caribbean or African",3,Aged 25 to 34 years,255
E92000001,England,1,"Outflow: moved out of the area, but within the associated area",2,"Black, Black British, Black Welsh, Caribbean or African",4,Aged 35 to 49 years,215
E92000001,England,1,"Outflow: moved out of the area, but within the associated area",2,"Black, Black British, Black Welsh, Caribbean or African",5,Aged 50 to 64 years,95
E92000001,England,1,"Outflow: moved out of the area, but within the associated area",2,"Black, Black British, Black Welsh, Caribbean or African",6,Aged 65 years and over,21
E92000001,England,1,"Outflow: moved out of the area, but within the associated area",3,Mixed or Multiple ethnic groups,0,Aged under 1 year,0
E92000001,England,1,"Outflow: moved out of the area, but within the associated area",3,Mixed or Multiple ethnic groups,1,Aged 1 to 15 years,286
E92000001,England,1,"Outflow: moved out of the area, but within the associated area",3,Mixed or Multiple ethnic groups,2,Aged 16 to 24 years,876
E92000001,England,1,"Outflow: moved out of the area, but within the associated area",3,Mixed or Multiple ethnic groups,3,Aged 25 to 34 years,361
E92000001,England,1,"Outflow: moved out of the area, but within the associated area",3,Mixed or Multiple ethnic groups,4,Aged 35 to 49 years,161
E92000001,England,1,"Outflow: moved out of the area, but within the associated area",3,Mixed or Multiple ethnic groups,5,Aged 50 to 64 years,73
E92000001,England,1,"Outflow: moved out of the area, but within the associated area",3,Mixed or Multiple ethnic groups,6,Aged 65 years and over,15
E92000001,England,1,"Outflow: moved out of the area, but within the associated area",4,White,0,Aged under 1 year,0
E92000001,England,1,"Outflow: moved out of the area, but within the associated area",4,White,1,Aged 1 to 15 years,3590
E92000001,England,1,"Outflow: moved out of the area, but within the associated area",4,White,2,Aged 16 to 24 years,18716
E92000001,England,1,"Outflow: moved out of the area, but within the associated area",4,White,3,Aged 25 to 34 years,9932
E92000001,England,1,"Outflow: moved out of the area, but within the associated area",4,White,4,Aged 35 to 49 years,6056
E92000001,England,1,"Outflow: moved out of the area, but within the associated area",4,White,5,Aged 50 to 64 years,6725
E92000001,England,1,"Outflow: moved out of the area, but within the associated area",4,White,6,Aged 65 years and over,3873
E92000001,England,1,"Outflow: moved out of the area, but within the associated area",5,Other ethnic group,0,Aged under 1 year,0
E92000001,England,1,"Outflow: moved out of the area, but within the associated area",5,Other ethnic group,1,Aged 1 to 15 years,150
E92000001,England,1,"Outflow: moved out of the area, but within the associated area",5,Other ethnic group,2,Aged 16 to 24 years,289
E92000001,England,1,"Outflow: moved out of the area, but within the associated area",5,Other ethnic group,3,Aged 25 to 34 years,277
E92000001,England,1,"Outflow: moved out of the area, but within the associated area",5,Other ethnic group,4,Aged 35 to 49 years,175
E92000001,England,1,"Outflow: moved out of the area, but within the associated area",5,Other ethnic group,5,Aged 50 to 64 years,47
E92000001,England,1,"Outflow: moved out of the area, but within the associated area",5,Other ethnic group,6,Aged 65 years and over,12
W92000004,Wales,-8,Does not apply,-8,Does not apply,0,Aged under 1 year,0
W92000004,Wales,-8,Does not apply,-8,Does not apply,1,Aged 1 to 15 years,0
W92000004,Wales,-8,Does not apply,-8,Does not apply,2,Aged 16 to 24 years,0
W92000004,Wales,-8,Does not apply,-8,Does not apply,3,Aged 25 to 34 years,0
W92000004,Wales,-8,Does not apply,-8,Does not apply,4,Aged 35 to 49 years,0
W92000004,Wales,-8,Does not apply,-8,Does not apply,5,Aged 50 to 64 years,0
W92000004,Wales,-8,Does not apply,-8,Does not apply,6,Aged 65 years and over,0
W92000004,Wales,-8,Does not apply,1,"Asian, Asian British or Asian Welsh",0,Aged under 1 year,0
W92000004,Wales,-8,Does not apply,1,"Asian, Asian British or Asian Welsh",1,Aged 1 to 15 years,1394
W92000004,Wales,-8,Does not apply,1,"Asian, Asian British or Asian Welsh",2,Aged 16 to 24 years,2724
W92000004,Wales,-8,Does not apply,1,"Asian, Asian British or Asian Welsh",3,Aged 25 to 34 years,1926
W92000004,Wales,-8,Does not apply,1,"Asian, Asian British or Asian Welsh",4,Aged 35 to 49 years,1578
W92000004,Wales,-8,Does not apply,1,"Asian, Asian British or Asian Welsh",5,Aged 50 to 64 years,391
W92000004,Wales,-8,Does not apply,1,"Asian, Asian British or Asian Welsh",6,Aged 65 years and over,131
W92000004,Wales,-8,Does not apply,2,"Black, Black British, Black Welsh, Caribbean or African",0,Aged under 1 year,0
W92000004,Wales,-8,Does not apply,2,"Black, Black British, Black Welsh, Caribbean or African",1,Aged 1 to 15 years,556
W92000004,Wales,-8,Does not apply,2,"Black, Black British, Black Welsh, Caribbean or African",2,Aged 16 to 24 years,901
W92000004,Wales,-8,Does not apply,2,"Black, Black British, Black Welsh, Caribbean or African",3,Aged 25 to 34 years,766
W92000004,Wales,-8,Does not apply,2,"Black, Black British, Black Welsh, Caribbean or African",4,Aged 35 to 49 years,535
W92000004,Wales,-8,Does not apply,2,"Black, Black British, Black Welsh, Caribbean or African",5,Aged 50 to 64 years,159
W92000004,Wales,-8,Does not apply,2,"Black, Black British, Black Welsh, Caribbean or African",6,Aged 65 years and over,28
W92000004,Wales,-8,Does not apply,3,Mixed or Multiple ethnic groups,0,Aged under 1 year,0
W92000004,Wales,-8,Does not apply,3,Mixed or Multiple ethnic groups,1,Aged 1 to 15 years,1581
W92000004,Wales,-8,Does not apply,3,Mixed or Multiple ethnic groups,2,Aged 16 to 24 years,1652
W92000004,Wales,-8,Does not apply,3,Mixed or Multiple ethnic groups,3,Aged 25 to 34 years,1019
W92000004,Wales,-8,Does not apply,3,Mixed or Multiple ethnic groups,4,Aged 35 to 49 years,483
W92000004,Wales,-8,Does not apply,3,Mixed or Multiple ethnic groups,5,Aged 50 to 64 years,235
W92000004,Wales,-8,Does not apply,3,Mixed or Multiple ethnic groups,6,Aged 65 years and over,61
W92000004,Wales,-8,Does not apply,4,White,0,Aged under 1 year,0
W92000004,Wales,-8,Does not apply,4,White,1,Aged 1 to 15 years,34705
W92000004,Wales,-8,Does not apply,4,White,2,Aged 16 to 24 years,52655
W92000004,Wales,-8,Does not apply,4,White,3,Aged 25 to 34 years,49545
W92000004,Wales,-8,Does not apply,4,White,4,Aged 35 to 49 years,30491
W92000004,Wales,-8,Does not apply,4,White,5,Aged 50 to 64 years,19018
W92000004,Wales,-8,Does not apply,4,White,6,Aged 65 years and over,13467
W92000004,Wales,-8,Does not apply,5,Other ethnic group,0,Aged under 1 year,0
W92000004,Wales,-8,Does not apply,5,Other ethnic group,1,Aged 1 to 15 years,591
W92000004,Wales,-8,Does not apply,5,Other ethnic group,2,Aged 16 to 24 years,704
W92000004,Wales,-8,Does not apply,5,Other ethnic group,3,Aged 25 to 34 years,825
W92000004,Wales,-8,Does not apply,5,Other ethnic group,4,Aged 35 to 49 years,562
W92000004,Wales,-8,Does not apply,5,Other ethnic group,5,Aged 50 to 64 years,138
W92000004,Wales,-8,Does not apply,5,Other ethnic group,6,Aged 65 years and over,39
W92000004,Wales,1,"Outflow: moved out of the area, but within the associated area",-8,Does not apply,0,Aged under 1 year,0
W92000004,Wales,1,"Outflow: moved out of the area, but within the associated area",-8,Does not apply,1,Aged 1 to 15 years,0
W92000004,Wales,1,"Outflow: moved out of the area, but within the associated area",-8,Does not apply,2,Aged 16 to 24 years,0
W92000004,Wales,1,"Outflow: moved out of the area, but within the associated area",-8,Does not apply,3,Aged 25 to 34 years,0
W92000004,Wales,1,"Outflow: moved out of the area, but within the associated area",-8,Does not apply,4,Aged 35 to 49 years,0
W92000004,Wales,1,"Outflow: moved out of the area, but within the associated area",-8,Does not apply,5,Aged 50 to 64 years,0
W92000004,Wales,1,"Outflow: moved out of the area, but within the associated area",-8,Does not apply,6,Aged 65 years and over,0
W92000004,Wales,1,"Outflow: moved out of the area, but within the associated area",1,"Asian, Asian British or Asian Welsh",0,Aged under 1 year,0
W92000004,Wales,1,"Outflow: moved out of the area, but within the associated area",1,"Asian, Asian British or Asian Welsh",1,Aged 1 to 15 years,322
W92000004,Wales,1,"Outflow: moved out of the area, but within the associated area",1,"Asian, Asian British or Asian Welsh",2,Aged 16 to 24 years,1171
W92000004,Wales,1,"Outflow: moved out of the area, but within the associated area",1,"Asian, Asian British or Asian Welsh",3,Aged 25 to 34 years,758
W92000004,Wales,1,"Outflow: moved out of the area, but within the associated area",1,"Asian, Asian British or Asian Welsh",4,Aged 35 to 49 years,433
W92000004,Wales,1,"Outflow: moved out of the area, but within the associated area",1,"Asian, Asian British or Asian Welsh",5,Aged 50 to 64 years,103
W92000004,Wales,1,"Outflow: moved out of the area, but within the associated area",1,"Asian, Asian British or Asian Welsh",6,Aged 65 years and over,52
W92000004,Wales,1,"Outflow: moved out of the area, but within the associated area",2,"Black, Black British, Black Welsh, Caribbean or African",0,Aged under 1 year,0
W92000004,Wales,1,"Outflow: moved out of the area, but within the associated area",2,"Black, Black British, Black Welsh, Caribbean or African",1,Aged 1 to 15 years,130
W92000004,Wales,1,"Outflow: moved out of the area, but within the associated area",2,"Black, Black British, Black Welsh, Caribbean or African",2,Aged 16 to 24 years,383
W92000004,Wales,1,"Outflow: moved out of the area, but within the associated area",2,"Black, Black British, Black Welsh, Caribbean or African",3,Aged 25 to 34 years,253
W92000004,Wales,1,"Outflow: moved out of the area, but within the associated area",2,"Black, Black British, Black Welsh, Caribbean or African",4,Aged 35 to 49 years,167
W92000004,Wales,1,"Outflow: moved out of the area, but within the associated area",2,"Black, Black British, Black Welsh, Caribbean or African",5,Aged 50 to 64 years,40
W92000004,Wales,1,"Outflow: moved out of the area, but within the associated area",2,"Black, Black British, Black Welsh, Caribbean or African",6,Aged 65 years and over,12
W92000004,Wales,1,"Outflow: moved out of the area, but within the associated area",3,Mixed or Multiple ethnic groups,0,Aged under 1 year,0
W92000004,Wales,1,"Outflow: moved out of the area, but within the associated area",3,Mixed or Multiple ethnic groups,1,Aged 1 to 15 years,153
W92000004,Wales,1,"Outflow: moved out of the area, but within the associated area",3,Mixed or Multiple ethnic groups,2,Aged 16 to 24 years,755
W92000004,Wales,1,"Outflow: moved out of the area, but within the associated area",3,Mixed or Multiple ethnic groups,3,Aged 25 to 34 years,260
W92000004,Wales,1,"Outflow: moved out of the area, but within the associated area",3,Mixed or Multiple ethnic groups,4,Aged 35 to 49 years,100
W92000004,Wales,1,"Outflow: moved out of the area, but within the associated area",3,Mixed or Multiple ethnic groups,5,Aged 50 to 64 years,29
W92000004,Wales,1,"Outflow: moved out of the area, but within the associated area",3,Mixed or Multiple ethnic groups,6,Aged 65 years and over,9
W92000004,Wales,1,"Outflow: moved out of the area, but within the associated area",4,White,0,Aged under 1 year,0
W92000004,Wales,1,"Outflow: moved out of the area, but within the associated area",4,White,1,Aged 1 to 15 years,1946
W92000004,Wales,1,"Outflow: moved out of the area, but within the associated area",4,White,2,Aged 16 to 24 years,17399
W92000004,Wales,1,"Outflow: moved out of the area, but within the associated area",4,White,3,Aged 25 to 34 years,7277
W92000004,Wales,1,"Outflow: moved out of the area, but within the associated area",4,White,4,Aged 35 to 49 years,3303
W92000004,Wales,1,"Outflow: moved out of the area, but within the associated area",4,White,5,Aged 50 to 64 years,2814
W92000004,Wales,1,"Outflow: moved out of the area, but within the associated area",4,White,6,Aged 65 years and over,2924
W92000004,Wales,1,"Outflow: moved out of the area, but within the associated area",5,Other ethnic group,0,Aged under 1 year,0
W92000004,Wales,1,"Outflow: moved out of the area, but within the associated area",5,Other ethnic group,1,Aged 1 to 15 years,151
W92000004,Wales,1,"Outflow: moved out of the area, but within the associated area",5,Other ethnic group,2,Aged 16 to 24 years,284
W92000004,Wales,1,"Outflow: moved out of the area, but within the associated area",5,Other ethnic group,3,Aged 25 to 34 years,261
W92000004,Wales,1,"Outflow: moved out of the area, but within the associated area",5,Other ethnic group,4,Aged 35 to 49 years,177
W92000004,Wales,1,"Outflow: moved out of the area, but within the associated area",5,Other ethnic group,5,Aged 50 to 64 years,44
W92000004,Wales,1,"Outflow: moved out of the area, but within the associated area",5,Other ethnic group,6,Aged 65 years and over,19
