from_postcode,RM70AG,E11BB,SW66SX,SE59RW,BR68ND,HA13UJ,SW170QT,NW12BU,DE223NE,NN15BD,NG51PB,NG174JL,LN25QY,PE219QS,LE15WW,SS165NL,MK429DJ,CB20QQ,CO45JL,SG14AB,IP45PD,NR316LA,LU40DZ,CM17ET,NR47UY,PE39GZ,PE304ET,SS00RY,WD180HB,IP332QZ,DE130RB,DY12HQ,CV107DJ,B95SS,WV100QP,B714HJ,TF16TF,CV345BW,B152TH,CV22DX,ST46QG,WS29PS,WR51DD,HR12ER,L97AL,CH21UL,CW14QJ,L78XP,PR86PN,L355DR,WA51QG,CH495PE,FY38NR,BB23HH,PR29HT,BL97TD,M68HD,SK27JE,LA144LF,LA14RP,SR47TP,DH15TW,NE96SX,NE14LP,CA27HY,CA288JG,TS198PE,NE236NZ,TS43BW,NE340PL,S752EP,BD96RJ,HX30PW,S445BL,DN25LT,HG27SX,HU32JZ,LS13EX,WF14DG,DN157BH,S602UD,S102JF,YO318HE,KT160PZ,RH164EX,BN25BE,DA28DA,CT13NG,CT94AN,TN240LZ,BN212UD,KT187EG,GU167UJ,ME169QQ,TN24QJ,ME75NY,GU27XX,RH15RH,PO196SE,BN112DH,GL13NN,SN36BB,BS105NB,EX314JB,PL68DH,TR13LQ,EX25DW,BA13NG,SP28BJ,TA15DA,TQ27AA,BS28HW,BS234TQ,BA214AT,HP112TT,SL24HL,MK65LD,OX169AL,OX39DU,RG15AN,DT12JY,SO225DG,PO305TG,BH152JB,PO63LY,BH77DW,SO166YD
RM70AG,0,34,71,54,50,64,76,56,169,103,172,180,187,152,142,29,91,67,62,65,85,154,66,44,124,106,128,42,61,90,174,177,139,156,173,164,192,141,166,132,196,166,174,213,251,247,215,252,267,243,237,256,282,267,265,256,243,247,380,284,296,288,298,305,341,374,272,310,268,301,208,239,238,188,191,232,227,222,215,208,195,206,236,80,87,105,33,81,96,73,113,74,95,55,58,54,84,68,125,106,168,132,174,278,292,358,250,172,155,223,270,173,200,197,82,77,87,124,106,97,200,130,200,179,126,160,141
E11BB,34,0,41,25,45,61,46,24,172,106,175,184,190,155,145,41,94,70,83,68,106,159,70,65,127,109,131,58,59,93,178,172,142,159,176,166,196,132,162,136,200,170,164,203,254,251,219,256,270,246,241,259,285,271,269,260,247,251,384,288,299,291,301,308,344,378,275,328,271,304,211,242,241,191,194,235,230,225,218,227,198,214,239,71,88,106,40,88,103,74,114,73,82,55,59,61,79,69,127,107,157,119,161,265,279,345,236,159,142,210,258,160,187,185,72,65,91,114,96,84,187,117,191,166,121,147,128
SW66SX,73,43,0,31,64,35,23,26,163,98,167,175,199,172,137,81,86,102,120,69,143,197,61,102,165,126,163,98,49,130,161,148,133,137,155,142,174,108,138,124,179,148,140,173,233,230,197,235,249,225,220,238,264,250,248,239,226,230,363,271,316,308,318,325,332,366,292,330,288,321,210,252,250,183,210,252,248,235,227,230,197,206,256,39,80,99,76,120,135,102,115,40,50,83,79,94,45,60,96,98,127,87,129,232,247,312,204,127,110,178,225,128,155,152,47,41,82,90,71,52,155,85,159,134,87,115,96
SE59RW,55,25,31,0,43,59,29,26,180,114,183,191,213,178,152,62,102,93,104,82,127,182,77,86,150,132,153,79,65,116,184,172,150,161,178,166,198,132,161,143,202,172,164,197,257,253,221,258,273,249,244,262,288,274,272,262,249,253,386,290,321,314,324,331,355,390,297,336,293,327,226,265,264,198,217,258,253,248,240,234,213,222,262,62,87,106,53,99,114,84,122,55,74,65,69,72,65,68,115,106,151,111,153,256,271,336,228,151,134,202,248,152,178,176,71,64,98,114,95,76,178,109,180,158,106,138,119
BR68ND,47,45,58,41,0,89,45,64,189,123,192,201,207,173,162,43,111,88,83,85,106,173,87,66,145,127,148,60,81,110,195,185,159,174,191,178,211,144,174,152,215,184,176,209,270,266,234,271,286,262,256,275,301,286,284,275,262,266,399,307,316,308,318,326,361,395,292,330,288,322,229,259,259,208,211,252,248,243,235,228,215,227,256,55,62,81,24,71,86,57,88,47,71,38,33,44,59,43,101,81,163,123,165,264,273,338,230,163,131,209,251,164,191,173,84,77,108,126,108,88,176,106,175,155,101,136,117
HA13UJ,64,54,35,55,89,0,58,31,145,79,148,157,180,150,118,71,67,79,100,47,123,177,42,82,145,104,141,84,27,111,151,139,115,128,145,132,165,98,128,108,169,138,130,169,224,220,188,225,240,216,210,229,255,240,238,229,216,220,353,257,297,285,295,303,322,356,273,307,265,299,192,234,231,164,191,229,225,216,208,206,179,187,233,41,91,110,74,122,137,112,125,58,51,94,90,95,55,70,105,109,124,89,131,234,249,314,206,129,112,180,227,130,157,154,38,31,63,80,62,54,156,87,161,136,96,116,97
SW170QT,74,43,19,27,48,55,0,40,181,115,184,192,216,189,153,81,103,112,123,85,146,201,78,106,169,142,173,98,66,135,180,168,151,157,174,161,194,127,157,143,198,168,159,192,253,249,217,254,269,245,240,258,284,269,268,258,245,249,382,291,332,324,334,342,351,386,308,346,304,337,227,269,267,199,227,268,265,252,244,247,214,223,272,42,71,90,66,110,126,92,106,36,58,74,70,85,45,50,96,90,147,107,148,252,261,326,218,147,119,197,239,148,174,161,67,60,99,110,91,72,163,94,161,143,87,123,104
NW12BU,56,24,27,26,68,33,44,0,157,91,160,169,192,163,130,63,79,89,101,60,124,178,55,84,146,117,149,80,42,112,163,151,127,140,157,145,177,110,140,121,181,151,143,181,236,232,200,237,252,228,223,241,267,252,251,241,228,232,365,269,306,298,308,316,334,368,282,320,278,312,204,246,243,176,203,242,238,228,220,219,191,199,246,52,102,121,62,110,125,96,136,66,63,78,82,84,66,82,117,121,136,100,142,246,260,326,218,139,123,191,239,141,168,166,50,42,76,93,74,65,168,98,172,147,108,128,109
DE223NE,168,173,164,181,190,143,186,154,0,82,34,35,89,122,48,170,106,127,188,129,185,219,107,167,187,110,150,183,128,152,17,68,55,50,51,52,66,68,62,56,46,48,79,123,103,99,67,104,119,95,90,108,134,120,118,108,95,94,232,141,176,168,178,186,201,236,152,190,148,182,71,113,110,43,70,112,108,95,87,90,58,66,116,151,201,220,173,221,236,213,236,169,162,195,198,194,165,181,207,220,107,134,137,237,252,317,209,154,188,183,230,140,159,210,125,142,96,85,111,149,238,163,242,217,190,198,179
NN15BD,102,107,99,115,124,78,121,88,83,0,86,94,118,105,56,104,38,71,133,63,129,163,40,111,131,66,108,117,62,97,88,91,53,70,87,78,106,55,80,46,110,80,94,138,165,161,129,166,181,157,151,170,196,181,179,170,157,161,294,198,235,227,237,244,263,298,211,249,207,240,129,171,169,102,129,171,167,154,146,149,116,125,175,86,136,155,106,155,169,147,171,104,97,129,132,128,100,115,151,155,116,97,142,245,260,325,217,140,139,191,238,141,168,182,77,79,30,49,62,99,189,115,193,169,141,149,130
NG51PB,171,177,168,184,193,147,190,157,34,86,0,26,67,100,52,173,110,128,181,129,177,212,110,159,178,100,130,186,132,153,48,89,66,67,82,76,97,77,78,62,75,78,97,140,132,129,97,134,149,125,119,138,164,147,147,128,125,104,262,170,171,163,173,181,216,250,147,185,143,177,67,109,107,40,66,107,105,92,84,86,54,63,111,155,205,224,176,224,239,216,240,173,166,198,201,197,169,185,220,224,124,152,155,255,269,335,227,172,205,200,247,158,177,228,142,148,99,102,127,166,254,180,259,234,207,215,196
NG174JL,180,185,178,194,202,157,200,166,34,95,28,0,66,106,61,182,119,136,189,138,194,211,119,168,177,118,129,195,141,162,48,98,75,77,83,84,98,86,88,72,77,80,106,150,135,131,99,136,151,127,121,140,160,133,144,114,116,89,259,167,158,151,161,168,203,237,134,173,130,164,53,95,93,25,52,95,91,78,70,73,40,48,98,165,215,234,185,233,248,226,250,183,176,208,210,207,179,194,230,234,134,161,165,264,279,344,236,181,214,210,257,167,187,239,152,157,109,111,137,175,264,190,268,243,216,224,205
LN25QY,171,176,193,200,193,171,215,179,91,120,70,66,0,61,81,173,118,118,180,129,176,178,138,159,144,83,97,186,160,144,99,139,100,118,133,127,149,111,129,96,127,128,145,188,169,175,148,171,186,161,156,181,182,156,166,135,141,139,281,189,172,164,174,182,217,250,148,186,144,178,85,115,115,75,66,108,66,99,91,50,71,83,110,183,230,249,176,224,239,217,256,201,194,199,201,198,197,212,248,249,173,193,203,303,318,383,275,220,239,249,296,206,225,276,176,177,133,136,161,197,289,214,293,268,239,249,230
PE219QS,152,157,173,180,174,149,196,160,119,108,98,94,62,0,108,154,99,99,159,109,151,140,118,139,106,55,57,167,140,120,127,168,127,146,162,155,177,138,157,124,155,157,172,216,208,208,176,209,224,200,195,218,221,195,205,174,180,177,320,228,211,203,213,220,256,290,187,225,183,216,123,154,153,113,106,147,98,137,130,94,110,121,147,164,211,229,156,205,220,197,237,182,175,179,182,178,178,192,229,229,200,197,231,330,345,410,302,240,235,276,323,233,253,277,162,156,113,149,162,177,279,210,284,259,220,239,221
LE15WW,140,146,138,153,162,116,159,126,49,55,52,61,79,108,0,142,79,97,158,102,155,189,79,137,156,72,113,155,101,122,55,76,35,55,72,63,91,46,66,31,83,65,80,123,140,136,104,141,156,132,127,145,171,157,155,146,132,132,270,178,201,193,203,211,238,273,177,216,173,207,96,138,136,68,95,137,133,120,113,114,83,91,141,125,175,193,145,193,208,186,209,142,136,168,170,167,139,154,189,193,107,128,138,238,252,318,210,154,174,183,231,141,160,211,111,118,68,71,96,135,223,149,228,203,176,183,164
SS165NL,28,43,80,63,44,71,85,65,170,104,173,182,189,154,143,0,92,69,50,66,73,139,68,36,123,108,129,23,63,90,176,179,140,157,174,166,194,143,168,134,198,168,176,215,252,249,217,254,268,245,239,258,283,269,267,258,245,249,382,290,297,290,300,307,342,376,273,312,269,303,210,240,240,189,208,234,245,224,216,210,197,208,237,74,80,100,27,75,90,67,107,68,90,49,52,48,78,63,120,100,169,134,176,279,292,358,249,174,151,225,271,175,202,193,83,79,89,126,107,99,195,125,194,174,120,155,136
MK429DJ,91,96,88,104,113,67,110,77,108,38,110,119,118,98,80,93,0,48,109,37,106,139,29,88,108,52,93,106,51,73,113,116,77,94,111,103,131,80,105,71,135,105,119,162,189,186,154,191,206,182,176,195,220,206,204,195,182,186,319,227,241,233,243,251,286,320,217,255,213,247,154,184,184,126,136,177,173,168,160,153,140,149,181,75,125,144,95,144,159,136,160,93,86,118,121,117,89,104,140,144,136,117,162,265,280,345,237,160,146,211,258,161,187,188,73,67,24,73,82,88,191,121,195,170,131,151,132
CB20QQ,66,71,102,94,88,78,115,88,131,73,121,127,120,99,99,68,48,0,74,38,76,109,66,53,78,53,75,81,71,43,136,137,99,116,133,125,153,109,127,93,157,127,141,184,211,208,175,213,227,203,198,216,242,227,226,205,204,208,341,249,242,235,245,252,288,321,219,257,215,248,155,186,185,145,138,179,174,169,161,155,142,153,183,94,125,144,71,119,134,111,151,112,105,93,96,92,108,106,159,143,169,143,184,288,303,368,260,182,165,234,281,184,210,208,92,88,62,111,116,108,210,140,214,189,150,170,151
CO45JL,60,83,120,105,84,101,125,102,194,134,194,190,197,159,162,49,111,77,0,92,34,100,97,45,84,116,113,54,92,51,199,201,162,179,196,188,216,172,190,156,220,190,204,245,274,271,239,276,290,267,261,280,306,290,289,269,267,271,404,312,306,298,308,316,351,385,282,320,278,312,218,249,248,208,217,242,237,232,225,234,205,216,246,114,121,140,67,115,130,107,147,108,126,89,92,88,118,102,159,139,199,164,206,309,324,389,281,204,187,255,302,205,231,229,113,108,119,156,137,129,231,161,234,210,160,191,172
SG14AB,63,69,70,83,85,44,92,56,130,64,132,137,130,110,103,65,36,39,90,0,100,134,32,71,102,63,101,78,38,68,135,138,100,117,134,125,153,102,127,93,157,127,141,185,212,208,176,213,228,204,198,217,243,228,226,216,204,208,341,245,253,245,255,263,298,332,229,267,225,259,165,196,195,149,148,189,184,179,172,165,152,163,193,62,112,130,68,116,131,108,147,79,73,91,93,90,76,91,126,131,145,110,152,256,270,336,227,150,133,201,248,151,178,175,60,55,48,95,84,75,177,108,182,157,117,137,118
IP45PD,86,109,145,130,109,126,150,127,189,132,180,186,179,151,158,74,106,76,35,100,0,89,123,70,76,112,105,79,117,43,195,196,158,175,192,184,212,168,186,151,216,186,200,243,270,266,234,271,286,262,257,275,301,286,285,264,262,267,400,308,301,294,304,311,346,380,277,316,273,307,214,245,244,204,197,238,233,228,220,214,201,212,242,139,146,165,92,140,155,132,172,133,151,114,117,113,143,127,185,165,224,189,231,334,349,414,306,229,212,280,327,230,257,254,138,134,121,169,162,154,256,187,259,236,185,216,197
NR316LA,155,162,199,185,178,176,207,180,225,168,212,212,188,142,189,143,141,112,104,135,81,0,161,139,44,136,94,148,168,92,230,232,193,210,227,219,247,204,221,187,251,221,235,279,305,302,270,307,321,298,292,311,336,312,320,291,297,295,435,343,328,320,330,338,373,407,304,342,300,334,240,271,271,230,223,264,233,255,247,229,227,239,268,192,215,233,161,209,224,201,241,202,203,183,186,182,206,197,254,234,263,240,282,386,400,466,357,280,263,331,378,281,308,305,190,185,156,205,213,205,307,238,312,287,248,267,249
LU40DZ,66,71,63,79,88,42,85,52,107,41,109,118,141,117,79,68,28,65,97,32,120,159,0,79,127,71,112,81,26,92,112,115,76,93,110,102,130,79,104,70,134,104,118,161,188,185,153,190,205,181,175,194,220,205,203,194,181,185,290,222,258,251,261,268,287,322,234,273,230,264,153,195,193,125,152,195,191,178,170,173,140,148,198,50,100,118,71,119,133,111,135,68,61,93,96,92,64,80,115,119,134,99,140,244,258,324,216,138,121,189,236,139,166,163,48,43,25,72,72,63,166,96,170,145,106,126,107
CM17ET,41,64,101,85,64,79,105,83,170,113,161,167,173,139,139,33,87,54,38,69,61,130,78,0,111,93,114,38,73,72,176,177,139,156,173,164,192,149,166,132,196,166,181,224,251,247,215,252,267,243,237,256,282,266,265,245,243,247,380,284,282,274,284,292,327,361,258,296,254,288,195,225,225,185,177,218,214,209,201,195,181,193,222,95,101,119,47,95,107,88,127,88,107,70,72,69,98,83,140,120,180,144,186,290,304,370,262,184,167,235,283,185,212,209,94,89,99,136,118,109,212,142,214,191,140,172,153
NR47UY,123,128,165,151,145,140,173,147,191,134,176,176,153,106,153,123,108,78,84,102,76,41,127,111,0,100,58,128,135,58,197,198,160,177,194,185,213,170,187,153,217,187,201,245,272,268,236,273,288,264,258,277,302,276,286,255,262,259,401,310,292,284,294,302,337,371,268,306,264,298,205,235,235,195,187,228,197,219,211,193,191,203,232,158,182,201,128,176,191,169,208,169,169,151,153,150,172,164,221,201,229,207,248,352,367,432,324,246,229,298,344,247,274,272,156,151,122,171,180,171,274,204,278,253,214,234,215
PE39GZ,105,110,127,133,127,102,149,113,103,61,85,91,83,55,62,107,52,52,113,62,110,133,71,92,99,0,51,120,93,77,110,124,85,102,119,111,139,96,113,79,137,113,127,171,195,191,159,196,211,187,181,200,217,191,200,169,176,173,315,219,206,199,209,216,251,285,182,221,178,212,119,150,149,109,102,143,138,133,125,119,106,117,147,117,164,183,110,158,170,150,190,135,128,132,135,131,131,145,182,182,155,150,186,285,300,365,257,193,188,231,278,188,208,230,115,111,66,102,115,130,233,163,237,212,173,193,174
PE304ET,126,132,165,155,149,141,176,150,145,102,128,128,97,58,105,128,93,75,110,100,102,91,112,114,58,52,0,141,133,71,152,166,128,145,162,153,181,138,155,121,180,155,170,213,237,233,201,239,253,229,224,242,254,228,238,207,213,211,353,257,244,236,246,254,289,323,220,258,216,250,156,187,187,146,139,180,149,171,163,145,143,155,184,157,185,204,131,180,195,172,211,172,168,154,157,153,171,167,221,204,197,191,228,328,342,408,300,234,228,273,320,231,250,270,154,150,107,143,156,170,272,203,277,252,212,232,213
SS00RY,42,59,96,79,60,85,101,80,185,119,187,196,203,168,157,22,106,83,55,81,79,145,82,42,129,122,143,0,77,96,190,193,154,171,189,180,208,157,182,148,212,182,190,229,266,263,231,268,283,259,253,272,297,283,281,272,259,263,396,304,311,304,314,321,356,391,287,326,283,317,224,255,254,203,207,248,243,238,230,224,211,222,252,90,97,116,43,91,106,83,123,84,106,65,68,64,94,78,136,116,183,148,190,294,308,374,265,188,166,239,286,189,216,209,98,93,103,140,122,113,211,141,210,190,136,171,152
WD180HB,63,62,54,69,85,28,75,42,130,64,133,142,165,141,103,65,52,72,94,39,117,171,28,76,139,95,134,77,0,105,136,139,100,117,134,126,154,99,128,94,158,128,131,170,212,209,177,214,228,205,199,218,243,229,227,218,205,209,342,250,282,275,284,292,311,345,258,297,254,288,177,219,216,149,176,219,215,202,194,196,164,172,222,41,91,110,67,116,127,108,126,58,52,90,90,89,55,70,105,110,124,89,131,234,249,315,206,129,112,180,227,130,157,154,39,33,49,81,63,54,156,87,161,136,96,116,97
IP332QZ,89,94,130,117,111,109,138,112,156,99,147,153,160,120,125,90,73,43,52,67,43,90,92,74,59,79,72,95,100,0,162,163,125,142,159,150,178,135,152,118,182,152,167,210,237,233,201,238,253,229,224,242,268,253,251,231,229,233,366,275,268,261,271,278,313,347,244,283,240,274,181,211,211,170,164,205,200,195,187,181,168,179,208,123,147,166,93,142,157,134,173,134,134,116,119,115,137,129,186,166,194,172,214,317,332,397,289,212,195,263,310,213,239,237,121,116,87,136,145,137,239,169,243,218,179,199,180
DE130RB,178,183,167,190,200,154,188,164,20,93,49,50,104,135,59,180,116,137,199,139,195,229,117,177,197,120,161,193,138,163,0,70,57,53,54,55,69,71,64,58,49,51,81,125,106,101,70,107,122,98,93,111,137,122,121,111,98,102,235,144,191,183,193,201,204,239,167,205,163,197,86,128,125,58,85,127,124,110,102,105,73,81,131,154,204,222,183,231,246,223,238,171,165,205,203,204,168,183,210,222,109,137,140,240,254,320,211,156,191,185,233,143,162,212,128,144,106,87,113,152,240,166,245,220,192,200,181
DY12HQ,175,174,152,175,187,140,173,151,66,90,88,95,137,165,74,177,114,134,196,137,192,226,114,175,194,129,171,190,136,160,64,0,51,39,25,20,47,56,29,53,63,26,44,87,117,113,81,119,133,109,104,122,148,134,132,123,110,114,247,151,236,229,239,246,215,250,213,251,209,242,131,159,145,103,131,173,169,156,148,151,118,127,177,139,189,207,180,228,240,210,223,156,150,192,188,202,153,168,194,207,71,99,102,202,216,282,174,119,164,147,195,105,124,175,113,129,103,72,98,137,203,150,228,204,176,184,165
CV107DJ,138,144,136,152,161,115,157,124,58,53,67,76,99,128,37,140,77,97,159,100,155,189,77,138,157,92,134,153,99,123,54,54,0,33,50,42,70,32,44,16,74,44,58,101,128,124,92,129,144,120,115,133,159,145,143,134,120,125,258,166,216,208,218,226,226,260,192,230,188,222,111,153,150,83,110,152,149,135,127,130,98,106,156,123,173,192,143,191,206,184,207,140,134,166,169,165,137,152,179,191,86,113,116,216,231,296,188,133,160,162,209,119,138,189,97,112,66,56,82,121,209,135,214,189,161,169,150
B95SS,155,161,139,162,174,127,161,139,50,70,68,76,116,145,54,157,94,114,176,117,172,206,94,154,174,109,151,170,116,140,48,39,31,0,35,27,55,43,21,32,64,29,53,96,119,115,83,120,135,111,106,124,150,135,133,124,111,115,248,156,217,209,219,227,217,252,193,231,189,222,111,153,147,84,111,153,149,136,128,131,98,107,157,126,176,195,160,208,223,198,211,144,137,179,175,182,140,156,182,195,80,108,111,211,225,291,183,128,163,157,204,114,133,184,100,117,83,60,86,124,212,138,217,192,165,173,154
WV100QP,176,181,161,185,197,150,184,161,49,91,78,79,132,162,75,178,115,135,197,137,193,227,115,175,195,130,171,191,137,161,47,29,52,40,0,25,33,65,39,53,47,18,55,99,101,97,66,103,117,94,88,107,133,118,116,107,94,98,231,135,220,213,222,230,200,234,196,235,192,226,115,143,129,87,114,156,153,139,132,134,102,110,160,148,198,217,181,229,244,220,233,166,159,201,198,202,162,178,205,217,83,110,114,213,228,293,185,129,175,159,206,116,136,187,123,139,104,82,108,146,215,161,239,214,187,195,176
B714HJ,163,167,145,168,180,134,167,145,53,78,76,82,124,153,62,165,102,122,184,125,180,214,102,162,182,117,158,178,124,148,51,20,39,27,22,0,43,49,20,40,52,16,37,81,107,103,71,108,123,99,93,112,138,123,121,112,99,103,208,144,223,216,226,233,205,240,199,238,195,229,118,149,135,90,117,160,156,143,135,138,105,114,164,132,182,200,168,216,231,204,217,150,143,185,181,189,146,162,187,201,65,92,96,195,210,275,167,112,157,141,188,98,118,169,107,123,91,66,92,130,197,143,222,197,170,178,159
TF16TF,191,197,177,200,212,165,199,177,65,106,94,95,147,178,90,193,130,150,212,153,208,242,130,191,210,145,187,206,152,176,63,46,67,56,34,45,0,81,55,69,51,35,71,91,100,70,59,95,123,95,93,83,140,125,123,114,101,105,238,146,236,228,238,245,207,242,212,250,208,241,130,151,137,103,130,172,168,149,147,150,117,126,176,164,214,233,196,244,260,235,249,182,175,217,213,218,178,193,220,233,99,127,130,230,244,310,201,146,192,175,223,133,152,203,138,154,119,98,123,162,231,176,255,230,203,211,192
CV345BW,140,131,109,133,145,98,131,109,70,55,77,85,109,138,46,142,79,108,170,102,166,200,79,149,168,103,145,155,97,134,68,55,31,43,61,49,80,0,45,21,86,54,47,90,140,137,104,142,156,132,127,145,171,157,155,146,133,137,270,178,226,218,228,236,238,273,202,240,198,232,120,163,160,93,120,162,158,145,137,140,107,116,166,96,146,165,145,186,201,168,181,114,107,149,146,161,110,126,153,165,73,89,104,204,218,284,176,120,133,149,196,107,126,176,71,86,68,30,56,94,183,109,187,163,135,143,124
B152TH,168,164,141,165,177,130,163,141,64,83,80,89,129,158,67,170,106,127,188,129,185,219,107,167,187,122,163,183,128,152,62,30,44,23,37,23,57,45,0,45,67,31,41,84,121,117,85,122,137,113,108,126,152,138,136,127,113,118,251,159,229,222,232,239,219,254,205,244,201,235,124,163,149,96,123,166,162,149,141,144,111,120,170,128,178,196,173,218,233,200,213,146,139,181,178,193,142,158,185,197,68,96,99,199,213,279,171,115,161,144,192,102,121,172,103,119,96,62,88,126,200,141,219,194,167,175,156
CV22DX,132,138,125,146,155,109,146,118,57,47,61,70,93,122,31,134,71,91,153,94,149,183,71,132,151,86,128,147,93,117,55,54,15,32,49,41,69,21,43,0,73,43,57,101,127,124,92,129,143,120,114,133,158,144,142,133,120,124,257,165,210,203,212,220,226,260,186,225,182,216,105,147,145,77,104,146,143,129,122,124,92,100,150,112,162,181,137,185,200,178,197,130,123,160,161,159,126,141,168,181,85,103,116,215,230,295,187,132,149,161,208,118,138,189,86,100,60,46,71,110,198,124,203,178,151,158,139
ST46QG,195,201,181,204,216,169,202,180,45,110,73,75,128,160,83,197,134,154,216,157,212,246,134,194,214,144,185,210,156,180,48,65,71,67,49,55,50,85,66,72,0,46,82,126,68,64,32,70,84,60,55,73,99,85,83,74,61,64,198,106,205,198,208,215,166,201,181,220,177,211,111,110,96,83,110,140,149,109,115,130,98,98,145,168,218,237,200,248,263,239,252,185,179,221,217,222,182,197,224,236,110,137,141,240,255,320,212,157,202,186,232,143,163,214,142,157,123,101,127,166,241,180,259,234,206,214,195
WS29PS,165,171,150,174,186,139,172,150,49,80,78,79,126,155,64,167,104,124,186,126,182,216,104,164,184,119,160,180,126,150,47,27,41,29,16,17,36,54,28,42,46,0,44,88,100,97,65,102,116,92,87,105,131,117,115,106,93,97,230,134,220,212,222,229,199,233,196,234,192,225,114,142,128,87,114,156,152,139,131,134,101,110,160,137,187,206,170,218,233,209,222,155,148,190,187,191,151,167,194,206,72,100,103,202,217,282,174,119,164,148,195,105,125,176,112,128,93,71,97,135,204,150,228,203,176,184,165
WR51DD,174,164,143,166,178,131,164,142,80,94,97,106,143,172,81,176,118,141,203,141,199,233,118,181,201,136,177,189,130,167,78,43,58,52,50,37,70,47,40,59,80,44,0,50,134,130,98,135,150,126,121,139,165,151,149,140,126,131,264,167,246,239,249,256,232,267,222,261,218,252,141,176,162,113,140,183,179,166,158,161,128,136,186,130,180,199,178,219,234,201,215,148,126,183,179,194,139,159,159,190,37,64,67,167,182,247,139,84,129,113,160,70,89,140,104,120,101,64,89,108,168,115,194,169,142,149,130
HR12ER,213,204,174,198,209,170,195,181,125,139,142,151,188,217,126,215,163,186,244,186,244,278,163,226,246,181,222,228,169,212,123,88,103,97,95,82,89,92,85,104,125,89,52,0,171,141,141,166,194,166,164,154,210,196,194,185,171,176,309,212,291,284,294,301,277,312,267,306,263,297,186,221,207,158,185,228,224,211,203,206,173,181,231,160,210,228,208,250,265,232,245,178,152,213,210,225,165,190,185,216,52,90,85,178,193,258,150,101,155,124,171,87,100,151,143,153,146,109,118,134,179,141,220,195,168,176,157
L97AL,250,255,235,258,270,223,257,235,103,164,131,132,165,214,140,252,188,209,270,211,266,300,188,249,268,202,243,265,210,234,105,119,126,121,103,110,101,139,120,127,69,100,136,174,0,46,61,17,31,15,29,30,64,50,48,50,37,56,163,71,181,174,184,191,131,166,157,196,153,187,101,86,72,127,119,117,138,85,91,132,113,109,122,222,272,290,254,303,317,294,307,240,233,275,271,276,236,252,278,291,164,192,195,295,309,375,266,211,256,240,287,198,217,268,196,212,178,156,181,220,296,234,313,288,261,269,250
CH21UL,247,253,233,256,268,221,254,232,100,162,127,129,173,214,137,249,186,206,268,209,264,298,186,246,266,198,240,262,208,232,102,113,123,118,98,107,70,137,118,124,65,98,134,143,44,0,44,38,67,39,37,26,88,74,72,62,49,55,186,90,194,186,196,204,155,190,170,209,166,200,103,99,85,126,131,129,151,97,103,145,112,108,134,220,270,289,252,300,315,291,304,237,230,273,269,274,234,249,276,288,162,189,193,292,307,372,264,209,254,238,285,195,215,266,194,210,175,153,179,218,293,232,310,286,258,266,247
CW14QJ,215,220,200,223,235,189,222,200,67,129,95,97,150,182,105,217,153,174,235,176,232,265,154,214,234,166,207,230,175,199,70,85,91,86,69,75,60,104,85,92,33,65,102,141,61,46,0,63,77,53,48,58,92,78,76,67,54,57,191,99,198,191,201,208,159,194,174,213,170,204,105,103,89,105,132,134,155,102,108,149,114,110,138,187,237,256,220,268,280,259,272,205,198,240,236,241,201,217,243,256,129,157,160,260,274,340,232,176,222,205,253,163,182,233,162,178,143,121,147,185,261,199,278,253,226,234,215
L78XP,252,257,237,261,273,226,259,237,105,167,133,135,168,216,143,254,190,211,272,213,269,303,191,251,271,204,245,267,212,236,108,122,128,123,106,112,96,141,122,129,71,102,139,168,17,38,63,0,44,20,31,20,77,62,60,52,39,58,175,83,184,176,186,194,144,179,160,198,156,190,103,89,75,130,121,118,140,87,93,134,115,112,124,224,274,293,257,305,320,296,309,242,235,277,274,278,238,254,281,293,167,194,197,297,312,377,269,214,259,243,290,200,219,270,199,215,180,158,184,222,298,237,315,290,263,271,252
PR86PN,267,273,253,276,288,241,274,252,120,182,148,150,184,232,158,269,206,226,288,229,284,318,206,266,286,219,261,282,228,252,123,137,143,138,121,127,124,157,138,144,86,117,154,196,31,68,78,44,0,37,50,55,65,55,45,68,55,74,167,71,191,181,191,198,136,171,175,205,171,196,119,104,90,145,137,124,156,103,109,150,131,127,140,240,290,309,272,320,335,311,324,257,250,292,289,293,254,269,296,308,182,209,212,312,327,392,284,228,274,258,304,215,234,285,214,230,195,173,199,237,313,252,330,306,278,286,267
L355DR,242,247,227,251,263,216,249,227,95,157,123,125,158,206,133,244,181,201,262,203,259,293,181,241,261,194,235,257,202,226,98,112,118,113,96,102,95,131,112,119,61,92,129,167,15,40,53,20,36,0,20,38,67,53,51,42,29,49,166,74,174,166,176,184,134,169,150,188,146,180,93,79,65,120,111,109,130,77,83,124,105,102,114,214,264,283,247,295,310,286,299,232,225,267,264,268,228,244,271,283,157,184,187,287,302,367,259,204,249,233,280,190,209,260,189,205,170,148,174,212,288,227,305,280,253,261,242
WA51QG,237,243,223,246,258,211,244,222,90,152,118,120,153,202,128,239,176,196,258,199,254,288,176,237,256,189,231,252,198,222,93,107,113,109,91,98,94,127,108,115,56,88,124,166,29,37,49,30,48,21,0,44,63,49,47,37,24,44,162,70,169,161,171,179,130,165,145,183,141,175,88,74,60,115,107,104,126,72,78,120,101,97,109,210,260,279,242,290,305,281,295,227,221,263,259,264,224,239,266,279,152,179,183,282,297,362,254,199,244,228,275,185,205,256,184,200,165,144,169,208,283,222,301,276,249,256,237
CH495PE,256,261,241,264,276,230,263,241,109,170,137,139,180,223,146,258,194,215,276,217,273,306,195,255,275,208,249,271,216,240,112,126,132,127,110,116,84,145,126,133,75,106,143,157,28,27,57,19,53,38,45,0,86,72,70,69,56,62,157,93,201,193,203,211,154,188,177,215,173,207,111,106,92,134,138,136,158,104,110,152,119,115,141,228,278,297,261,309,324,300,313,246,239,281,277,282,242,258,284,297,170,198,201,301,315,381,273,217,263,246,293,204,223,274,203,217,184,162,188,226,302,240,319,294,267,275,256
FY38NR,279,285,265,288,300,253,287,265,133,194,161,157,179,228,170,281,218,238,300,241,296,330,218,279,298,232,264,294,240,264,135,149,155,151,133,140,138,169,150,157,99,130,166,210,63,88,91,76,65,67,62,87,0,44,37,63,58,77,115,47,167,156,166,174,112,146,155,181,161,171,114,98,86,147,133,108,151,98,104,145,128,124,135,252,302,321,284,332,344,323,337,270,263,305,301,306,266,281,308,321,194,222,225,324,339,404,296,241,286,270,317,227,247,298,226,242,207,186,211,250,326,264,343,318,291,298,280
BB23HH,263,269,249,272,284,237,271,249,117,178,143,128,151,200,154,265,202,222,284,225,280,314,202,263,282,216,236,278,224,248,119,133,139,135,117,124,122,153,134,141,83,114,150,194,47,70,75,60,52,51,46,71,44,0,27,29,40,50,142,50,160,149,159,167,111,146,139,174,135,164,86,65,58,118,105,80,123,70,76,117,99,95,107,236,286,304,268,316,332,307,321,254,247,289,285,290,250,265,292,305,178,206,209,308,323,388,280,225,270,254,301,211,231,282,210,226,191,170,195,234,310,248,327,302,275,283,264
PR29HT,264,270,250,273,285,238,271,249,117,179,145,142,164,212,155,266,203,223,285,226,281,315,203,264,283,216,249,279,225,249,120,134,140,136,118,125,123,154,135,142,83,115,151,195,48,73,76,61,43,51,47,72,27,29,0,48,42,62,128,32,151,141,151,159,96,131,140,165,146,156,99,83,71,131,117,92,136,83,89,130,113,109,120,237,287,305,269,317,332,308,322,254,248,290,286,291,251,266,293,306,179,206,210,309,324,389,281,226,271,255,302,212,232,283,211,226,192,171,196,235,310,249,328,303,276,283,264
BL97TD,258,263,243,266,277,232,265,243,111,172,126,110,132,180,148,260,196,217,278,219,275,299,197,257,263,200,217,270,218,242,114,128,134,129,112,118,116,147,128,135,77,108,145,188,54,65,69,56,71,47,41,72,65,33,49,0,27,35,164,68,148,140,150,158,132,167,124,162,120,154,67,53,39,103,85,82,104,51,57,98,81,80,88,230,280,299,263,311,323,302,315,248,241,283,279,284,244,260,286,299,172,200,203,303,317,383,275,219,265,248,296,206,225,276,205,221,186,164,190,228,304,243,321,296,269,277,258
M68HD,241,247,227,250,262,215,248,226,95,156,122,114,140,189,132,243,180,200,262,203,258,292,180,241,260,193,225,256,202,226,97,111,117,113,95,102,100,131,112,119,60,92,128,172,38,50,53,39,54,30,25,56,59,43,43,24,0,29,158,61,156,148,158,166,126,161,132,171,128,162,75,61,47,101,94,91,113,59,65,107,85,81,96,214,264,283,246,294,306,285,299,232,225,267,263,268,228,243,270,283,156,183,187,286,301,366,258,203,248,232,279,189,209,260,188,204,169,148,173,212,288,226,305,280,253,260,241
SK27JE,246,251,231,255,267,220,253,231,93,161,104,89,139,189,133,248,185,205,266,207,263,297,185,245,265,195,224,261,206,230,102,116,122,117,100,106,104,135,116,123,65,96,133,176,56,54,57,58,73,49,43,61,78,54,61,35,29,0,176,80,166,158,168,176,145,180,142,180,138,172,69,71,57,73,96,101,123,69,75,117,78,68,106,218,268,287,251,299,314,290,303,236,229,271,268,272,232,248,275,287,161,188,191,291,306,371,263,208,253,237,284,194,213,264,193,207,174,152,178,216,292,231,309,284,257,265,246
LA144LF,333,339,319,342,354,307,340,318,186,248,214,211,233,281,224,335,272,292,354,295,350,384,272,333,352,285,318,348,294,318,189,203,209,204,187,193,192,223,204,211,152,184,220,264,117,142,145,130,123,120,116,141,98,98,92,117,111,131,0,79,159,149,159,166,104,87,147,173,153,164,168,132,140,200,186,138,205,152,158,199,182,178,175,306,356,374,338,386,401,377,391,323,317,359,355,360,320,335,362,374,248,275,279,378,393,458,350,295,340,324,371,281,301,353,280,296,261,240,265,304,379,318,397,372,345,352,333
LA14RP,283,288,268,291,303,256,290,268,136,197,164,160,182,231,173,285,221,242,303,244,300,333,222,282,302,235,268,298,243,267,139,153,159,154,137,143,141,172,153,160,102,133,170,213,66,90,94,79,72,70,65,90,46,47,41,66,61,80,113,0,137,126,136,144,82,117,125,151,131,142,117,101,89,150,136,111,155,101,108,149,131,127,138,255,305,324,287,336,351,327,340,273,266,308,304,309,269,285,311,324,197,225,228,328,342,408,300,244,290,273,321,231,250,301,229,246,211,189,215,253,329,267,346,321,294,302,283
SR47TP,295,300,317,324,317,298,339,303,176,237,173,159,172,221,203,297,261,251,313,261,309,336,261,291,303,240,257,310,282,277,190,240,216,218,225,226,240,228,229,213,208,222,248,291,185,195,200,186,194,177,172,203,170,164,163,151,157,165,206,150,0,26,23,28,108,158,40,29,45,21,122,129,130,151,125,92,145,108,111,139,136,146,94,306,354,373,309,348,363,349,380,324,317,323,334,322,320,336,371,373,275,303,306,406,420,486,378,322,356,351,399,309,328,379,293,300,250,253,278,317,405,331,410,385,358,365,346
DH15TW,287,292,309,315,309,290,331,295,168,228,165,150,164,213,194,289,252,267,304,275,301,331,253,307,298,232,249,302,274,292,182,231,208,210,217,217,232,219,221,205,199,214,239,283,176,188,191,178,182,169,163,195,157,153,144,142,149,157,194,135,25,0,24,32,99,155,39,38,44,29,114,121,122,143,117,84,137,100,102,131,128,138,95,298,345,365,292,340,363,332,372,316,309,314,326,313,312,328,363,365,267,294,298,397,412,477,369,314,347,343,390,300,320,371,285,291,242,244,270,308,397,323,401,377,349,357,338
NE96SX,324,302,319,337,328,295,343,305,178,238,175,160,174,223,204,308,262,277,315,263,302,338,263,293,305,242,259,321,284,302,192,241,218,220,227,228,242,230,231,215,209,224,249,293,187,199,202,188,194,179,174,205,169,163,162,153,159,167,206,146,23,24,0,14,97,147,49,28,54,20,124,131,132,153,127,94,147,110,112,141,138,148,105,308,356,375,311,359,365,342,382,326,319,324,327,323,322,338,373,375,277,305,308,408,422,488,379,324,358,353,400,311,330,381,295,301,252,254,280,319,407,333,411,387,359,367,348
NE14LP,304,317,328,340,326,306,349,311,185,245,181,167,180,229,211,306,269,283,351,270,317,345,269,300,311,248,265,318,291,309,199,248,225,226,233,234,248,236,237,221,216,230,256,299,193,205,208,195,200,185,180,211,175,170,169,159,165,174,201,151,27,30,14,0,82,138,53,20,58,24,130,138,139,160,134,100,153,117,119,147,145,155,112,314,362,381,317,365,380,349,388,332,325,340,342,339,329,344,379,381,284,311,314,414,429,494,386,331,364,360,407,317,336,387,301,307,258,261,286,325,414,339,418,393,366,374,355
CA27HY,350,356,336,359,371,324,357,335,203,265,218,203,217,266,241,352,289,309,371,312,367,384,289,349,351,285,302,365,311,335,206,220,226,221,204,210,209,240,221,228,169,201,237,281,134,157,162,147,140,137,133,158,115,115,109,134,128,148,120,96,101,99,91,83,0,59,121,86,127,102,167,149,157,196,170,137,190,153,155,184,181,191,149,323,372,392,345,403,417,394,407,340,334,376,372,377,337,352,379,391,265,292,296,395,410,475,367,311,357,341,388,298,318,369,297,313,278,256,282,321,396,335,414,389,361,369,350
CA288JG,384,389,369,393,404,358,391,369,237,299,251,236,250,299,275,386,323,343,382,345,401,417,323,369,380,318,335,399,344,368,240,254,260,255,238,244,242,273,254,261,203,234,271,314,168,192,195,181,174,171,166,192,149,148,142,168,162,181,85,126,160,155,149,141,61,0,154,145,160,160,200,183,190,229,203,170,223,186,188,217,214,224,181,356,406,425,387,437,441,428,441,374,367,409,406,410,370,386,413,425,299,326,329,429,444,509,401,346,391,375,421,332,351,402,331,346,312,290,316,354,430,369,447,422,395,403,384
TS198PE,272,304,294,312,294,272,316,280,153,213,150,135,149,198,179,274,237,228,281,238,286,313,238,268,279,217,234,287,259,253,167,216,193,195,202,202,217,204,206,190,184,199,224,268,162,172,176,163,178,154,148,180,155,143,148,127,134,142,191,132,40,33,43,51,118,152,0,54,21,46,98,106,107,128,102,69,122,85,87,116,113,123,71,283,333,350,277,352,364,317,357,301,294,308,302,325,297,312,348,350,252,279,283,382,397,462,354,299,332,328,375,285,305,356,270,277,227,229,255,293,382,308,386,361,334,342,323
NE236NZ,316,340,331,336,338,310,352,315,188,249,185,171,184,233,215,309,273,263,316,295,321,352,273,304,318,252,269,331,295,313,202,252,229,230,237,238,252,240,241,225,220,234,260,303,197,209,212,199,206,189,184,215,182,176,175,163,169,178,203,162,26,36,26,18,91,141,52,0,57,20,134,142,142,163,138,104,157,121,123,151,148,158,106,318,366,385,312,369,384,379,392,336,329,335,337,334,332,348,383,385,287,315,318,418,432,498,390,334,368,363,411,321,340,391,305,312,262,265,290,329,417,343,422,397,370,377,359
TS43BW,267,272,291,295,289,270,311,280,148,208,145,130,144,193,174,269,232,223,284,233,281,308,233,255,265,212,229,291,254,249,162,211,188,190,197,198,212,200,201,185,179,194,219,263,157,167,172,158,173,149,144,175,160,139,153,123,129,137,196,140,45,44,53,57,123,157,21,59,0,50,94,101,102,123,97,64,117,80,82,111,108,118,66,278,326,345,272,320,335,312,352,296,289,294,297,293,292,308,343,345,247,275,278,378,392,458,349,294,327,323,370,281,300,351,265,271,222,224,250,288,377,303,381,357,329,337,318
NE340PL,310,306,323,330,323,299,345,314,182,243,179,165,178,227,209,312,267,257,319,289,315,346,267,297,312,246,263,316,289,307,196,246,222,224,231,232,246,234,235,219,214,228,254,297,191,203,206,192,200,183,178,209,175,169,162,157,163,172,211,155,20,29,21,25,109,158,46,23,51,0,128,136,136,157,132,98,151,114,117,145,142,152,100,312,360,379,306,354,369,347,386,330,323,355,331,354,326,342,377,379,281,309,312,412,426,492,384,328,362,357,405,315,334,385,299,306,256,259,284,323,411,337,416,391,364,371,352
S752EP,206,212,212,227,229,189,233,200,69,129,66,51,83,134,95,209,153,162,224,173,220,238,153,203,214,151,168,221,175,188,83,132,109,111,117,118,133,120,121,106,112,115,140,183,103,104,105,104,119,95,90,110,116,90,100,69,75,67,215,123,121,114,124,131,166,200,97,136,93,127,0,50,48,44,38,58,78,33,25,61,22,32,61,199,249,268,211,260,275,252,284,216,210,234,237,233,213,228,263,267,168,195,198,298,313,378,270,215,248,244,291,201,220,271,185,191,142,145,171,209,298,223,302,277,250,258,239
BD96RJ,244,241,253,263,266,232,275,242,110,170,108,92,112,161,136,238,194,215,244,202,249,277,195,232,243,180,198,251,216,241,124,162,150,152,146,153,151,162,163,147,112,143,179,223,89,99,104,90,105,81,76,107,101,67,84,55,61,69,149,103,127,119,129,136,146,181,103,141,99,132,49,0,31,85,66,49,85,31,38,79,63,73,68,240,290,309,240,289,303,281,320,258,251,263,266,262,254,270,305,309,207,234,238,337,352,417,309,254,290,283,330,240,260,311,227,233,184,186,212,251,339,265,343,319,291,299,280
HX30PW,237,242,251,265,268,229,272,239,108,168,105,90,114,162,134,239,192,212,254,215,251,278,192,233,248,182,199,252,214,238,122,148,148,149,132,138,136,159,148,144,97,128,165,208,74,86,89,76,91,67,61,92,87,61,71,40,47,55,186,94,130,122,132,140,155,189,106,144,102,136,46,30,0,83,67,65,86,33,39,80,61,71,70,237,287,307,258,290,314,291,322,255,248,281,267,280,252,267,302,306,192,220,223,323,337,403,295,239,285,268,316,226,245,297,224,230,181,184,209,248,324,262,341,316,289,297,278
S445BL,187,192,184,200,209,163,206,173,41,101,39,23,75,125,67,189,125,146,208,148,203,230,126,185,196,129,157,202,147,172,55,105,81,83,90,91,105,93,94,78,84,87,112,156,126,125,106,128,143,119,113,131,147,119,130,100,99,72,245,153,150,143,153,160,195,230,126,165,122,156,45,87,85,0,44,87,83,70,62,65,32,31,91,171,221,239,192,240,255,232,256,189,182,214,217,213,185,201,236,240,140,168,171,271,285,351,242,187,221,216,263,174,193,244,158,164,115,117,143,182,270,196,275,250,222,230,211
DN25LT,190,195,212,218,212,189,234,198,69,130,67,52,67,117,96,192,145,170,198,156,195,222,154,177,188,127,149,205,176,171,83,133,109,111,118,119,133,121,122,106,112,115,141,184,122,132,134,124,139,114,109,138,135,109,119,88,94,96,234,138,125,117,127,135,170,203,101,139,97,131,39,68,67,45,0,61,53,52,44,35,29,40,65,199,249,268,195,243,257,235,275,217,210,217,220,216,213,229,264,267,168,196,199,299,313,379,271,215,249,244,291,202,221,272,186,192,143,146,171,210,298,224,303,278,251,258,239
HG27SX,239,235,254,258,252,232,276,238,111,171,108,93,107,156,137,241,195,210,247,196,244,274,196,257,238,175,192,245,217,235,125,174,151,153,160,161,175,163,164,148,141,157,182,226,118,129,133,120,124,111,105,136,116,83,99,84,91,99,184,113,89,81,91,98,134,168,65,103,61,94,57,50,64,86,60,0,80,35,45,74,71,81,40,241,289,308,262,283,298,275,326,259,252,257,260,256,255,271,306,308,210,238,241,341,355,421,312,257,290,286,333,244,263,314,228,234,185,187,213,251,340,266,344,320,292,300,281
HU32JZ,222,235,243,250,244,219,266,229,108,168,105,90,66,100,131,224,177,177,230,188,235,235,188,209,201,145,153,237,210,203,122,171,148,150,157,157,172,159,161,145,151,154,179,223,141,151,156,142,157,133,128,159,154,128,138,107,113,121,253,161,144,137,147,154,189,223,120,159,116,150,78,87,86,83,54,81,0,70,63,42,68,79,66,234,281,299,226,275,290,267,306,256,245,249,252,248,248,262,298,299,207,234,238,337,352,417,309,254,287,283,330,240,260,311,225,226,182,184,210,247,337,263,341,317,289,297,278
LS13EX,220,233,236,248,242,215,258,225,93,153,90,75,96,145,119,222,177,198,237,186,233,261,178,238,227,164,182,235,199,201,107,156,133,135,142,143,148,145,146,130,109,139,164,208,86,98,101,88,103,79,73,104,99,73,83,52,59,67,198,106,108,100,110,118,153,187,84,122,80,114,32,31,32,68,50,35,69,0,20,63,46,56,48,223,273,291,233,281,288,265,304,241,234,247,250,255,237,253,288,292,192,219,223,322,337,402,294,239,272,268,315,225,245,296,210,217,167,169,195,233,322,248,326,302,274,282,263
WF14DG,213,218,229,241,235,208,251,218,86,146,84,68,90,139,112,215,170,191,222,179,218,254,171,209,212,158,175,228,192,195,100,150,126,128,135,136,150,138,139,123,116,132,157,201,93,105,108,94,109,85,80,111,106,80,90,59,65,73,205,113,110,102,112,120,155,188,86,124,82,116,25,39,38,61,44,46,62,21,0,56,39,49,50,216,266,285,218,266,281,259,301,234,227,241,243,240,230,246,281,285,185,213,216,316,330,396,287,232,266,261,308,219,238,289,203,209,160,162,188,227,315,241,320,295,267,275,256
DN157BH,204,218,226,233,226,204,248,212,90,151,88,73,49,95,114,215,160,160,213,170,209,224,171,192,189,128,142,219,193,186,104,154,131,132,139,140,154,142,143,127,133,136,162,205,137,147,152,138,154,129,124,155,151,124,134,103,109,117,249,157,140,133,143,150,185,219,116,155,112,146,63,83,82,66,36,77,43,66,59,0,50,61,76,216,263,282,209,257,272,250,289,234,227,232,234,231,231,245,281,282,189,217,220,320,334,400,292,236,270,265,313,223,242,293,207,209,164,167,192,230,319,245,324,299,272,279,261
S602UD,193,199,199,214,216,177,220,187,56,116,53,38,70,121,82,195,140,149,202,160,199,225,140,181,192,138,152,208,162,175,70,119,96,98,104,105,120,107,108,92,99,102,127,170,114,113,114,115,130,106,101,119,129,102,113,83,86,77,228,132,134,126,136,143,179,213,110,148,106,139,23,65,62,31,27,70,66,47,39,48,0,20,74,186,236,254,198,246,261,239,270,203,197,221,224,220,200,215,250,254,155,182,185,285,300,365,257,202,235,231,277,188,207,258,172,179,129,132,158,196,285,210,289,264,237,245,226
S102JF,205,210,208,224,227,187,230,197,65,125,63,47,82,132,91,207,149,161,223,171,219,237,150,201,203,143,164,220,171,196,79,128,105,107,114,115,129,117,118,102,100,111,136,180,110,107,110,111,126,102,97,115,125,98,109,79,82,68,224,132,144,137,146,154,189,223,120,159,116,150,31,73,71,32,39,80,78,56,48,60,20,0,84,195,245,263,210,258,279,251,280,213,206,233,235,232,209,225,260,264,164,192,195,295,309,375,266,211,245,240,287,198,217,268,182,188,139,141,167,206,294,220,299,274,246,254,235
YO318HE,235,248,256,262,257,234,279,243,116,176,112,98,110,147,142,237,200,190,252,201,248,276,200,231,233,179,197,250,222,216,130,179,156,158,164,165,179,167,168,152,148,162,187,230,124,135,139,126,141,117,111,142,138,112,121,90,97,105,220,144,94,93,102,107,147,181,70,109,66,100,61,70,70,90,65,46,66,48,50,75,76,86,0,246,294,313,239,288,302,280,320,263,257,262,265,261,260,275,310,312,215,242,245,345,360,425,317,262,295,291,338,248,267,318,232,238,189,192,218,256,345,270,349,324,297,305,286
KT160PZ,78,71,40,59,56,40,42,51,150,86,154,163,186,162,124,74,73,93,114,60,137,191,49,96,159,116,155,91,38,125,148,136,121,125,142,129,162,95,125,111,166,136,127,160,221,217,185,222,237,213,208,226,252,237,236,226,213,217,350,259,303,296,306,313,319,354,279,318,275,309,198,240,238,170,197,240,236,223,215,218,185,194,244,0,57,76,56,97,112,79,92,25,22,60,57,72,21,37,72,76,114,74,116,215,224,290,181,114,82,158,202,115,142,125,35,29,70,78,59,39,127,57,131,106,63,87,68
RH164EX,86,89,81,88,63,92,71,103,202,137,206,214,238,212,176,82,125,126,122,112,145,214,100,105,184,166,187,99,91,149,200,187,172,176,194,181,213,147,177,163,218,187,179,211,272,269,237,274,288,264,259,277,303,289,287,278,265,269,402,306,355,347,357,365,371,405,331,369,327,361,249,292,289,222,249,291,287,274,266,269,236,245,295,58,0,38,63,105,120,87,49,51,74,68,48,80,62,40,61,38,166,126,167,267,276,341,233,165,129,209,253,166,193,176,86,80,121,129,110,90,164,109,155,143,81,124,108
BN25BE,104,107,99,105,81,109,89,120,220,155,223,232,255,229,193,100,142,144,140,129,163,232,118,122,201,183,205,117,108,167,217,205,190,194,211,199,231,164,194,180,235,205,197,229,290,286,254,291,306,282,277,295,321,306,305,295,282,286,419,323,372,365,375,382,388,422,348,387,344,378,267,309,307,239,266,309,305,292,284,287,254,263,313,75,37,0,81,122,137,104,44,69,91,86,66,97,79,57,63,35,183,143,185,284,285,350,242,183,131,230,263,184,211,193,104,98,139,147,128,108,166,111,157,145,83,126,110
DA28DA,30,39,73,55,25,73,67,62,173,107,175,184,191,156,145,27,94,71,67,69,90,157,70,49,128,110,131,44,65,94,178,181,142,159,177,168,196,144,170,136,200,170,177,209,254,251,219,256,271,247,241,260,285,271,269,260,247,251,384,288,315,292,302,309,344,378,275,314,271,305,219,243,242,191,209,236,231,226,218,212,199,210,240,55,62,80,0,53,65,46,88,49,71,30,33,27,59,44,101,81,163,123,165,264,273,339,230,163,131,210,252,164,191,174,84,78,91,127,108,88,176,106,175,155,101,136,117
CT13NG,77,87,115,98,69,117,105,109,220,154,223,231,238,203,192,74,142,118,114,116,137,204,117,96,175,157,178,91,112,141,225,221,190,206,224,215,243,181,211,183,247,217,213,246,301,298,266,303,318,294,288,307,332,318,316,307,294,298,431,339,346,339,349,356,391,426,322,361,318,368,259,290,289,238,242,283,278,273,265,259,246,257,287,92,99,117,51,0,41,30,114,85,108,43,65,41,96,80,137,117,200,160,201,301,310,375,267,200,168,246,288,201,227,210,120,114,138,163,144,124,212,143,211,192,137,172,153
CT94AN,94,103,132,115,86,135,122,126,237,171,239,248,255,220,209,91,158,135,131,132,154,220,134,113,192,174,195,108,129,158,242,238,206,223,240,232,260,198,228,200,264,234,230,262,318,315,283,320,335,311,305,324,349,335,333,324,311,315,448,356,363,356,366,373,408,442,339,378,335,369,276,306,306,255,259,300,295,290,282,276,263,274,304,109,115,134,68,41,0,56,138,102,125,60,82,58,113,97,154,134,217,177,218,318,327,392,284,216,185,263,305,217,244,227,137,131,155,180,161,141,229,160,228,209,154,189,170
TN240LZ,74,77,104,87,59,113,94,99,216,150,219,228,235,200,189,70,138,115,111,112,134,200,114,93,172,154,175,87,109,138,222,210,186,199,216,204,236,170,199,180,241,210,202,234,295,291,259,296,311,287,282,300,326,312,310,300,287,291,425,333,343,336,345,353,388,422,319,358,315,349,256,286,286,235,238,279,275,270,262,271,243,254,283,80,86,106,48,31,57,0,87,74,96,32,53,42,84,69,126,106,188,148,190,290,298,364,255,188,157,235,277,189,216,198,109,103,135,152,133,113,201,131,200,180,126,161,142
BN212UD,109,113,114,120,87,124,104,134,234,170,238,247,270,235,208,106,157,150,146,144,169,236,133,128,207,189,211,123,122,173,232,220,205,209,226,213,246,179,209,195,250,220,211,244,305,301,269,306,321,297,291,310,336,321,319,310,297,301,434,342,379,371,381,388,403,437,355,393,351,384,282,322,321,254,281,323,310,305,298,291,269,277,319,90,48,43,87,112,139,86,0,84,106,79,53,100,94,72,78,51,198,158,200,299,300,365,257,198,146,244,278,199,226,209,119,112,154,162,143,123,181,126,172,161,98,141,125
KT187EG,74,71,39,55,50,58,35,63,168,103,172,180,204,179,142,71,91,110,111,77,134,200,66,93,172,133,172,88,56,138,166,153,138,142,159,147,179,113,143,129,184,153,145,177,238,234,202,239,254,230,225,243,269,255,253,244,230,235,368,276,321,313,323,330,336,371,297,335,293,326,215,257,255,188,214,257,253,240,232,235,202,211,261,23,54,72,52,93,108,75,88,0,39,56,53,68,27,32,78,66,132,91,133,233,241,307,198,131,100,175,219,132,159,142,52,46,87,95,76,56,144,75,143,124,69,104,85
GU167UJ,96,85,54,78,74,54,60,64,164,99,168,176,200,175,138,93,87,106,127,73,150,204,62,110,172,129,168,110,52,138,162,149,134,138,155,143,175,109,138,125,180,149,128,153,234,230,198,235,250,226,221,239,265,251,249,240,226,230,364,272,317,309,319,326,332,367,293,331,289,322,211,253,251,184,211,253,249,236,228,231,198,207,257,23,76,95,74,115,127,97,110,43,0,78,75,90,19,55,67,82,107,67,109,202,211,276,167,107,69,147,189,108,135,111,48,40,83,91,72,32,113,44,117,93,58,73,54
ME169QQ,53,56,83,65,38,93,73,77,195,129,198,207,214,179,168,49,117,94,90,91,113,179,93,72,151,133,154,66,88,117,201,189,165,178,195,182,215,148,178,159,219,189,180,213,274,270,238,275,290,266,261,279,305,290,288,279,266,270,403,311,322,315,324,332,367,401,298,337,294,328,235,265,265,214,217,258,254,249,241,235,229,237,262,59,65,85,29,45,60,30,81,53,75,0,25,23,63,47,105,85,167,127,169,268,277,343,234,166,135,213,256,168,195,178,88,82,114,131,112,92,180,110,179,159,105,140,121
TN24QJ,55,58,78,68,33,89,68,80,197,131,200,209,216,181,170,51,119,96,92,93,115,184,95,74,153,135,156,68,87,119,197,184,167,173,190,178,210,144,173,160,215,184,176,208,269,265,233,270,285,261,256,274,300,286,284,275,261,265,399,302,324,317,342,334,367,402,300,339,296,330,237,267,267,216,235,261,256,251,243,237,224,235,264,54,49,69,32,70,85,52,58,48,70,25,0,45,58,43,100,76,163,122,164,264,272,338,229,162,131,209,251,163,190,173,83,77,116,126,107,87,175,106,174,155,100,135,116
ME75NY,56,65,95,77,48,95,88,87,198,132,201,210,216,182,171,52,120,97,92,94,115,182,96,75,154,136,157,69,90,119,204,205,168,185,202,194,222,164,194,162,226,196,196,229,280,277,244,282,296,272,267,285,311,297,295,286,273,277,382,318,325,317,327,351,370,404,301,339,297,331,238,268,268,217,220,261,257,252,244,237,224,236,265,75,82,101,30,45,60,41,105,69,91,26,48,0,79,63,121,101,183,143,185,284,293,359,250,182,151,229,272,184,211,194,104,97,117,147,128,108,196,126,195,175,121,156,137
GU27XX,96,91,58,77,74,65,59,76,175,111,179,188,211,187,149,92,98,118,133,85,156,216,74,115,184,141,180,109,64,150,173,161,146,150,167,154,187,120,150,136,191,161,141,167,246,242,210,247,262,238,233,251,277,262,260,251,238,242,375,283,328,321,331,338,344,379,304,343,300,334,223,265,263,195,222,265,261,248,240,243,210,218,268,28,70,84,74,115,130,97,101,40,21,78,75,90,0,54,55,67,121,83,123,215,224,289,181,121,82,160,202,122,149,124,60,54,95,103,84,47,125,54,120,104,46,85,66
RH15RH,70,74,60,69,48,70,49,81,181,116,185,193,217,192,154,67,104,111,107,90,130,197,79,89,168,146,172,84,69,134,179,166,151,155,172,160,192,126,156,142,197,166,158,190,251,247,215,252,267,243,238,256,282,268,266,257,243,247,381,284,333,326,336,343,349,384,310,348,306,339,228,270,268,200,227,269,266,253,245,248,215,224,274,36,39,57,48,89,104,71,74,28,52,52,49,64,40,0,78,58,145,104,146,246,254,320,211,144,113,191,232,145,172,155,65,59,100,108,89,69,157,88,156,137,82,117,98
PO196SE,122,126,110,124,100,116,104,126,208,160,224,233,256,237,194,119,149,163,159,135,182,251,124,141,220,191,223,136,114,186,206,194,179,183,200,187,220,153,183,169,224,194,162,187,279,275,243,280,295,271,265,284,310,295,293,284,271,275,380,312,373,365,375,383,377,412,349,387,345,379,268,310,307,240,267,309,305,292,284,287,255,263,313,81,61,60,100,141,156,123,77,78,69,104,99,116,56,76,0,35,142,101,143,228,226,291,183,141,72,173,204,142,169,135,110,104,145,135,117,96,107,52,98,87,24,67,51
BN112DH,104,107,97,106,81,108,89,119,218,153,222,231,254,230,192,100,141,144,140,128,163,229,117,122,201,183,205,117,107,167,216,204,189,193,210,197,230,163,193,179,234,204,192,217,289,285,253,290,305,281,275,294,320,305,303,294,281,285,390,326,371,364,373,381,387,422,347,386,343,377,266,308,306,238,265,308,304,290,283,285,253,261,311,74,37,35,81,123,137,104,53,65,83,86,74,97,67,58,34,0,172,132,173,258,256,321,213,171,102,203,234,172,199,165,103,96,138,145,127,107,137,83,128,117,54,97,81
GL13NN,166,157,128,152,162,123,148,135,107,117,124,133,170,199,108,168,135,168,198,144,221,260,132,180,228,163,204,181,123,194,105,70,85,79,77,64,97,73,67,86,107,71,36,52,161,157,125,162,177,153,148,166,192,178,176,167,153,158,291,199,273,266,276,283,259,294,249,288,245,279,168,203,189,140,167,210,206,193,185,188,155,163,213,114,164,182,162,203,218,185,198,131,105,167,163,178,119,143,138,169,0,44,47,147,162,227,119,64,109,93,140,50,69,120,96,106,113,76,71,88,148,95,173,148,121,129,110
SN36BB,132,121,90,114,124,90,110,100,137,97,154,162,190,203,128,134,116,142,164,110,187,241,99,146,209,156,198,147,89,174,135,99,112,108,107,93,126,89,96,103,136,100,65,91,190,187,155,192,206,182,177,195,221,207,205,196,183,187,320,228,302,295,305,312,289,322,278,317,274,308,197,232,218,169,196,239,235,222,214,217,184,193,243,76,125,144,124,165,180,147,160,93,67,129,125,140,81,105,101,131,45,0,51,154,169,234,126,49,71,100,147,50,77,109,68,68,93,73,54,50,127,57,135,110,83,91,72
BS105NB,174,162,131,155,165,131,152,142,139,141,156,165,202,231,140,176,160,184,205,151,228,282,140,187,250,195,236,189,130,216,137,102,117,110,109,96,129,104,98,118,138,102,68,85,193,189,157,194,209,185,180,198,224,209,207,198,185,189,322,230,305,297,307,315,291,326,281,319,277,311,200,235,221,172,199,241,238,224,216,219,187,195,245,117,167,185,165,207,222,189,202,135,109,170,166,181,122,146,142,173,48,49,0,118,133,198,90,36,103,64,110,16,40,91,109,110,138,108,98,91,119,98,176,136,124,132,113
EX314JB,276,264,233,257,264,233,250,244,236,244,253,262,299,328,237,278,262,286,307,253,330,384,242,289,352,292,333,291,232,318,234,199,214,208,206,193,226,201,196,215,235,200,165,176,290,286,254,291,306,282,277,295,321,306,304,295,282,286,419,323,402,394,404,412,388,423,378,416,374,408,297,332,318,269,296,338,335,321,313,316,284,292,342,215,266,280,264,305,320,287,298,233,200,268,265,280,213,245,224,255,145,151,116,0,108,143,73,139,173,74,94,121,92,105,211,212,240,205,201,193,131,183,245,162,207,179,193
PL68DH,292,281,250,274,274,250,260,260,253,260,270,278,316,344,253,293,279,302,324,270,347,401,258,306,369,308,350,307,248,334,251,215,230,224,223,209,242,218,212,232,252,216,181,192,306,303,271,308,322,299,293,311,338,323,321,312,299,303,436,340,418,411,421,428,405,439,394,433,390,424,313,348,334,285,312,355,351,338,330,333,300,309,359,226,276,281,274,315,330,297,299,243,210,279,275,290,223,255,225,256,162,168,133,108,0,77,61,155,180,91,58,138,108,120,227,228,256,222,217,210,139,193,242,156,208,173,194
TR13LQ,340,328,297,321,321,297,308,308,300,307,317,326,363,392,301,340,326,350,371,317,394,448,306,353,416,356,397,355,296,382,298,263,278,272,270,257,290,265,259,279,299,263,229,240,354,350,318,355,370,346,340,359,385,370,368,359,346,350,455,387,466,458,468,476,452,487,442,480,438,472,361,396,382,333,360,402,399,385,377,380,348,356,406,273,323,329,321,363,378,345,346,291,257,326,322,338,270,303,273,304,209,215,180,130,79,0,106,203,227,138,121,185,156,167,275,276,304,269,264,257,187,241,289,220,255,220,242
EX25DW,248,237,206,230,229,206,216,217,209,216,226,234,272,301,209,248,235,259,280,226,303,357,215,262,325,265,306,263,205,291,207,172,187,181,179,165,198,174,168,188,208,172,137,148,262,258,227,264,279,255,249,268,294,279,277,268,255,259,392,300,375,367,377,384,361,396,351,389,347,380,269,305,291,242,269,311,307,294,286,289,256,265,315,181,230,236,229,271,286,252,254,199,165,234,230,245,178,210,180,211,118,124,89,73,59,125,0,111,135,47,37,94,64,71,184,185,213,178,173,166,81,149,197,111,163,128,149
BA13NG,174,162,131,155,166,131,152,142,156,142,173,182,219,247,157,176,160,184,205,151,228,282,140,188,250,201,242,189,129,216,154,119,134,128,126,113,146,121,115,135,155,119,85,102,210,206,174,211,226,202,197,215,241,226,224,215,202,206,339,248,322,314,324,332,308,343,298,336,294,328,217,252,238,189,216,258,255,241,233,236,204,212,262,117,167,186,165,207,222,189,202,135,109,170,166,182,122,147,140,171,65,50,38,141,156,221,113,0,76,87,134,34,64,73,109,110,138,117,99,91,102,98,161,109,123,106,109
SP28BJ,155,144,113,137,133,113,120,124,189,141,205,213,237,235,174,152,146,166,187,133,210,264,122,169,232,189,227,169,112,198,187,167,160,163,174,160,193,134,163,150,203,167,132,158,257,254,222,259,274,250,244,263,288,274,272,263,250,254,387,295,353,346,356,363,356,391,329,368,326,359,248,290,286,220,248,290,286,273,265,268,235,244,294,85,128,127,133,175,189,157,144,103,69,138,134,150,82,115,71,102,112,72,103,161,170,236,127,77,0,106,148,100,113,70,105,101,137,116,98,87,61,42,92,54,54,34,40
TA15DA,223,211,180,204,210,180,197,191,183,191,200,209,246,275,184,225,210,233,254,200,277,331,189,237,299,239,280,238,179,265,181,146,161,155,153,140,173,149,143,162,183,147,112,123,237,233,201,238,253,229,224,242,268,254,252,243,229,233,367,270,349,342,351,359,335,370,325,364,321,355,244,279,265,216,243,285,282,268,261,263,231,239,289,162,212,227,210,252,267,234,244,180,146,215,211,227,159,192,171,202,92,99,63,68,83,148,40,86,109,0,61,68,39,52,158,159,187,152,148,140,77,130,192,110,154,126,140
TQ27AA,269,257,226,251,251,226,237,237,230,237,246,255,292,321,230,270,256,279,300,247,323,377,235,283,346,285,327,284,226,311,227,192,207,201,199,186,219,195,189,208,229,193,158,169,283,280,247,285,299,275,270,288,314,300,298,289,276,280,413,317,395,388,398,405,381,416,371,410,367,401,290,325,311,262,289,332,328,315,307,310,277,285,335,203,253,258,251,292,307,274,275,220,187,255,252,267,200,232,202,233,138,145,110,93,56,121,38,132,157,68,0,114,85,97,204,205,233,199,194,187,116,170,219,133,185,150,171
BS28HW,173,161,130,154,164,130,151,141,140,140,157,166,203,232,141,175,159,183,204,150,227,281,139,186,249,196,237,188,129,215,138,103,118,111,110,97,130,106,100,119,139,104,69,86,194,190,158,195,210,186,181,199,225,210,209,199,186,190,323,232,306,298,308,316,292,327,282,320,278,312,201,236,222,173,200,242,239,225,217,220,188,196,246,116,166,185,164,206,220,188,201,134,108,169,165,180,121,145,141,172,49,48,15,120,135,200,92,33,99,66,113,0,46,83,108,109,137,109,97,90,112,97,175,133,123,130,112
BS234TQ,200,188,157,181,192,157,178,168,160,168,177,186,223,252,161,202,186,210,231,177,254,308,166,213,276,216,257,215,156,242,158,123,138,131,130,117,150,126,120,139,159,124,89,100,214,210,178,215,230,206,201,219,245,230,229,219,206,210,343,252,326,318,328,336,312,347,302,340,298,332,221,256,242,193,220,262,259,245,237,240,208,216,266,143,193,212,191,233,248,215,228,161,135,196,192,208,148,173,168,199,69,75,40,94,109,174,66,63,114,40,87,43,0,67,135,136,164,129,125,117,95,124,199,128,151,139,140
BA214AT,197,186,155,179,175,155,162,166,211,182,228,236,274,277,212,194,188,207,229,175,252,306,164,211,274,230,269,211,153,239,209,174,189,183,181,167,200,175,170,190,210,174,140,150,265,261,229,266,281,257,251,270,296,281,279,270,257,261,394,298,377,369,379,387,363,397,353,391,349,383,272,307,293,244,271,313,309,296,288,291,259,267,317,127,177,190,175,217,232,199,207,145,111,180,176,192,124,157,134,165,120,110,91,108,117,182,74,75,72,53,95,84,66,0,146,143,178,157,139,128,33,95,150,66,117,81,103
HP112TT,80,70,49,72,84,37,71,49,127,79,142,151,174,160,112,82,71,90,112,58,135,188,46,94,157,113,152,95,37,122,125,112,97,101,119,106,138,72,102,88,143,112,104,143,197,193,162,199,213,190,184,203,228,214,212,203,190,194,299,235,291,284,294,301,296,330,267,306,263,297,186,228,225,158,185,228,224,211,203,206,173,182,232,36,86,105,84,126,138,108,121,54,47,89,85,101,50,66,101,105,97,68,110,214,228,294,185,108,103,159,207,109,136,145,0,26,67,54,35,33,147,77,151,126,92,107,88
SL24HL,78,65,42,66,78,31,64,43,142,81,149,158,181,157,119,80,68,88,109,55,132,186,44,91,154,111,150,93,33,120,140,128,113,117,134,121,153,87,117,103,158,127,119,155,213,209,177,214,229,205,199,218,244,229,227,218,205,209,342,250,298,291,301,308,311,346,274,313,270,304,193,235,233,165,192,235,231,218,210,213,180,189,239,29,79,98,78,119,134,101,114,47,40,82,79,94,43,59,94,98,109,69,111,215,229,295,186,109,101,160,207,110,137,143,27,0,65,69,51,34,145,76,149,125,85,105,86
MK65LD,88,93,85,101,110,64,107,74,95,29,98,107,130,113,68,90,24,63,119,49,120,154,27,101,122,66,108,103,48,88,101,103,65,82,99,91,119,67,93,58,122,92,103,146,177,173,141,178,193,169,164,182,208,194,192,182,169,173,279,210,247,239,249,257,275,310,223,261,219,253,142,184,181,114,141,183,180,166,158,161,129,137,187,72,122,141,93,141,156,133,157,90,83,115,118,114,86,102,137,141,114,94,139,243,257,323,215,137,137,188,236,138,165,178,67,66,0,51,60,85,187,112,191,166,128,147,128
OX169AL,124,115,93,116,128,81,115,93,85,48,101,110,133,153,71,126,71,110,156,94,168,201,72,138,170,107,148,139,80,135,83,71,56,59,77,64,96,30,60,46,101,70,62,106,155,151,120,157,172,148,142,161,186,172,170,161,148,152,285,193,250,243,253,260,254,288,226,265,222,256,145,187,184,117,144,187,183,170,162,165,132,140,190,80,130,149,128,170,184,152,165,98,91,133,129,144,94,110,136,149,76,74,107,207,221,287,179,117,117,152,200,110,129,159,54,70,50,0,39,78,167,92,171,146,119,127,108
OX39DU,105,96,73,97,109,62,95,73,111,63,127,135,159,168,96,107,81,115,136,82,159,212,71,118,180,122,163,120,61,145,109,96,82,85,103,90,122,56,86,72,127,96,88,116,181,178,146,183,198,174,168,187,212,198,196,187,174,178,311,215,275,268,278,285,280,315,251,290,247,281,170,212,210,142,170,212,208,195,187,190,157,166,216,60,110,129,109,150,165,132,145,78,71,113,110,125,74,90,116,129,71,54,99,201,216,281,173,97,96,147,194,98,124,139,35,51,59,38,0,54,146,72,150,126,98,106,87
RG15AN,100,88,57,81,91,57,77,68,151,102,166,175,198,179,136,102,90,110,131,77,154,208,66,113,176,133,171,115,56,142,149,136,121,125,142,130,162,96,126,112,167,136,110,135,221,217,185,222,237,213,208,226,252,238,236,227,213,217,351,259,315,307,317,325,319,354,291,329,287,321,210,252,249,182,209,251,248,234,226,229,197,205,255,43,93,112,91,132,147,114,127,60,36,95,92,107,49,72,91,111,89,49,91,195,209,275,166,89,83,140,188,90,117,125,35,36,87,78,55,0,127,58,132,107,80,87,68
DT12JY,198,187,156,180,176,155,162,166,237,189,253,261,285,277,223,195,189,208,229,175,252,306,164,212,274,231,270,212,153,240,235,203,208,211,210,196,229,182,199,198,239,203,168,179,293,290,258,295,309,286,280,299,325,310,308,299,286,290,423,331,402,394,404,412,392,426,378,416,374,408,296,335,321,269,296,338,334,321,313,316,283,292,342,128,163,162,176,217,232,199,180,145,112,180,177,192,125,157,106,137,149,129,120,132,124,190,81,104,61,77,103,113,95,32,149,144,185,164,146,130,0,81,123,37,89,54,75
SO225DG,129,117,86,110,106,86,93,97,164,116,180,188,212,208,149,125,119,139,160,106,183,237,95,142,205,162,200,142,85,171,162,149,135,138,156,143,175,109,139,125,180,149,117,143,234,231,199,236,251,227,221,240,265,251,249,240,227,231,364,268,328,321,331,338,333,367,305,343,301,334,223,265,263,195,223,265,261,248,240,243,210,219,269,58,108,108,106,148,162,130,125,76,42,111,107,123,55,88,52,83,97,57,99,183,192,258,149,97,42,129,170,98,125,93,76,74,112,91,73,61,82,0,87,62,35,42,23
PO305TG,204,193,161,186,182,161,168,172,243,195,259,267,291,283,228,200,194,214,235,181,258,312,170,217,280,237,276,217,160,246,241,228,213,217,235,222,254,188,218,204,259,228,196,222,313,310,278,315,330,306,300,319,344,330,328,319,306,310,443,351,407,400,410,417,412,446,383,422,379,413,302,344,342,274,301,344,340,327,319,322,289,298,348,133,154,152,182,223,238,205,170,151,117,186,183,198,119,163,97,128,176,136,178,248,242,308,199,164,93,193,221,177,200,151,155,150,191,170,152,136,124,87,0,98,81,79,77
BH152JB,179,168,137,161,157,137,143,147,218,170,234,242,266,258,204,176,170,189,210,156,233,287,145,193,255,212,251,193,135,221,216,204,189,193,210,197,230,163,193,179,235,203,172,197,289,285,253,290,305,281,275,294,320,305,303,294,281,285,418,322,383,375,385,393,387,422,359,397,355,389,277,319,317,250,277,319,315,302,294,297,264,273,323,109,144,143,157,198,213,180,161,126,93,161,158,173,106,138,87,118,151,111,139,167,158,224,115,112,54,110,136,136,131,67,130,125,166,145,126,111,39,62,96,0,70,25,56
PO63LY,139,134,101,119,116,105,101,116,191,143,207,215,239,227,177,135,138,158,175,125,198,256,114,157,224,181,219,152,104,190,189,177,162,166,183,170,203,136,166,152,207,176,145,170,262,258,226,263,278,254,248,267,293,278,276,267,254,258,391,295,356,348,358,366,360,394,332,370,328,362,250,293,290,223,250,292,288,275,267,270,237,246,296,71,81,80,116,157,172,139,97,82,59,121,117,132,46,96,24,54,124,84,126,210,209,274,166,124,55,156,186,125,152,118,100,93,135,118,100,84,90,35,82,70,0,50,34
BH77DW,160,149,118,142,138,118,124,129,199,151,215,223,247,239,185,157,151,170,191,138,214,268,126,174,236,193,232,174,116,202,197,185,170,174,191,178,211,144,174,160,215,185,153,178,270,266,234,271,286,262,256,275,301,286,284,275,262,266,399,307,364,356,366,374,368,403,340,378,336,370,259,301,298,231,258,300,296,283,275,278,246,254,304,90,125,124,138,179,194,161,142,107,74,143,139,154,87,119,68,99,133,92,134,181,172,238,129,109,35,127,151,132,140,81,111,106,147,126,107,92,54,43,76,21,51,0,37
SO166YD,140,129,98,122,118,98,104,108,179,131,195,203,227,219,165,137,131,150,171,117,194,248,106,154,216,173,212,154,96,182,177,165,150,154,171,158,190,124,154,140,195,164,133,158,250,246,214,251,266,242,236,255,281,266,264,255,242,246,379,287,344,336,346,354,348,383,320,358,316,349,238,280,278,211,238,280,276,263,255,258,225,234,284,70,108,107,118,159,174,141,124,87,54,122,119,134,67,99,51,82,112,72,114,194,193,258,150,110,39,140,171,113,140,102,88,86,127,106,88,72,74,23,75,54,34,34,0
