Migrant country one year ago code,Migrant country one year ago label,Migration Country (outflow) (2 categories) code,Migration Country (outflow) (2 categories) label,Age (F) (7 categories) code,Age (F) (7 categories) label,Count
-8,Does not apply,-8,Does not apply,0,Aged under 1 year,0
-8,Does not apply,-8,Does not apply,1,Aged 1 to 15 years,9438209
-8,Does not apply,-8,Does not apply,2,Aged 16 to 24 years,4676342
-8,Does not apply,-8,Does not apply,3,Aged 25 to 34 years,6283782
-8,Does not apply,-8,Does not apply,4,Aged 35 to 49 years,10395436
-8,Does not apply,-8,Does not apply,5,Aged 50 to 64 years,11017725
-8,Does not apply,-8,Does not apply,6,Aged 65 years and over,10720554
-8,Does not apply,1,"Outflow: moved out of the area, but within the associated area",0,Aged under 1 year,0
-8,Does not apply,1,"Outflow: moved out of the area, but within the associated area",1,Aged 1 to 15 years,0
-8,Does not apply,1,"Outflow: moved out of the area, but within the associated area",2,Aged 16 to 24 years,0
-8,Does not apply,1,"Outflow: moved out of the area, but within the associated area",3,Aged 25 to 34 years,0
-8,Does not apply,1,"Outflow: moved out of the area, but within the associated area",4,Aged 35 to 49 years,0
-8,Does not apply,1,"Outflow: moved out of the area, but within the associated area",5,Aged 50 to 64 years,0
-8,Does not apply,1,"Outflow: moved out of the area, but within the associated area",6,Aged 65 years and over,0
999999999,Person with migrant origin outside the UK,-8,Does not apply,0,Aged under 1 year,0
999999999,Person with migrant origin outside the UK,-8,Does not apply,1,Aged 1 to 15 years,77790
999999999,Person with migrant origin outside the UK,-8,Does not apply,2,Aged 16 to 24 years,135196
999999999,Person with migrant origin outside the UK,-8,Does not apply,3,Aged 25 to 34 years,162489
999999999,Person with migrant origin outside the UK,-8,Does not apply,4,Aged 35 to 49 years,97754
999999999,Person with migrant origin outside the UK,-8,Does not apply,5,Aged 50 to 64 years,47715
999999999,Person with migrant origin outside the UK,-8,Does not apply,6,Aged 65 years and over,24152
999999999,Person with migrant origin outside the UK,1,"Outflow: moved out of the area, but within the associated area",0,Aged under 1 year,0
999999999,Person with migrant origin outside the UK,1,"Outflow: moved out of the area, but within the associated area",1,Aged 1 to 15 years,0
999999999,Person with migrant origin outside the UK,1,"Outflow: moved out of the area, but within the associated area",2,Aged 16 to 24 years,0
999999999,Person with migrant origin outside the UK,1,"Outflow: moved out of the area, but within the associated area",3,Aged 25 to 34 years,0
999999999,Person with migrant origin outside the UK,1,"Outflow: moved out of the area, but within the associated area",4,Aged 35 to 49 years,0
999999999,Person with migrant origin outside the UK,1,"Outflow: moved out of the area, but within the associated area",5,Aged 50 to 64 years,0
999999999,Person with migrant origin outside the UK,1,"Outflow: moved out of the area, but within the associated area",6,Aged 65 years and over,0
E92000001,England,-8,Does not apply,0,Aged under 1 year,0
E92000001,England,-8,Does not apply,1,Aged 1 to 15 years,861917
E92000001,England,-8,Does not apply,2,Aged 16 to 24 years,1406312
E92000001,England,-8,Does not apply,3,Aged 25 to 34 years,1529786
E92000001,England,-8,Does not apply,4,Aged 35 to 49 years,988006
E92000001,England,-8,Does not apply,5,Aged 50 to 64 years,512561
E92000001,England,-8,Does not apply,6,Aged 65 years and over,297932
E92000001,England,1,"Outflow: moved out of the area, but within the associated area",0,Aged under 1 year,0
E92000001,England,1,"Outflow: moved out of the area, but within the associated area",1,Aged 1 to 15 years,4400
E92000001,England,1,"Outflow: moved out of the area, but within the associated area",2,Aged 16 to 24 years,21835
E92000001,England,1,"Outflow: moved out of the area, but within the associated area",3,Aged 25 to 34 years,11591
E92000001,England,1,"Outflow: moved out of the area, but within the associated area",4,Aged 35 to 49 years,7072
E92000001,England,1,"Outflow: moved out of the area, but within the associated area",5,Aged 50 to 64 years,7108
E92000001,England,1,"Outflow: moved out of the area, but within the associated area",6,Aged 65 years and over,3965
W92000004,Wales,-8,Does not apply,0,Aged under 1 year,0
W92000004,Wales,-8,Does not apply,1,Aged 1 to 15 years,38827
W92000004,Wales,-8,Does not apply,2,Aged 16 to 24 years,58636
W92000004,Wales,-8,Does not apply,3,Aged 25 to 34 years,54081
W92000004,Wales,-8,Does not apply,4,Aged 35 to 49 years,33649
W92000004,Wales,-8,Does not apply,5,Aged 50 to 64 years,19941
W92000004,Wales,-8,Does not apply,6,Aged 65 years and over,13723
W92000004,Wales,1,"Outflow: moved out of the area, but within the associated area",0,Aged under 1 year,0
W92000004,Wales,1,"Outflow: moved out of the area, but within the associated area",1,Aged 1 to 15 years,2702
W92000004,Wales,1,"Outflow: moved out of the area, but within the associated area",2,Aged 16 to 24 years,19992
W92000004,Wales,1,"Outflow: moved out of the area, but within the associated area",3,Aged 25 to 34 years,8809
W92000004,Wales,1,"Outflow: moved out of the area, but within the associated area",4,Aged 35 to 49 years,4180
W92000004,Wales,1,"Outflow: moved out of the area, but within the associated area",5,Aged 50 to 64 years,3030
W92000004,Wales,1,"Outflow: moved out of the area, but within the associated area",6,Aged 65 years and over,3016
