Migrant region one year ago code,Migrant region one year ago label,Migration Region (outflow) (3 categories) code,Migration Region (outflow) (3 categories) label,Age (F) (7 categories) code,Age (F) (7 categories) label,Count
-8,Does not apply,-8,Does not apply,0,Aged under 1 year,0
-8,Does not apply,-8,Does not apply,1,Aged 1 to 15 years,9438209
-8,Does not apply,-8,Does not apply,2,Aged 16 to 24 years,4676342
-8,Does not apply,-8,Does not apply,3,Aged 25 to 34 years,6283782
-8,Does not apply,-8,Does not apply,4,Aged 35 to 49 years,10395436
-8,Does not apply,-8,Does not apply,5,Aged 50 to 64 years,11017725
-8,Does not apply,-8,Does not apply,6,Aged 65 years and over,10720554
-8,Does not apply,1,"Outflow: moved out of the area, but within the associated area",0,Aged under 1 year,0
-8,Does not apply,1,"Outflow: moved out of the area, but within the associated area",1,Aged 1 to 15 years,0
-8,Does not apply,1,"Outflow: moved out of the area, but within the associated area",2,Aged 16 to 24 years,0
-8,Does not apply,1,"Outflow: moved out of the area, but within the associated area",3,Aged 25 to 34 years,0
-8,Does not apply,1,"Outflow: moved out of the area, but within the associated area",4,Aged 35 to 49 years,0
-8,Does not apply,1,"Outflow: moved out of the area, but within the associated area",5,Aged 50 to 64 years,0
-8,Does not apply,1,"Outflow: moved out of the area, but within the associated area",6,Aged 65 years and over,0
-8,Does not apply,2,"Outflow: moved out of the associated area, but within England and Wales",0,Aged under 1 year,0
-8,Does not apply,2,"Outflow: moved out of the associated area, but within England and Wales",1,Aged 1 to 15 years,0
-8,Does not apply,2,"Outflow: moved out of the associated area, but within England and Wales",2,Aged 16 to 24 years,0
-8,Does not apply,2,"Outflow: moved out of the associated area, but within England and Wales",3,Aged 25 to 34 years,0
-8,Does not apply,2,"Outflow: moved out of the associated area, but within England and Wales",4,Aged 35 to 49 years,0
-8,Does not apply,2,"Outflow: moved out of the associated area, but within England and Wales",5,Aged 50 to 64 years,0
-8,Does not apply,2,"Outflow: moved out of the associated area, but within England and Wales",6,Aged 65 years and over,0
999999999,Person with migrant origin outside the UK,-8,Does not apply,0,Aged under 1 year,0
999999999,Person with migrant origin outside the UK,-8,Does not apply,1,Aged 1 to 15 years,77790
999999999,Person with migrant origin outside the UK,-8,Does not apply,2,Aged 16 to 24 years,135196
999999999,Person with migrant origin outside the UK,-8,Does not apply,3,Aged 25 to 34 years,162489
999999999,Person with migrant origin outside the UK,-8,Does not apply,4,Aged 35 to 49 years,97754
999999999,Person with migrant origin outside the UK,-8,Does not apply,5,Aged 50 to 64 years,47715
999999999,Person with migrant origin outside the UK,-8,Does not apply,6,Aged 65 years and over,24152
999999999,Person with migrant origin outside the UK,1,"Outflow: moved out of the area, but within the associated area",0,Aged under 1 year,0
999999999,Person with migrant origin outside the UK,1,"Outflow: moved out of the area, but within the associated area",1,Aged 1 to 15 years,0
999999999,Person with migrant origin outside the UK,1,"Outflow: moved out of the area, but within the associated area",2,Aged 16 to 24 years,0
999999999,Person with migrant origin outside the UK,1,"Outflow: moved out of the area, but within the associated area",3,Aged 25 to 34 years,0
999999999,Person with migrant origin outside the UK,1,"Outflow: moved out of the area, but within the associated area",4,Aged 35 to 49 years,0
999999999,Person with migrant origin outside the UK,1,"Outflow: moved out of the area, but within the associated area",5,Aged 50 to 64 years,0
999999999,Person with migrant origin outside the UK,1,"Outflow: moved out of the area, but within the associated area",6,Aged 65 years and over,0
999999999,Person with migrant origin outside the UK,2,"Outflow: moved out of the associated area, but within England and Wales",0,Aged under 1 year,0
999999999,Person with migrant origin outside the UK,2,"Outflow: moved out of the associated area, but within England and Wales",1,Aged 1 to 15 years,0
999999999,Person with migrant origin outside the UK,2,"Outflow: moved out of the associated area, but within England and Wales",2,Aged 16 to 24 years,0
999999999,Person with migrant origin outside the UK,2,"Outflow: moved out of the associated area, but within England and Wales",3,Aged 25 to 34 years,0
999999999,Person with migrant origin outside the UK,2,"Outflow: moved out of the associated area, but within England and Wales",4,Aged 35 to 49 years,0
999999999,Person with migrant origin outside the UK,2,"Outflow: moved out of the associated area, but within England and Wales",5,Aged 50 to 64 years,0
999999999,Person with migrant origin outside the UK,2,"Outflow: moved out of the associated area, but within England and Wales",6,Aged 65 years and over,0
E12000001,North East,-8,Does not apply,0,Aged under 1 year,0
E12000001,North East,-8,Does not apply,1,Aged 1 to 15 years,35775
E12000001,North East,-8,Does not apply,2,Aged 16 to 24 years,56914
E12000001,North East,-8,Does not apply,3,Aged 25 to 34 years,48670
E12000001,North East,-8,Does not apply,4,Aged 35 to 49 years,32291
E12000001,North East,-8,Does not apply,5,Aged 50 to 64 years,19311
E12000001,North East,-8,Does not apply,6,Aged 65 years and over,12543
E12000001,North East,1,"Outflow: moved out of the area, but within the associated area",0,Aged under 1 year,0
E12000001,North East,1,"Outflow: moved out of the area, but within the associated area",1,Aged 1 to 15 years,2074
E12000001,North East,1,"Outflow: moved out of the area, but within the associated area",2,Aged 16 to 24 years,14192
E12000001,North East,1,"Outflow: moved out of the area, but within the associated area",3,Aged 25 to 34 years,5535
E12000001,North East,1,"Outflow: moved out of the area, but within the associated area",4,Aged 35 to 49 years,2668
E12000001,North East,1,"Outflow: moved out of the area, but within the associated area",5,Aged 50 to 64 years,1764
E12000001,North East,1,"Outflow: moved out of the area, but within the associated area",6,Aged 65 years and over,1392
E12000001,North East,2,"Outflow: moved out of the associated area, but within England and Wales",0,Aged under 1 year,0
E12000001,North East,2,"Outflow: moved out of the associated area, but within England and Wales",1,Aged 1 to 15 years,48
E12000001,North East,2,"Outflow: moved out of the associated area, but within England and Wales",2,Aged 16 to 24 years,295
E12000001,North East,2,"Outflow: moved out of the associated area, but within England and Wales",3,Aged 25 to 34 years,131
E12000001,North East,2,"Outflow: moved out of the associated area, but within England and Wales",4,Aged 35 to 49 years,44
E12000001,North East,2,"Outflow: moved out of the associated area, but within England and Wales",5,Aged 50 to 64 years,51
E12000001,North East,2,"Outflow: moved out of the associated area, but within England and Wales",6,Aged 65 years and over,38
E12000002,North West,-8,Does not apply,0,Aged under 1 year,0
E12000002,North West,-8,Does not apply,1,Aged 1 to 15 years,96771
E12000002,North West,-8,Does not apply,2,Aged 16 to 24 years,139537
E12000002,North West,-8,Does not apply,3,Aged 25 to 34 years,151567
E12000002,North West,-8,Does not apply,4,Aged 35 to 49 years,95921
E12000002,North West,-8,Does not apply,5,Aged 50 to 64 years,52789
E12000002,North West,-8,Does not apply,6,Aged 65 years and over,31016
E12000002,North West,1,"Outflow: moved out of the area, but within the associated area",0,Aged under 1 year,0
E12000002,North West,1,"Outflow: moved out of the area, but within the associated area",1,Aged 1 to 15 years,5442
E12000002,North West,1,"Outflow: moved out of the area, but within the associated area",2,Aged 16 to 24 years,34683
E12000002,North West,1,"Outflow: moved out of the area, but within the associated area",3,Aged 25 to 34 years,17104
E12000002,North West,1,"Outflow: moved out of the area, but within the associated area",4,Aged 35 to 49 years,8451
E12000002,North West,1,"Outflow: moved out of the area, but within the associated area",5,Aged 50 to 64 years,5708
E12000002,North West,1,"Outflow: moved out of the area, but within the associated area",6,Aged 65 years and over,4197
E12000002,North West,2,"Outflow: moved out of the associated area, but within England and Wales",0,Aged under 1 year,0
E12000002,North West,2,"Outflow: moved out of the associated area, but within England and Wales",1,Aged 1 to 15 years,846
E12000002,North West,2,"Outflow: moved out of the associated area, but within England and Wales",2,Aged 16 to 24 years,2477
E12000002,North West,2,"Outflow: moved out of the associated area, but within England and Wales",3,Aged 25 to 34 years,2015
E12000002,North West,2,"Outflow: moved out of the associated area, but within England and Wales",4,Aged 35 to 49 years,1318
E12000002,North West,2,"Outflow: moved out of the associated area, but within England and Wales",5,Aged 50 to 64 years,1435
E12000002,North West,2,"Outflow: moved out of the associated area, but within England and Wales",6,Aged 65 years and over,724
E12000003,Yorkshire and The Humber,-8,Does not apply,0,Aged under 1 year,0
E12000003,Yorkshire and The Humber,-8,Does not apply,1,Aged 1 to 15 years,71549
E12000003,Yorkshire and The Humber,-8,Does not apply,2,Aged 16 to 24 years,114813
E12000003,Yorkshire and The Humber,-8,Does not apply,3,Aged 25 to 34 years,107784
E12000003,Yorkshire and The Humber,-8,Does not apply,4,Aged 35 to 49 years,68848
E12000003,Yorkshire and The Humber,-8,Does not apply,5,Aged 50 to 64 years,40075
E12000003,Yorkshire and The Humber,-8,Does not apply,6,Aged 65 years and over,24012
E12000003,Yorkshire and The Humber,1,"Outflow: moved out of the area, but within the associated area",0,Aged under 1 year,0
E12000003,Yorkshire and The Humber,1,"Outflow: moved out of the area, but within the associated area",1,Aged 1 to 15 years,6012
E12000003,Yorkshire and The Humber,1,"Outflow: moved out of the area, but within the associated area",2,Aged 16 to 24 years,37499
E12000003,Yorkshire and The Humber,1,"Outflow: moved out of the area, but within the associated area",3,Aged 25 to 34 years,16785
E12000003,Yorkshire and The Humber,1,"Outflow: moved out of the area, but within the associated area",4,Aged 35 to 49 years,7961
E12000003,Yorkshire and The Humber,1,"Outflow: moved out of the area, but within the associated area",5,Aged 50 to 64 years,5691
E12000003,Yorkshire and The Humber,1,"Outflow: moved out of the area, but within the associated area",6,Aged 65 years and over,3912
E12000003,Yorkshire and The Humber,2,"Outflow: moved out of the associated area, but within England and Wales",0,Aged under 1 year,0
E12000003,Yorkshire and The Humber,2,"Outflow: moved out of the associated area, but within England and Wales",1,Aged 1 to 15 years,140
E12000003,Yorkshire and The Humber,2,"Outflow: moved out of the associated area, but within England and Wales",2,Aged 16 to 24 years,776
E12000003,Yorkshire and The Humber,2,"Outflow: moved out of the associated area, but within England and Wales",3,Aged 25 to 34 years,416
E12000003,Yorkshire and The Humber,2,"Outflow: moved out of the associated area, but within England and Wales",4,Aged 35 to 49 years,211
E12000003,Yorkshire and The Humber,2,"Outflow: moved out of the associated area, but within England and Wales",5,Aged 50 to 64 years,210
E12000003,Yorkshire and The Humber,2,"Outflow: moved out of the associated area, but within England and Wales",6,Aged 65 years and over,142
E12000004,East Midlands,-8,Does not apply,0,Aged under 1 year,0
E12000004,East Midlands,-8,Does not apply,1,Aged 1 to 15 years,63236
E12000004,East Midlands,-8,Does not apply,2,Aged 16 to 24 years,97662
E12000004,East Midlands,-8,Does not apply,3,Aged 25 to 34 years,88838
E12000004,East Midlands,-8,Does not apply,4,Aged 35 to 49 years,62085
E12000004,East Midlands,-8,Does not apply,5,Aged 50 to 64 years,36040
E12000004,East Midlands,-8,Does not apply,6,Aged 65 years and over,20463
E12000004,East Midlands,1,"Outflow: moved out of the area, but within the associated area",0,Aged under 1 year,0
E12000004,East Midlands,1,"Outflow: moved out of the area, but within the associated area",1,Aged 1 to 15 years,7004
E12000004,East Midlands,1,"Outflow: moved out of the area, but within the associated area",2,Aged 16 to 24 years,40569
E12000004,East Midlands,1,"Outflow: moved out of the area, but within the associated area",3,Aged 25 to 34 years,18564
E12000004,East Midlands,1,"Outflow: moved out of the area, but within the associated area",4,Aged 35 to 49 years,9732
E12000004,East Midlands,1,"Outflow: moved out of the area, but within the associated area",5,Aged 50 to 64 years,7572
E12000004,East Midlands,1,"Outflow: moved out of the area, but within the associated area",6,Aged 65 years and over,5510
E12000004,East Midlands,2,"Outflow: moved out of the associated area, but within England and Wales",0,Aged under 1 year,0
E12000004,East Midlands,2,"Outflow: moved out of the associated area, but within England and Wales",1,Aged 1 to 15 years,207
E12000004,East Midlands,2,"Outflow: moved out of the associated area, but within England and Wales",2,Aged 16 to 24 years,1118
E12000004,East Midlands,2,"Outflow: moved out of the associated area, but within England and Wales",3,Aged 25 to 34 years,498
E12000004,East Midlands,2,"Outflow: moved out of the associated area, but within England and Wales",4,Aged 35 to 49 years,323
E12000004,East Midlands,2,"Outflow: moved out of the associated area, but within England and Wales",5,Aged 50 to 64 years,419
E12000004,East Midlands,2,"Outflow: moved out of the associated area, but within England and Wales",6,Aged 65 years and over,243
E12000005,West Midlands,-8,Does not apply,0,Aged under 1 year,0
E12000005,West Midlands,-8,Does not apply,1,Aged 1 to 15 years,81603
E12000005,West Midlands,-8,Does not apply,2,Aged 16 to 24 years,93617
E12000005,West Midlands,-8,Does not apply,3,Aged 25 to 34 years,109842
E12000005,West Midlands,-8,Does not apply,4,Aged 35 to 49 years,75551
E12000005,West Midlands,-8,Does not apply,5,Aged 50 to 64 years,40465
E12000005,West Midlands,-8,Does not apply,6,Aged 65 years and over,23579
E12000005,West Midlands,1,"Outflow: moved out of the area, but within the associated area",0,Aged under 1 year,0
E12000005,West Midlands,1,"Outflow: moved out of the area, but within the associated area",1,Aged 1 to 15 years,6947
E12000005,West Midlands,1,"Outflow: moved out of the area, but within the associated area",2,Aged 16 to 24 years,39954
E12000005,West Midlands,1,"Outflow: moved out of the area, but within the associated area",3,Aged 25 to 34 years,18483
E12000005,West Midlands,1,"Outflow: moved out of the area, but within the associated area",4,Aged 35 to 49 years,9435
E12000005,West Midlands,1,"Outflow: moved out of the area, but within the associated area",5,Aged 50 to 64 years,7024
E12000005,West Midlands,1,"Outflow: moved out of the area, but within the associated area",6,Aged 65 years and over,4575
E12000005,West Midlands,2,"Outflow: moved out of the associated area, but within England and Wales",0,Aged under 1 year,0
E12000005,West Midlands,2,"Outflow: moved out of the associated area, but within England and Wales",1,Aged 1 to 15 years,747
E12000005,West Midlands,2,"Outflow: moved out of the associated area, but within England and Wales",2,Aged 16 to 24 years,3174
E12000005,West Midlands,2,"Outflow: moved out of the associated area, but within England and Wales",3,Aged 25 to 34 years,1295
E12000005,West Midlands,2,"Outflow: moved out of the associated area, but within England and Wales",4,Aged 35 to 49 years,964
E12000005,West Midlands,2,"Outflow: moved out of the associated area, but within England and Wales",5,Aged 50 to 64 years,1166
E12000005,West Midlands,2,"Outflow: moved out of the associated area, but within England and Wales",6,Aged 65 years and over,805
E12000006,East of England,-8,Does not apply,0,Aged under 1 year,0
E12000006,East of England,-8,Does not apply,1,Aged 1 to 15 years,84487
E12000006,East of England,-8,Does not apply,2,Aged 16 to 24 years,80242
E12000006,East of England,-8,Does not apply,3,Aged 25 to 34 years,121147
E12000006,East of England,-8,Does not apply,4,Aged 35 to 49 years,88521
E12000006,East of England,-8,Does not apply,5,Aged 50 to 64 years,48783
E12000006,East of England,-8,Does not apply,6,Aged 65 years and over,28939
E12000006,East of England,1,"Outflow: moved out of the area, but within the associated area",0,Aged under 1 year,0
E12000006,East of England,1,"Outflow: moved out of the area, but within the associated area",1,Aged 1 to 15 years,11920
E12000006,East of England,1,"Outflow: moved out of the area, but within the associated area",2,Aged 16 to 24 years,50760
E12000006,East of England,1,"Outflow: moved out of the area, but within the associated area",3,Aged 25 to 34 years,29322
E12000006,East of England,1,"Outflow: moved out of the area, but within the associated area",4,Aged 35 to 49 years,16706
E12000006,East of England,1,"Outflow: moved out of the area, but within the associated area",5,Aged 50 to 64 years,11446
E12000006,East of England,1,"Outflow: moved out of the area, but within the associated area",6,Aged 65 years and over,7292
E12000006,East of England,2,"Outflow: moved out of the associated area, but within England and Wales",0,Aged under 1 year,0
E12000006,East of England,2,"Outflow: moved out of the associated area, but within England and Wales",1,Aged 1 to 15 years,319
E12000006,East of England,2,"Outflow: moved out of the associated area, but within England and Wales",2,Aged 16 to 24 years,1413
E12000006,East of England,2,"Outflow: moved out of the associated area, but within England and Wales",3,Aged 25 to 34 years,638
E12000006,East of England,2,"Outflow: moved out of the associated area, but within England and Wales",4,Aged 35 to 49 years,448
E12000006,East of England,2,"Outflow: moved out of the associated area, but within England and Wales",5,Aged 50 to 64 years,511
E12000006,East of England,2,"Outflow: moved out of the associated area, but within England and Wales",6,Aged 65 years and over,294
E12000007,London,-8,Does not apply,0,Aged under 1 year,0
E12000007,London,-8,Does not apply,1,Aged 1 to 15 years,120484
E12000007,London,-8,Does not apply,2,Aged 16 to 24 years,134794
E12000007,London,-8,Does not apply,3,Aged 25 to 34 years,330008
E12000007,London,-8,Does not apply,4,Aged 35 to 49 years,185087
E12000007,London,-8,Does not apply,5,Aged 50 to 64 years,54467
E12000007,London,-8,Does not apply,6,Aged 65 years and over,18657
E12000007,London,1,"Outflow: moved out of the area, but within the associated area",0,Aged under 1 year,0
E12000007,London,1,"Outflow: moved out of the area, but within the associated area",1,Aged 1 to 15 years,41779
E12000007,London,1,"Outflow: moved out of the area, but within the associated area",2,Aged 16 to 24 years,73769
E12000007,London,1,"Outflow: moved out of the area, but within the associated area",3,Aged 25 to 34 years,99621
E12000007,London,1,"Outflow: moved out of the area, but within the associated area",4,Aged 35 to 49 years,66387
E12000007,London,1,"Outflow: moved out of the area, but within the associated area",5,Aged 50 to 64 years,28678
E12000007,London,1,"Outflow: moved out of the area, but within the associated area",6,Aged 65 years and over,14622
E12000007,London,2,"Outflow: moved out of the associated area, but within England and Wales",0,Aged under 1 year,0
E12000007,London,2,"Outflow: moved out of the associated area, but within England and Wales",1,Aged 1 to 15 years,497
E12000007,London,2,"Outflow: moved out of the associated area, but within England and Wales",2,Aged 16 to 24 years,1945
E12000007,London,2,"Outflow: moved out of the associated area, but within England and Wales",3,Aged 25 to 34 years,2159
E12000007,London,2,"Outflow: moved out of the associated area, but within England and Wales",4,Aged 35 to 49 years,1246
E12000007,London,2,"Outflow: moved out of the associated area, but within England and Wales",5,Aged 50 to 64 years,698
E12000007,London,2,"Outflow: moved out of the associated area, but within England and Wales",6,Aged 65 years and over,342
E12000008,South East,-8,Does not apply,0,Aged under 1 year,0
E12000008,South East,-8,Does not apply,1,Aged 1 to 15 years,129271
E12000008,South East,-8,Does not apply,2,Aged 16 to 24 years,159455
E12000008,South East,-8,Does not apply,3,Aged 25 to 34 years,185123
E12000008,South East,-8,Does not apply,4,Aged 35 to 49 years,141365
E12000008,South East,-8,Does not apply,5,Aged 50 to 64 years,74978
E12000008,South East,-8,Does not apply,6,Aged 65 years and over,44953
E12000008,South East,1,"Outflow: moved out of the area, but within the associated area",0,Aged under 1 year,0
E12000008,South East,1,"Outflow: moved out of the area, but within the associated area",1,Aged 1 to 15 years,16536
E12000008,South East,1,"Outflow: moved out of the area, but within the associated area",2,Aged 16 to 24 years,78423
E12000008,South East,1,"Outflow: moved out of the area, but within the associated area",3,Aged 25 to 34 years,44243
E12000008,South East,1,"Outflow: moved out of the area, but within the associated area",4,Aged 35 to 49 years,25272
E12000008,South East,1,"Outflow: moved out of the area, but within the associated area",5,Aged 50 to 64 years,19243
E12000008,South East,1,"Outflow: moved out of the area, but within the associated area",6,Aged 65 years and over,11343
E12000008,South East,2,"Outflow: moved out of the associated area, but within England and Wales",0,Aged under 1 year,0
E12000008,South East,2,"Outflow: moved out of the associated area, but within England and Wales",1,Aged 1 to 15 years,726
E12000008,South East,2,"Outflow: moved out of the associated area, but within England and Wales",2,Aged 16 to 24 years,4360
E12000008,South East,2,"Outflow: moved out of the associated area, but within England and Wales",3,Aged 25 to 34 years,1586
E12000008,South East,2,"Outflow: moved out of the associated area, but within England and Wales",4,Aged 35 to 49 years,1041
E12000008,South East,2,"Outflow: moved out of the associated area, but within England and Wales",5,Aged 50 to 64 years,1337
E12000008,South East,2,"Outflow: moved out of the associated area, but within England and Wales",6,Aged 65 years and over,636
E12000009,South West,-8,Does not apply,0,Aged under 1 year,0
E12000009,South West,-8,Does not apply,1,Aged 1 to 15 years,74816
E12000009,South West,-8,Does not apply,2,Aged 16 to 24 years,119822
E12000009,South West,-8,Does not apply,3,Aged 25 to 34 years,118087
E12000009,South West,-8,Does not apply,4,Aged 35 to 49 years,82296
E12000009,South West,-8,Does not apply,5,Aged 50 to 64 years,51232
E12000009,South West,-8,Does not apply,6,Aged 65 years and over,34417
E12000009,South West,1,"Outflow: moved out of the area, but within the associated area",0,Aged under 1 year,0
E12000009,South West,1,"Outflow: moved out of the area, but within the associated area",1,Aged 1 to 15 years,6211
E12000009,South West,1,"Outflow: moved out of the area, but within the associated area",2,Aged 16 to 24 years,39607
E12000009,South West,1,"Outflow: moved out of the area, but within the associated area",3,Aged 25 to 34 years,19062
E12000009,South West,1,"Outflow: moved out of the area, but within the associated area",4,Aged 35 to 49 years,9428
E12000009,South West,1,"Outflow: moved out of the area, but within the associated area",5,Aged 50 to 64 years,7293
E12000009,South West,1,"Outflow: moved out of the area, but within the associated area",6,Aged 65 years and over,6511
E12000009,South West,2,"Outflow: moved out of the associated area, but within England and Wales",0,Aged under 1 year,0
E12000009,South West,2,"Outflow: moved out of the associated area, but within England and Wales",1,Aged 1 to 15 years,870
E12000009,South West,2,"Outflow: moved out of the associated area, but within England and Wales",2,Aged 16 to 24 years,6277
E12000009,South West,2,"Outflow: moved out of the associated area, but within England and Wales",3,Aged 25 to 34 years,2853
E12000009,South West,2,"Outflow: moved out of the associated area, but within England and Wales",4,Aged 35 to 49 years,1477
E12000009,South West,2,"Outflow: moved out of the associated area, but within England and Wales",5,Aged 50 to 64 years,1282
E12000009,South West,2,"Outflow: moved out of the associated area, but within England and Wales",6,Aged 65 years and over,741
W92000004,Wales,-8,Does not apply,0,Aged under 1 year,0
W92000004,Wales,-8,Does not apply,1,Aged 1 to 15 years,38827
W92000004,Wales,-8,Does not apply,2,Aged 16 to 24 years,58636
W92000004,Wales,-8,Does not apply,3,Aged 25 to 34 years,54081
W92000004,Wales,-8,Does not apply,4,Aged 35 to 49 years,33649
W92000004,Wales,-8,Does not apply,5,Aged 50 to 64 years,19941
W92000004,Wales,-8,Does not apply,6,Aged 65 years and over,13723
W92000004,Wales,1,"Outflow: moved out of the area, but within the associated area",0,Aged under 1 year,0
W92000004,Wales,1,"Outflow: moved out of the area, but within the associated area",1,Aged 1 to 15 years,0
W92000004,Wales,1,"Outflow: moved out of the area, but within the associated area",2,Aged 16 to 24 years,0
W92000004,Wales,1,"Outflow: moved out of the area, but within the associated area",3,Aged 25 to 34 years,0
W92000004,Wales,1,"Outflow: moved out of the area, but within the associated area",4,Aged 35 to 49 years,0
W92000004,Wales,1,"Outflow: moved out of the area, but within the associated area",5,Aged 50 to 64 years,0
W92000004,Wales,1,"Outflow: moved out of the area, but within the associated area",6,Aged 65 years and over,0
W92000004,Wales,2,"Outflow: moved out of the associated area, but within England and Wales",0,Aged under 1 year,0
W92000004,Wales,2,"Outflow: moved out of the associated area, but within England and Wales",1,Aged 1 to 15 years,2702
W92000004,Wales,2,"Outflow: moved out of the associated area, but within England and Wales",2,Aged 16 to 24 years,19992
W92000004,Wales,2,"Outflow: moved out of the associated area, but within England and Wales",3,Aged 25 to 34 years,8809
W92000004,Wales,2,"Outflow: moved out of the associated area, but within England and Wales",4,Aged 35 to 49 years,4180
W92000004,Wales,2,"Outflow: moved out of the associated area, but within England and Wales",5,Aged 50 to 64 years,3030
W92000004,Wales,2,"Outflow: moved out of the associated area, but within England and Wales",6,Aged 65 years and over,3016
