Regions code,Regions label,Migration Region (inflow) (6 categories) code,Migration Region (inflow) (6 categories) label,Age (F) (7 categories) code,Age (F) (7 categories) label,Count
E12000001,North East,-8,Does not apply,0,Aged under 1 year,0
E12000001,North East,-8,Does not apply,1,Aged 1 to 15 years,0
E12000001,North East,-8,Does not apply,2,Aged 16 to 24 years,0
E12000001,North East,-8,Does not apply,3,Aged 25 to 34 years,0
E12000001,North East,-8,Does not apply,4,Aged 35 to 49 years,0
E12000001,North East,-8,Does not apply,5,Aged 50 to 64 years,0
E12000001,North East,-8,Does not apply,6,Aged 65 years and over,0
E12000001,North East,1,Lived at the same address one year ago,0,Aged under 1 year,0
E12000001,North East,1,Lived at the same address one year ago,1,Aged 1 to 15 years,401983
E12000001,North East,1,Lived at the same address one year ago,2,Aged 16 to 24 years,200722
E12000001,North East,1,Lived at the same address one year ago,3,Aged 25 to 34 years,266380
E12000001,North East,1,Lived at the same address one year ago,4,Aged 35 to 49 years,434674
E12000001,North East,1,Lived at the same address one year ago,5,Aged 50 to 64 years,526171
E12000001,North East,1,Lived at the same address one year ago,6,Aged 65 years and over,525043
E12000001,North East,2,"Inflow: lived elsewhere one year ago, but within the same area",0,Aged under 1 year,0
E12000001,North East,2,"Inflow: lived elsewhere one year ago, but within the same area",1,Aged 1 to 15 years,35775
E12000001,North East,2,"Inflow: lived elsewhere one year ago, but within the same area",2,Aged 16 to 24 years,56914
E12000001,North East,2,"Inflow: lived elsewhere one year ago, but within the same area",3,Aged 25 to 34 years,48670
E12000001,North East,2,"Inflow: lived elsewhere one year ago, but within the same area",4,Aged 35 to 49 years,32291
E12000001,North East,2,"Inflow: lived elsewhere one year ago, but within the same area",5,Aged 50 to 64 years,19311
E12000001,North East,2,"Inflow: lived elsewhere one year ago, but within the same area",6,Aged 65 years and over,12543
E12000001,North East,3,"Inflow: lived elsewhere one year ago outside the area, but within the associated area",0,Aged under 1 year,0
E12000001,North East,3,"Inflow: lived elsewhere one year ago outside the area, but within the associated area",1,Aged 1 to 15 years,3125
E12000001,North East,3,"Inflow: lived elsewhere one year ago outside the area, but within the associated area",2,Aged 16 to 24 years,19926
E12000001,North East,3,"Inflow: lived elsewhere one year ago outside the area, but within the associated area",3,Aged 25 to 34 years,7645
E12000001,North East,3,"Inflow: lived elsewhere one year ago outside the area, but within the associated area",4,Aged 35 to 49 years,4455
E12000001,North East,3,"Inflow: lived elsewhere one year ago outside the area, but within the associated area",5,Aged 50 to 64 years,3659
E12000001,North East,3,"Inflow: lived elsewhere one year ago outside the area, but within the associated area",6,Aged 65 years and over,2057
E12000001,North East,4,"Inflow: lived elsewhere one year ago outside the associated area, but within the UK",0,Aged under 1 year,0
E12000001,North East,4,"Inflow: lived elsewhere one year ago outside the associated area, but within the UK",1,Aged 1 to 15 years,307
E12000001,North East,4,"Inflow: lived elsewhere one year ago outside the associated area, but within the UK",2,Aged 16 to 24 years,1723
E12000001,North East,4,"Inflow: lived elsewhere one year ago outside the associated area, but within the UK",3,Aged 25 to 34 years,960
E12000001,North East,4,"Inflow: lived elsewhere one year ago outside the associated area, but within the UK",4,Aged 35 to 49 years,498
E12000001,North East,4,"Inflow: lived elsewhere one year ago outside the associated area, but within the UK",5,Aged 50 to 64 years,456
E12000001,North East,4,"Inflow: lived elsewhere one year ago outside the associated area, but within the UK",6,Aged 65 years and over,304
E12000001,North East,5,Inflow: lived elsewhere one year ago outside the UK,0,Aged under 1 year,0
E12000001,North East,5,Inflow: lived elsewhere one year ago outside the UK,1,Aged 1 to 15 years,2089
E12000001,North East,5,Inflow: lived elsewhere one year ago outside the UK,2,Aged 16 to 24 years,4865
E12000001,North East,5,Inflow: lived elsewhere one year ago outside the UK,3,Aged 25 to 34 years,5054
E12000001,North East,5,Inflow: lived elsewhere one year ago outside the UK,4,Aged 35 to 49 years,2668
E12000001,North East,5,Inflow: lived elsewhere one year ago outside the UK,5,Aged 50 to 64 years,1358
E12000001,North East,5,Inflow: lived elsewhere one year ago outside the UK,6,Aged 65 years and over,612
E12000002,North West,-8,Does not apply,0,Aged under 1 year,0
E12000002,North West,-8,Does not apply,1,Aged 1 to 15 years,0
E12000002,North West,-8,Does not apply,2,Aged 16 to 24 years,0
E12000002,North West,-8,Does not apply,3,Aged 25 to 34 years,0
E12000002,North West,-8,Does not apply,4,Aged 35 to 49 years,0
E12000002,North West,-8,Does not apply,5,Aged 50 to 64 years,0
E12000002,North West,-8,Does not apply,6,Aged 65 years and over,0
E12000002,North West,1,Lived at the same address one year ago,0,Aged under 1 year,0
E12000002,North West,1,Lived at the same address one year ago,1,Aged 1 to 15 years,1200165
E12000002,North West,1,Lived at the same address one year ago,2,Aged 16 to 24 years,596375
E12000002,North West,1,Lived at the same address one year ago,3,Aged 25 to 34 years,787981
E12000002,North West,1,Lived at the same address one year ago,4,Aged 35 to 49 years,1268984
E12000002,North West,1,Lived at the same address one year ago,5,Aged 50 to 64 years,1403493
E12000002,North West,1,Lived at the same address one year ago,6,Aged 65 years and over,1347652
E12000002,North West,2,"Inflow: lived elsewhere one year ago, but within the same area",0,Aged under 1 year,0
E12000002,North West,2,"Inflow: lived elsewhere one year ago, but within the same area",1,Aged 1 to 15 years,96771
E12000002,North West,2,"Inflow: lived elsewhere one year ago, but within the same area",2,Aged 16 to 24 years,139537
E12000002,North West,2,"Inflow: lived elsewhere one year ago, but within the same area",3,Aged 25 to 34 years,151567
E12000002,North West,2,"Inflow: lived elsewhere one year ago, but within the same area",4,Aged 35 to 49 years,95921
E12000002,North West,2,"Inflow: lived elsewhere one year ago, but within the same area",5,Aged 50 to 64 years,52789
E12000002,North West,2,"Inflow: lived elsewhere one year ago, but within the same area",6,Aged 65 years and over,31016
E12000002,North West,3,"Inflow: lived elsewhere one year ago outside the area, but within the associated area",0,Aged under 1 year,0
E12000002,North West,3,"Inflow: lived elsewhere one year ago outside the area, but within the associated area",1,Aged 1 to 15 years,7596
E12000002,North West,3,"Inflow: lived elsewhere one year ago outside the area, but within the associated area",2,Aged 16 to 24 years,41170
E12000002,North West,3,"Inflow: lived elsewhere one year ago outside the area, but within the associated area",3,Aged 25 to 34 years,22180
E12000002,North West,3,"Inflow: lived elsewhere one year ago outside the area, but within the associated area",4,Aged 35 to 49 years,11381
E12000002,North West,3,"Inflow: lived elsewhere one year ago outside the area, but within the associated area",5,Aged 50 to 64 years,6993
E12000002,North West,3,"Inflow: lived elsewhere one year ago outside the area, but within the associated area",6,Aged 65 years and over,4211
E12000002,North West,4,"Inflow: lived elsewhere one year ago outside the associated area, but within the UK",0,Aged under 1 year,0
E12000002,North West,4,"Inflow: lived elsewhere one year ago outside the associated area, but within the UK",1,Aged 1 to 15 years,1087
E12000002,North West,4,"Inflow: lived elsewhere one year ago outside the associated area, but within the UK",2,Aged 16 to 24 years,6839
E12000002,North West,4,"Inflow: lived elsewhere one year ago outside the associated area, but within the UK",3,Aged 25 to 34 years,3308
E12000002,North West,4,"Inflow: lived elsewhere one year ago outside the associated area, but within the UK",4,Aged 35 to 49 years,1577
E12000002,North West,4,"Inflow: lived elsewhere one year ago outside the associated area, but within the UK",5,Aged 50 to 64 years,1166
E12000002,North West,4,"Inflow: lived elsewhere one year ago outside the associated area, but within the UK",6,Aged 65 years and over,956
E12000002,North West,5,Inflow: lived elsewhere one year ago outside the UK,0,Aged under 1 year,0
E12000002,North West,5,Inflow: lived elsewhere one year ago outside the UK,1,Aged 1 to 15 years,9663
E12000002,North West,5,Inflow: lived elsewhere one year ago outside the UK,2,Aged 16 to 24 years,14102
E12000002,North West,5,Inflow: lived elsewhere one year ago outside the UK,3,Aged 25 to 34 years,17723
E12000002,North West,5,Inflow: lived elsewhere one year ago outside the UK,4,Aged 35 to 49 years,10924
E12000002,North West,5,Inflow: lived elsewhere one year ago outside the UK,5,Aged 50 to 64 years,5309
E12000002,North West,5,Inflow: lived elsewhere one year ago outside the UK,6,Aged 65 years and over,2480
E12000003,Yorkshire and The Humber,-8,Does not apply,0,Aged under 1 year,0
E12000003,Yorkshire and The Humber,-8,Does not apply,1,Aged 1 to 15 years,0
E12000003,Yorkshire and The Humber,-8,Does not apply,2,Aged 16 to 24 years,0
E12000003,Yorkshire and The Humber,-8,Does not apply,3,Aged 25 to 34 years,0
E12000003,Yorkshire and The Humber,-8,Does not apply,4,Aged 35 to 49 years,0
E12000003,Yorkshire and The Humber,-8,Does not apply,5,Aged 50 to 64 years,0
E12000003,Yorkshire and The Humber,-8,Does not apply,6,Aged 65 years and over,0
E12000003,Yorkshire and The Humber,1,Lived at the same address one year ago,0,Aged under 1 year,0
E12000003,Yorkshire and The Humber,1,Lived at the same address one year ago,1,Aged 1 to 15 years,880207
E12000003,Yorkshire and The Humber,1,Lived at the same address one year ago,2,Aged 16 to 24 years,434640
E12000003,Yorkshire and The Humber,1,Lived at the same address one year ago,3,Aged 25 to 34 years,578266
E12000003,Yorkshire and The Humber,1,Lived at the same address one year ago,4,Aged 35 to 49 years,925665
E12000003,Yorkshire and The Humber,1,Lived at the same address one year ago,5,Aged 50 to 64 years,1031210
E12000003,Yorkshire and The Humber,1,Lived at the same address one year ago,6,Aged 65 years and over,1010793
E12000003,Yorkshire and The Humber,2,"Inflow: lived elsewhere one year ago, but within the same area",0,Aged under 1 year,0
E12000003,Yorkshire and The Humber,2,"Inflow: lived elsewhere one year ago, but within the same area",1,Aged 1 to 15 years,71549
E12000003,Yorkshire and The Humber,2,"Inflow: lived elsewhere one year ago, but within the same area",2,Aged 16 to 24 years,114813
E12000003,Yorkshire and The Humber,2,"Inflow: lived elsewhere one year ago, but within the same area",3,Aged 25 to 34 years,107784
E12000003,Yorkshire and The Humber,2,"Inflow: lived elsewhere one year ago, but within the same area",4,Aged 35 to 49 years,68848
E12000003,Yorkshire and The Humber,2,"Inflow: lived elsewhere one year ago, but within the same area",5,Aged 50 to 64 years,40075
E12000003,Yorkshire and The Humber,2,"Inflow: lived elsewhere one year ago, but within the same area",6,Aged 65 years and over,24012
E12000003,Yorkshire and The Humber,3,"Inflow: lived elsewhere one year ago outside the area, but within the associated area",0,Aged under 1 year,0
E12000003,Yorkshire and The Humber,3,"Inflow: lived elsewhere one year ago outside the area, but within the associated area",1,Aged 1 to 15 years,7170
E12000003,Yorkshire and The Humber,3,"Inflow: lived elsewhere one year ago outside the area, but within the associated area",2,Aged 16 to 24 years,44362
E12000003,Yorkshire and The Humber,3,"Inflow: lived elsewhere one year ago outside the area, but within the associated area",3,Aged 25 to 34 years,19200
E12000003,Yorkshire and The Humber,3,"Inflow: lived elsewhere one year ago outside the area, but within the associated area",4,Aged 35 to 49 years,10175
E12000003,Yorkshire and The Humber,3,"Inflow: lived elsewhere one year ago outside the area, but within the associated area",5,Aged 50 to 64 years,7154
E12000003,Yorkshire and The Humber,3,"Inflow: lived elsewhere one year ago outside the area, but within the associated area",6,Aged 65 years and over,4433
E12000003,Yorkshire and The Humber,4,"Inflow: lived elsewhere one year ago outside the associated area, but within the UK",0,Aged under 1 year,0
E12000003,Yorkshire and The Humber,4,"Inflow: lived elsewhere one year ago outside the associated area, but within the UK",1,Aged 1 to 15 years,421
E12000003,Yorkshire and The Humber,4,"Inflow: lived elsewhere one year ago outside the associated area, but within the UK",2,Aged 16 to 24 years,2213
E12000003,Yorkshire and The Humber,4,"Inflow: lived elsewhere one year ago outside the associated area, but within the UK",3,Aged 25 to 34 years,1279
E12000003,Yorkshire and The Humber,4,"Inflow: lived elsewhere one year ago outside the associated area, but within the UK",4,Aged 35 to 49 years,582
E12000003,Yorkshire and The Humber,4,"Inflow: lived elsewhere one year ago outside the associated area, but within the UK",5,Aged 50 to 64 years,507
E12000003,Yorkshire and The Humber,4,"Inflow: lived elsewhere one year ago outside the associated area, but within the UK",6,Aged 65 years and over,363
E12000003,Yorkshire and The Humber,5,Inflow: lived elsewhere one year ago outside the UK,0,Aged under 1 year,0
E12000003,Yorkshire and The Humber,5,Inflow: lived elsewhere one year ago outside the UK,1,Aged 1 to 15 years,5191
E12000003,Yorkshire and The Humber,5,Inflow: lived elsewhere one year ago outside the UK,2,Aged 16 to 24 years,11534
E12000003,Yorkshire and The Humber,5,Inflow: lived elsewhere one year ago outside the UK,3,Aged 25 to 34 years,11703
E12000003,Yorkshire and The Humber,5,Inflow: lived elsewhere one year ago outside the UK,4,Aged 35 to 49 years,6281
E12000003,Yorkshire and The Humber,5,Inflow: lived elsewhere one year ago outside the UK,5,Aged 50 to 64 years,3020
E12000003,Yorkshire and The Humber,5,Inflow: lived elsewhere one year ago outside the UK,6,Aged 65 years and over,1387
E12000004,East Midlands,-8,Does not apply,0,Aged under 1 year,0
E12000004,East Midlands,-8,Does not apply,1,Aged 1 to 15 years,0
E12000004,East Midlands,-8,Does not apply,2,Aged 16 to 24 years,0
E12000004,East Midlands,-8,Does not apply,3,Aged 25 to 34 years,0
E12000004,East Midlands,-8,Does not apply,4,Aged 35 to 49 years,0
E12000004,East Midlands,-8,Does not apply,5,Aged 50 to 64 years,0
E12000004,East Midlands,-8,Does not apply,6,Aged 65 years and over,0
E12000004,East Midlands,1,Lived at the same address one year ago,0,Aged under 1 year,0
E12000004,East Midlands,1,Lived at the same address one year ago,1,Aged 1 to 15 years,755791
E12000004,East Midlands,1,Lived at the same address one year ago,2,Aged 16 to 24 years,376128
E12000004,East Midlands,1,Lived at the same address one year ago,3,Aged 25 to 34 years,496487
E12000004,East Midlands,1,Lived at the same address one year ago,4,Aged 35 to 49 years,824837
E12000004,East Midlands,1,Lived at the same address one year ago,5,Aged 50 to 64 years,928423
E12000004,East Midlands,1,Lived at the same address one year ago,6,Aged 65 years and over,922957
E12000004,East Midlands,2,"Inflow: lived elsewhere one year ago, but within the same area",0,Aged under 1 year,0
E12000004,East Midlands,2,"Inflow: lived elsewhere one year ago, but within the same area",1,Aged 1 to 15 years,63236
E12000004,East Midlands,2,"Inflow: lived elsewhere one year ago, but within the same area",2,Aged 16 to 24 years,97662
E12000004,East Midlands,2,"Inflow: lived elsewhere one year ago, but within the same area",3,Aged 25 to 34 years,88838
E12000004,East Midlands,2,"Inflow: lived elsewhere one year ago, but within the same area",4,Aged 35 to 49 years,62085
E12000004,East Midlands,2,"Inflow: lived elsewhere one year ago, but within the same area",5,Aged 50 to 64 years,36040
E12000004,East Midlands,2,"Inflow: lived elsewhere one year ago, but within the same area",6,Aged 65 years and over,20463
E12000004,East Midlands,3,"Inflow: lived elsewhere one year ago outside the area, but within the associated area",0,Aged under 1 year,0
E12000004,East Midlands,3,"Inflow: lived elsewhere one year ago outside the area, but within the associated area",1,Aged 1 to 15 years,10336
E12000004,East Midlands,3,"Inflow: lived elsewhere one year ago outside the area, but within the associated area",2,Aged 16 to 24 years,52843
E12000004,East Midlands,3,"Inflow: lived elsewhere one year ago outside the area, but within the associated area",3,Aged 25 to 34 years,23872
E12000004,East Midlands,3,"Inflow: lived elsewhere one year ago outside the area, but within the associated area",4,Aged 35 to 49 years,14768
E12000004,East Midlands,3,"Inflow: lived elsewhere one year ago outside the area, but within the associated area",5,Aged 50 to 64 years,10497
E12000004,East Midlands,3,"Inflow: lived elsewhere one year ago outside the area, but within the associated area",6,Aged 65 years and over,6198
E12000004,East Midlands,4,"Inflow: lived elsewhere one year ago outside the associated area, but within the UK",0,Aged under 1 year,0
E12000004,East Midlands,4,"Inflow: lived elsewhere one year ago outside the associated area, but within the UK",1,Aged 1 to 15 years,334
E12000004,East Midlands,4,"Inflow: lived elsewhere one year ago outside the associated area, but within the UK",2,Aged 16 to 24 years,1869
E12000004,East Midlands,4,"Inflow: lived elsewhere one year ago outside the associated area, but within the UK",3,Aged 25 to 34 years,984
E12000004,East Midlands,4,"Inflow: lived elsewhere one year ago outside the associated area, but within the UK",4,Aged 35 to 49 years,550
E12000004,East Midlands,4,"Inflow: lived elsewhere one year ago outside the associated area, but within the UK",5,Aged 50 to 64 years,363
E12000004,East Midlands,4,"Inflow: lived elsewhere one year ago outside the associated area, but within the UK",6,Aged 65 years and over,371
E12000004,East Midlands,5,Inflow: lived elsewhere one year ago outside the UK,0,Aged under 1 year,0
E12000004,East Midlands,5,Inflow: lived elsewhere one year ago outside the UK,1,Aged 1 to 15 years,5432
E12000004,East Midlands,5,Inflow: lived elsewhere one year ago outside the UK,2,Aged 16 to 24 years,10022
E12000004,East Midlands,5,Inflow: lived elsewhere one year ago outside the UK,3,Aged 25 to 34 years,10118
E12000004,East Midlands,5,Inflow: lived elsewhere one year ago outside the UK,4,Aged 35 to 49 years,6425
E12000004,East Midlands,5,Inflow: lived elsewhere one year ago outside the UK,5,Aged 50 to 64 years,3459
E12000004,East Midlands,5,Inflow: lived elsewhere one year ago outside the UK,6,Aged 65 years and over,1787
E12000005,West Midlands,-8,Does not apply,0,Aged under 1 year,0
E12000005,West Midlands,-8,Does not apply,1,Aged 1 to 15 years,0
E12000005,West Midlands,-8,Does not apply,2,Aged 16 to 24 years,0
E12000005,West Midlands,-8,Does not apply,3,Aged 25 to 34 years,0
E12000005,West Midlands,-8,Does not apply,4,Aged 35 to 49 years,0
E12000005,West Midlands,-8,Does not apply,5,Aged 50 to 64 years,0
E12000005,West Midlands,-8,Does not apply,6,Aged 65 years and over,0
E12000005,West Midlands,1,Lived at the same address one year ago,0,Aged under 1 year,0
E12000005,West Midlands,1,Lived at the same address one year ago,1,Aged 1 to 15 years,987082
E12000005,West Midlands,1,Lived at the same address one year ago,2,Aged 16 to 24 years,501703
E12000005,West Midlands,1,Lived at the same address one year ago,3,Aged 25 to 34 years,627124
E12000005,West Midlands,1,Lived at the same address one year ago,4,Aged 35 to 49 years,1016450
E12000005,West Midlands,1,Lived at the same address one year ago,5,Aged 50 to 64 years,1095016
E12000005,West Midlands,1,Lived at the same address one year ago,6,Aged 65 years and over,1086405
E12000005,West Midlands,2,"Inflow: lived elsewhere one year ago, but within the same area",0,Aged under 1 year,0
E12000005,West Midlands,2,"Inflow: lived elsewhere one year ago, but within the same area",1,Aged 1 to 15 years,81603
E12000005,West Midlands,2,"Inflow: lived elsewhere one year ago, but within the same area",2,Aged 16 to 24 years,93617
E12000005,West Midlands,2,"Inflow: lived elsewhere one year ago, but within the same area",3,Aged 25 to 34 years,109842
E12000005,West Midlands,2,"Inflow: lived elsewhere one year ago, but within the same area",4,Aged 35 to 49 years,75551
E12000005,West Midlands,2,"Inflow: lived elsewhere one year ago, but within the same area",5,Aged 50 to 64 years,40465
E12000005,West Midlands,2,"Inflow: lived elsewhere one year ago, but within the same area",6,Aged 65 years and over,23579
E12000005,West Midlands,3,"Inflow: lived elsewhere one year ago outside the area, but within the associated area",0,Aged under 1 year,0
E12000005,West Midlands,3,"Inflow: lived elsewhere one year ago outside the area, but within the associated area",1,Aged 1 to 15 years,9042
E12000005,West Midlands,3,"Inflow: lived elsewhere one year ago outside the area, but within the associated area",2,Aged 16 to 24 years,39084
E12000005,West Midlands,3,"Inflow: lived elsewhere one year ago outside the area, but within the associated area",3,Aged 25 to 34 years,21400
E12000005,West Midlands,3,"Inflow: lived elsewhere one year ago outside the area, but within the associated area",4,Aged 35 to 49 years,12393
E12000005,West Midlands,3,"Inflow: lived elsewhere one year ago outside the area, but within the associated area",5,Aged 50 to 64 years,7838
E12000005,West Midlands,3,"Inflow: lived elsewhere one year ago outside the area, but within the associated area",6,Aged 65 years and over,4614
E12000005,West Midlands,4,"Inflow: lived elsewhere one year ago outside the associated area, but within the UK",0,Aged under 1 year,0
E12000005,West Midlands,4,"Inflow: lived elsewhere one year ago outside the associated area, but within the UK",1,Aged 1 to 15 years,798
E12000005,West Midlands,4,"Inflow: lived elsewhere one year ago outside the associated area, but within the UK",2,Aged 16 to 24 years,3350
E12000005,West Midlands,4,"Inflow: lived elsewhere one year ago outside the associated area, but within the UK",3,Aged 25 to 34 years,1854
E12000005,West Midlands,4,"Inflow: lived elsewhere one year ago outside the associated area, but within the UK",4,Aged 35 to 49 years,1137
E12000005,West Midlands,4,"Inflow: lived elsewhere one year ago outside the associated area, but within the UK",5,Aged 50 to 64 years,863
E12000005,West Midlands,4,"Inflow: lived elsewhere one year ago outside the associated area, but within the UK",6,Aged 65 years and over,784
E12000005,West Midlands,5,Inflow: lived elsewhere one year ago outside the UK,0,Aged under 1 year,0
E12000005,West Midlands,5,Inflow: lived elsewhere one year ago outside the UK,1,Aged 1 to 15 years,7735
E12000005,West Midlands,5,Inflow: lived elsewhere one year ago outside the UK,2,Aged 16 to 24 years,11826
E12000005,West Midlands,5,Inflow: lived elsewhere one year ago outside the UK,3,Aged 25 to 34 years,12720
E12000005,West Midlands,5,Inflow: lived elsewhere one year ago outside the UK,4,Aged 35 to 49 years,8199
E12000005,West Midlands,5,Inflow: lived elsewhere one year ago outside the UK,5,Aged 50 to 64 years,3663
E12000005,West Midlands,5,Inflow: lived elsewhere one year ago outside the UK,6,Aged 65 years and over,1854
E12000006,East of England,-8,Does not apply,0,Aged under 1 year,0
E12000006,East of England,-8,Does not apply,1,Aged 1 to 15 years,0
E12000006,East of England,-8,Does not apply,2,Aged 16 to 24 years,0
E12000006,East of England,-8,Does not apply,3,Aged 25 to 34 years,0
E12000006,East of England,-8,Does not apply,4,Aged 35 to 49 years,0
E12000006,East of England,-8,Does not apply,5,Aged 50 to 64 years,0
E12000006,East of England,-8,Does not apply,6,Aged 65 years and over,0
E12000006,East of England,1,Lived at the same address one year ago,0,Aged under 1 year,0
E12000006,East of England,1,Lived at the same address one year ago,1,Aged 1 to 15 years,1012540
E12000006,East of England,1,Lived at the same address one year ago,2,Aged 16 to 24 years,483823
E12000006,East of England,1,Lived at the same address one year ago,3,Aged 25 to 34 years,633757
E12000006,East of England,1,Lived at the same address one year ago,4,Aged 35 to 49 years,1110679
E12000006,East of England,1,Lived at the same address one year ago,5,Aged 50 to 64 years,1177561
E12000006,East of England,1,Lived at the same address one year ago,6,Aged 65 years and over,1202694
E12000006,East of England,2,"Inflow: lived elsewhere one year ago, but within the same area",0,Aged under 1 year,0
E12000006,East of England,2,"Inflow: lived elsewhere one year ago, but within the same area",1,Aged 1 to 15 years,84487
E12000006,East of England,2,"Inflow: lived elsewhere one year ago, but within the same area",2,Aged 16 to 24 years,80242
E12000006,East of England,2,"Inflow: lived elsewhere one year ago, but within the same area",3,Aged 25 to 34 years,121147
E12000006,East of England,2,"Inflow: lived elsewhere one year ago, but within the same area",4,Aged 35 to 49 years,88521
E12000006,East of England,2,"Inflow: lived elsewhere one year ago, but within the same area",5,Aged 50 to 64 years,48783
E12000006,East of England,2,"Inflow: lived elsewhere one year ago, but within the same area",6,Aged 65 years and over,28939
E12000006,East of England,3,"Inflow: lived elsewhere one year ago outside the area, but within the associated area",0,Aged under 1 year,0
E12000006,East of England,3,"Inflow: lived elsewhere one year ago outside the area, but within the associated area",1,Aged 1 to 15 years,16660
E12000006,East of England,3,"Inflow: lived elsewhere one year ago outside the area, but within the associated area",2,Aged 16 to 24 years,35711
E12000006,East of England,3,"Inflow: lived elsewhere one year ago outside the area, but within the associated area",3,Aged 25 to 34 years,40351
E12000006,East of England,3,"Inflow: lived elsewhere one year ago outside the area, but within the associated area",4,Aged 35 to 49 years,25153
E12000006,East of England,3,"Inflow: lived elsewhere one year ago outside the area, but within the associated area",5,Aged 50 to 64 years,13462
E12000006,East of England,3,"Inflow: lived elsewhere one year ago outside the area, but within the associated area",6,Aged 65 years and over,8712
E12000006,East of England,4,"Inflow: lived elsewhere one year ago outside the associated area, but within the UK",0,Aged under 1 year,0
E12000006,East of England,4,"Inflow: lived elsewhere one year ago outside the associated area, but within the UK",1,Aged 1 to 15 years,369
E12000006,East of England,4,"Inflow: lived elsewhere one year ago outside the associated area, but within the UK",2,Aged 16 to 24 years,1631
E12000006,East of England,4,"Inflow: lived elsewhere one year ago outside the associated area, but within the UK",3,Aged 25 to 34 years,1125
E12000006,East of England,4,"Inflow: lived elsewhere one year ago outside the associated area, but within the UK",4,Aged 35 to 49 years,612
E12000006,East of England,4,"Inflow: lived elsewhere one year ago outside the associated area, but within the UK",5,Aged 50 to 64 years,359
E12000006,East of England,4,"Inflow: lived elsewhere one year ago outside the associated area, but within the UK",6,Aged 65 years and over,365
E12000006,East of England,5,Inflow: lived elsewhere one year ago outside the UK,0,Aged under 1 year,0
E12000006,East of England,5,Inflow: lived elsewhere one year ago outside the UK,1,Aged 1 to 15 years,7924
E12000006,East of England,5,Inflow: lived elsewhere one year ago outside the UK,2,Aged 16 to 24 years,12050
E12000006,East of England,5,Inflow: lived elsewhere one year ago outside the UK,3,Aged 25 to 34 years,15968
E12000006,East of England,5,Inflow: lived elsewhere one year ago outside the UK,4,Aged 35 to 49 years,9586
E12000006,East of England,5,Inflow: lived elsewhere one year ago outside the UK,5,Aged 50 to 64 years,4640
E12000006,East of England,5,Inflow: lived elsewhere one year ago outside the UK,6,Aged 65 years and over,2414
E12000007,London,-8,Does not apply,0,Aged under 1 year,0
E12000007,London,-8,Does not apply,1,Aged 1 to 15 years,0
E12000007,London,-8,Does not apply,2,Aged 16 to 24 years,0
E12000007,London,-8,Does not apply,3,Aged 25 to 34 years,0
E12000007,London,-8,Does not apply,4,Aged 35 to 49 years,0
E12000007,London,-8,Does not apply,5,Aged 50 to 64 years,0
E12000007,London,-8,Does not apply,6,Aged 65 years and over,0
E12000007,London,1,Lived at the same address one year ago,0,Aged under 1 year,0
E12000007,London,1,Lived at the same address one year ago,1,Aged 1 to 15 years,1443119
E12000007,London,1,Lived at the same address one year ago,2,Aged 16 to 24 years,739719
E12000007,London,1,Lived at the same address one year ago,3,Aged 25 to 34 years,1165822
E12000007,London,1,Lived at the same address one year ago,4,Aged 35 to 49 years,1767707
E12000007,London,1,Lived at the same address one year ago,5,Aged 50 to 64 years,1416236
E12000007,London,1,Lived at the same address one year ago,6,Aged 65 years and over,1015387
E12000007,London,2,"Inflow: lived elsewhere one year ago, but within the same area",0,Aged under 1 year,0
E12000007,London,2,"Inflow: lived elsewhere one year ago, but within the same area",1,Aged 1 to 15 years,120484
E12000007,London,2,"Inflow: lived elsewhere one year ago, but within the same area",2,Aged 16 to 24 years,134794
E12000007,London,2,"Inflow: lived elsewhere one year ago, but within the same area",3,Aged 25 to 34 years,330008
E12000007,London,2,"Inflow: lived elsewhere one year ago, but within the same area",4,Aged 35 to 49 years,185087
E12000007,London,2,"Inflow: lived elsewhere one year ago, but within the same area",5,Aged 50 to 64 years,54467
E12000007,London,2,"Inflow: lived elsewhere one year ago, but within the same area",6,Aged 65 years and over,18657
E12000007,London,3,"Inflow: lived elsewhere one year ago outside the area, but within the associated area",0,Aged under 1 year,0
E12000007,London,3,"Inflow: lived elsewhere one year ago outside the area, but within the associated area",1,Aged 1 to 15 years,9092
E12000007,London,3,"Inflow: lived elsewhere one year ago outside the area, but within the associated area",2,Aged 16 to 24 years,62692
E12000007,London,3,"Inflow: lived elsewhere one year ago outside the area, but within the associated area",3,Aged 25 to 34 years,45083
E12000007,London,3,"Inflow: lived elsewhere one year ago outside the area, but within the associated area",4,Aged 35 to 49 years,16210
E12000007,London,3,"Inflow: lived elsewhere one year ago outside the area, but within the associated area",5,Aged 50 to 64 years,7489
E12000007,London,3,"Inflow: lived elsewhere one year ago outside the area, but within the associated area",6,Aged 65 years and over,3826
E12000007,London,4,"Inflow: lived elsewhere one year ago outside the associated area, but within the UK",0,Aged under 1 year,0
E12000007,London,4,"Inflow: lived elsewhere one year ago outside the associated area, but within the UK",1,Aged 1 to 15 years,475
E12000007,London,4,"Inflow: lived elsewhere one year ago outside the associated area, but within the UK",2,Aged 16 to 24 years,4688
E12000007,London,4,"Inflow: lived elsewhere one year ago outside the associated area, but within the UK",3,Aged 25 to 34 years,3248
E12000007,London,4,"Inflow: lived elsewhere one year ago outside the associated area, but within the UK",4,Aged 35 to 49 years,1002
E12000007,London,4,"Inflow: lived elsewhere one year ago outside the associated area, but within the UK",5,Aged 50 to 64 years,408
E12000007,London,4,"Inflow: lived elsewhere one year ago outside the associated area, but within the UK",6,Aged 65 years and over,262
E12000007,London,5,Inflow: lived elsewhere one year ago outside the UK,0,Aged under 1 year,0
E12000007,London,5,Inflow: lived elsewhere one year ago outside the UK,1,Aged 1 to 15 years,18341
E12000007,London,5,Inflow: lived elsewhere one year ago outside the UK,2,Aged 16 to 24 years,36829
E12000007,London,5,Inflow: lived elsewhere one year ago outside the UK,3,Aged 25 to 34 years,50731
E12000007,London,5,Inflow: lived elsewhere one year ago outside the UK,4,Aged 35 to 49 years,26955
E12000007,London,5,Inflow: lived elsewhere one year ago outside the UK,5,Aged 50 to 64 years,11392
E12000007,London,5,Inflow: lived elsewhere one year ago outside the UK,6,Aged 65 years and over,5286
E12000008,South East,-8,Does not apply,0,Aged under 1 year,0
E12000008,South East,-8,Does not apply,1,Aged 1 to 15 years,0
E12000008,South East,-8,Does not apply,2,Aged 16 to 24 years,0
E12000008,South East,-8,Does not apply,3,Aged 25 to 34 years,0
E12000008,South East,-8,Does not apply,4,Aged 35 to 49 years,0
E12000008,South East,-8,Does not apply,5,Aged 50 to 64 years,0
E12000008,South East,-8,Does not apply,6,Aged 65 years and over,0
E12000008,South East,1,Lived at the same address one year ago,0,Aged under 1 year,0
E12000008,South East,1,Lived at the same address one year ago,1,Aged 1 to 15 years,1459411
E12000008,South East,1,Lived at the same address one year ago,2,Aged 16 to 24 years,684358
E12000008,South East,1,Lived at the same address one year ago,3,Aged 25 to 34 years,878270
E12000008,South East,1,Lived at the same address one year ago,4,Aged 35 to 49 years,1624431
E12000008,South East,1,Lived at the same address one year ago,5,Aged 50 to 64 years,1735038
E12000008,South East,1,Lived at the same address one year ago,6,Aged 65 years and over,1739769
E12000008,South East,2,"Inflow: lived elsewhere one year ago, but within the same area",0,Aged under 1 year,0
E12000008,South East,2,"Inflow: lived elsewhere one year ago, but within the same area",1,Aged 1 to 15 years,129271
E12000008,South East,2,"Inflow: lived elsewhere one year ago, but within the same area",2,Aged 16 to 24 years,159455
E12000008,South East,2,"Inflow: lived elsewhere one year ago, but within the same area",3,Aged 25 to 34 years,185123
E12000008,South East,2,"Inflow: lived elsewhere one year ago, but within the same area",4,Aged 35 to 49 years,141365
E12000008,South East,2,"Inflow: lived elsewhere one year ago, but within the same area",5,Aged 50 to 64 years,74978
E12000008,South East,2,"Inflow: lived elsewhere one year ago, but within the same area",6,Aged 65 years and over,44953
E12000008,South East,3,"Inflow: lived elsewhere one year ago outside the area, but within the associated area",0,Aged under 1 year,0
E12000008,South East,3,"Inflow: lived elsewhere one year ago outside the area, but within the associated area",1,Aged 1 to 15 years,28747
E12000008,South East,3,"Inflow: lived elsewhere one year ago outside the area, but within the associated area",2,Aged 16 to 24 years,66249
E12000008,South East,3,"Inflow: lived elsewhere one year ago outside the area, but within the associated area",3,Aged 25 to 34 years,61800
E12000008,South East,3,"Inflow: lived elsewhere one year ago outside the area, but within the associated area",4,Aged 35 to 49 years,43119
E12000008,South East,3,"Inflow: lived elsewhere one year ago outside the area, but within the associated area",5,Aged 50 to 64 years,20727
E12000008,South East,3,"Inflow: lived elsewhere one year ago outside the area, but within the associated area",6,Aged 65 years and over,14006
E12000008,South East,4,"Inflow: lived elsewhere one year ago outside the associated area, but within the UK",0,Aged under 1 year,0
E12000008,South East,4,"Inflow: lived elsewhere one year ago outside the associated area, but within the UK",1,Aged 1 to 15 years,737
E12000008,South East,4,"Inflow: lived elsewhere one year ago outside the associated area, but within the UK",2,Aged 16 to 24 years,4485
E12000008,South East,4,"Inflow: lived elsewhere one year ago outside the associated area, but within the UK",3,Aged 25 to 34 years,2222
E12000008,South East,4,"Inflow: lived elsewhere one year ago outside the associated area, but within the UK",4,Aged 35 to 49 years,1108
E12000008,South East,4,"Inflow: lived elsewhere one year ago outside the associated area, but within the UK",5,Aged 50 to 64 years,752
E12000008,South East,4,"Inflow: lived elsewhere one year ago outside the associated area, but within the UK",6,Aged 65 years and over,775
E12000008,South East,5,Inflow: lived elsewhere one year ago outside the UK,0,Aged under 1 year,0
E12000008,South East,5,Inflow: lived elsewhere one year ago outside the UK,1,Aged 1 to 15 years,13613
E12000008,South East,5,Inflow: lived elsewhere one year ago outside the UK,2,Aged 16 to 24 years,19028
E12000008,South East,5,Inflow: lived elsewhere one year ago outside the UK,3,Aged 25 to 34 years,22154
E12000008,South East,5,Inflow: lived elsewhere one year ago outside the UK,4,Aged 35 to 49 years,16807
E12000008,South East,5,Inflow: lived elsewhere one year ago outside the UK,5,Aged 50 to 64 years,8853
E12000008,South East,5,Inflow: lived elsewhere one year ago outside the UK,6,Aged 65 years and over,4754
E12000009,South West,-8,Does not apply,0,Aged under 1 year,0
E12000009,South West,-8,Does not apply,1,Aged 1 to 15 years,0
E12000009,South West,-8,Does not apply,2,Aged 16 to 24 years,0
E12000009,South West,-8,Does not apply,3,Aged 25 to 34 years,0
E12000009,South West,-8,Does not apply,4,Aged 35 to 49 years,0
E12000009,South West,-8,Does not apply,5,Aged 50 to 64 years,0
E12000009,South West,-8,Does not apply,6,Aged 65 years and over,0
E12000009,South West,1,Lived at the same address one year ago,0,Aged under 1 year,0
E12000009,South West,1,Lived at the same address one year ago,1,Aged 1 to 15 years,820634
E12000009,South West,1,Lived at the same address one year ago,2,Aged 16 to 24 years,401483
E12000009,South West,1,Lived at the same address one year ago,3,Aged 25 to 34 years,528442
E12000009,South West,1,Lived at the same address one year ago,4,Aged 35 to 49 years,913500
E12000009,South West,1,Lived at the same address one year ago,5,Aged 50 to 64 years,1092309
E12000009,South West,1,Lived at the same address one year ago,6,Aged 65 years and over,1224306
E12000009,South West,2,"Inflow: lived elsewhere one year ago, but within the same area",0,Aged under 1 year,0
E12000009,South West,2,"Inflow: lived elsewhere one year ago, but within the same area",1,Aged 1 to 15 years,74816
E12000009,South West,2,"Inflow: lived elsewhere one year ago, but within the same area",2,Aged 16 to 24 years,119822
E12000009,South West,2,"Inflow: lived elsewhere one year ago, but within the same area",3,Aged 25 to 34 years,118087
E12000009,South West,2,"Inflow: lived elsewhere one year ago, but within the same area",4,Aged 35 to 49 years,82296
E12000009,South West,2,"Inflow: lived elsewhere one year ago, but within the same area",5,Aged 50 to 64 years,51232
E12000009,South West,2,"Inflow: lived elsewhere one year ago, but within the same area",6,Aged 65 years and over,34417
E12000009,South West,3,"Inflow: lived elsewhere one year ago outside the area, but within the associated area",0,Aged under 1 year,0
E12000009,South West,3,"Inflow: lived elsewhere one year ago outside the area, but within the associated area",1,Aged 1 to 15 years,12157
E12000009,South West,3,"Inflow: lived elsewhere one year ago outside the area, but within the associated area",2,Aged 16 to 24 years,47420
E12000009,South West,3,"Inflow: lived elsewhere one year ago outside the area, but within the associated area",3,Aged 25 to 34 years,27184
E12000009,South West,3,"Inflow: lived elsewhere one year ago outside the area, but within the associated area",4,Aged 35 to 49 years,18390
E12000009,South West,3,"Inflow: lived elsewhere one year ago outside the area, but within the associated area",5,Aged 50 to 64 years,16600
E12000009,South West,3,"Inflow: lived elsewhere one year ago outside the area, but within the associated area",6,Aged 65 years and over,11295
E12000009,South West,4,"Inflow: lived elsewhere one year ago outside the associated area, but within the UK",0,Aged under 1 year,0
E12000009,South West,4,"Inflow: lived elsewhere one year ago outside the associated area, but within the UK",1,Aged 1 to 15 years,858
E12000009,South West,4,"Inflow: lived elsewhere one year ago outside the associated area, but within the UK",2,Aged 16 to 24 years,6527
E12000009,South West,4,"Inflow: lived elsewhere one year ago outside the associated area, but within the UK",3,Aged 25 to 34 years,3009
E12000009,South West,4,"Inflow: lived elsewhere one year ago outside the associated area, but within the UK",4,Aged 35 to 49 years,1333
E12000009,South West,4,"Inflow: lived elsewhere one year ago outside the associated area, but within the UK",5,Aged 50 to 64 years,939
E12000009,South West,4,"Inflow: lived elsewhere one year ago outside the associated area, but within the UK",6,Aged 65 years and over,893
E12000009,South West,5,Inflow: lived elsewhere one year ago outside the UK,0,Aged under 1 year,0
E12000009,South West,5,Inflow: lived elsewhere one year ago outside the UK,1,Aged 1 to 15 years,5883
E12000009,South West,5,Inflow: lived elsewhere one year ago outside the UK,2,Aged 16 to 24 years,10388
E12000009,South West,5,Inflow: lived elsewhere one year ago outside the UK,3,Aged 25 to 34 years,11389
E12000009,South West,5,Inflow: lived elsewhere one year ago outside the UK,4,Aged 35 to 49 years,7261
E12000009,South West,5,Inflow: lived elsewhere one year ago outside the UK,5,Aged 50 to 64 years,4596
E12000009,South West,5,Inflow: lived elsewhere one year ago outside the UK,6,Aged 65 years and over,2721
W92000004,Wales,-8,Does not apply,0,Aged under 1 year,0
W92000004,Wales,-8,Does not apply,1,Aged 1 to 15 years,0
W92000004,Wales,-8,Does not apply,2,Aged 16 to 24 years,0
W92000004,Wales,-8,Does not apply,3,Aged 25 to 34 years,0
W92000004,Wales,-8,Does not apply,4,Aged 35 to 49 years,0
W92000004,Wales,-8,Does not apply,5,Aged 50 to 64 years,0
W92000004,Wales,-8,Does not apply,6,Aged 65 years and over,0
W92000004,Wales,1,Lived at the same address one year ago,0,Aged under 1 year,0
W92000004,Wales,1,Lived at the same address one year ago,1,Aged 1 to 15 years,474504
W92000004,Wales,1,Lived at the same address one year ago,2,Aged 16 to 24 years,243596
W92000004,Wales,1,Lived at the same address one year ago,3,Aged 25 to 34 years,311748
W92000004,Wales,1,Lived at the same address one year ago,4,Aged 35 to 49 years,504131
W92000004,Wales,1,Lived at the same address one year ago,5,Aged 50 to 64 years,609356
W92000004,Wales,1,Lived at the same address one year ago,6,Aged 65 years and over,643393
W92000004,Wales,2,"Inflow: lived elsewhere one year ago, but within the same area",0,Aged under 1 year,0
W92000004,Wales,2,"Inflow: lived elsewhere one year ago, but within the same area",1,Aged 1 to 15 years,38827
W92000004,Wales,2,"Inflow: lived elsewhere one year ago, but within the same area",2,Aged 16 to 24 years,58636
W92000004,Wales,2,"Inflow: lived elsewhere one year ago, but within the same area",3,Aged 25 to 34 years,54081
W92000004,Wales,2,"Inflow: lived elsewhere one year ago, but within the same area",4,Aged 35 to 49 years,33649
W92000004,Wales,2,"Inflow: lived elsewhere one year ago, but within the same area",5,Aged 50 to 64 years,19941
W92000004,Wales,2,"Inflow: lived elsewhere one year ago, but within the same area",6,Aged 65 years and over,13723
W92000004,Wales,3,"Inflow: lived elsewhere one year ago outside the area, but within the associated area",0,Aged under 1 year,0
W92000004,Wales,3,"Inflow: lived elsewhere one year ago outside the area, but within the associated area",1,Aged 1 to 15 years,0
W92000004,Wales,3,"Inflow: lived elsewhere one year ago outside the area, but within the associated area",2,Aged 16 to 24 years,0
W92000004,Wales,3,"Inflow: lived elsewhere one year ago outside the area, but within the associated area",3,Aged 25 to 34 years,0
W92000004,Wales,3,"Inflow: lived elsewhere one year ago outside the area, but within the associated area",4,Aged 35 to 49 years,0
W92000004,Wales,3,"Inflow: lived elsewhere one year ago outside the area, but within the associated area",5,Aged 50 to 64 years,0
W92000004,Wales,3,"Inflow: lived elsewhere one year ago outside the area, but within the associated area",6,Aged 65 years and over,0
W92000004,Wales,4,"Inflow: lived elsewhere one year ago outside the associated area, but within the UK",0,Aged under 1 year,0
W92000004,Wales,4,"Inflow: lived elsewhere one year ago outside the associated area, but within the UK",1,Aged 1 to 15 years,4489
W92000004,Wales,4,"Inflow: lived elsewhere one year ago outside the associated area, but within the UK",2,Aged 16 to 24 years,22296
W92000004,Wales,4,"Inflow: lived elsewhere one year ago outside the associated area, but within the UK",3,Aged 25 to 34 years,11917
W92000004,Wales,4,"Inflow: lived elsewhere one year ago outside the associated area, but within the UK",4,Aged 35 to 49 years,7231
W92000004,Wales,4,"Inflow: lived elsewhere one year ago outside the associated area, but within the UK",5,Aged 50 to 64 years,7236
W92000004,Wales,4,"Inflow: lived elsewhere one year ago outside the associated area, but within the UK",6,Aged 65 years and over,4066
W92000004,Wales,5,Inflow: lived elsewhere one year ago outside the UK,0,Aged under 1 year,0
W92000004,Wales,5,Inflow: lived elsewhere one year ago outside the UK,1,Aged 1 to 15 years,1922
W92000004,Wales,5,Inflow: lived elsewhere one year ago outside the UK,2,Aged 16 to 24 years,4552
W92000004,Wales,5,Inflow: lived elsewhere one year ago outside the UK,3,Aged 25 to 34 years,4929
W92000004,Wales,5,Inflow: lived elsewhere one year ago outside the UK,4,Aged 35 to 49 years,2648
W92000004,Wales,5,Inflow: lived elsewhere one year ago outside the UK,5,Aged 50 to 64 years,1425
W92000004,Wales,5,Inflow: lived elsewhere one year ago outside the UK,6,Aged 65 years and over,859
