Countries code,Countries label,Migration Country (inflow) (5 categories) code,Migration Country (inflow) (5 categories) label,Age (F) (7 categories) code,Age (F) (7 categories) label,Count
E92000001,England,-8,Does not apply,0,Aged under 1 year,0
E92000001,England,-8,Does not apply,1,Aged 1 to 15 years,0
E92000001,England,-8,Does not apply,2,Aged 16 to 24 years,0
E92000001,England,-8,Does not apply,3,Aged 25 to 34 years,0
E92000001,England,-8,Does not apply,4,Aged 35 to 49 years,0
E92000001,England,-8,Does not apply,5,Aged 50 to 64 years,0
E92000001,England,-8,Does not apply,6,Aged 65 years and over,0
E92000001,England,1,Lived at the same address one year ago,0,Aged under 1 year,0
E92000001,England,1,Lived at the same address one year ago,1,Aged 1 to 15 years,8960932
E92000001,England,1,Lived at the same address one year ago,2,Aged 16 to 24 years,4418952
E92000001,England,1,Lived at the same address one year ago,3,Aged 25 to 34 years,5962529
E92000001,England,1,Lived at the same address one year ago,4,Aged 35 to 49 years,9886927
E92000001,England,1,Lived at the same address one year ago,5,Aged 50 to 64 years,10405456
E92000001,England,1,Lived at the same address one year ago,6,Aged 65 years and over,10075005
E92000001,England,2,"Inflow: lived elsewhere one year ago, but within the same area",0,Aged under 1 year,0
E92000001,England,2,"Inflow: lived elsewhere one year ago, but within the same area",1,Aged 1 to 15 years,861917
E92000001,England,2,"Inflow: lived elsewhere one year ago, but within the same area",2,Aged 16 to 24 years,1406312
E92000001,England,2,"Inflow: lived elsewhere one year ago, but within the same area",3,Aged 25 to 34 years,1529786
E92000001,England,2,"Inflow: lived elsewhere one year ago, but within the same area",4,Aged 35 to 49 years,988006
E92000001,England,2,"Inflow: lived elsewhere one year ago, but within the same area",5,Aged 50 to 64 years,512561
E92000001,England,2,"Inflow: lived elsewhere one year ago, but within the same area",6,Aged 65 years and over,297932
E92000001,England,3,"Inflow: lived elsewhere one year ago outside the area, but within the associated area",0,Aged under 1 year,0
E92000001,England,3,"Inflow: lived elsewhere one year ago outside the area, but within the associated area",1,Aged 1 to 15 years,5386
E92000001,England,3,"Inflow: lived elsewhere one year ago outside the area, but within the associated area",2,Aged 16 to 24 years,33325
E92000001,England,3,"Inflow: lived elsewhere one year ago outside the area, but within the associated area",3,Aged 25 to 34 years,17989
E92000001,England,3,"Inflow: lived elsewhere one year ago outside the area, but within the associated area",4,Aged 35 to 49 years,8399
E92000001,England,3,"Inflow: lived elsewhere one year ago outside the area, but within the associated area",5,Aged 50 to 64 years,5813
E92000001,England,3,"Inflow: lived elsewhere one year ago outside the area, but within the associated area",6,Aged 65 years and over,5071
E92000001,England,4,Inflow: lived elsewhere one year ago outside the UK,0,Aged under 1 year,0
E92000001,England,4,Inflow: lived elsewhere one year ago outside the UK,1,Aged 1 to 15 years,75868
E92000001,England,4,Inflow: lived elsewhere one year ago outside the UK,2,Aged 16 to 24 years,130644
E92000001,England,4,Inflow: lived elsewhere one year ago outside the UK,3,Aged 25 to 34 years,157560
E92000001,England,4,Inflow: lived elsewhere one year ago outside the UK,4,Aged 35 to 49 years,95106
E92000001,England,4,Inflow: lived elsewhere one year ago outside the UK,5,Aged 50 to 64 years,46290
E92000001,England,4,Inflow: lived elsewhere one year ago outside the UK,6,Aged 65 years and over,23293
W92000004,Wales,-8,Does not apply,0,Aged under 1 year,0
W92000004,Wales,-8,Does not apply,1,Aged 1 to 15 years,0
W92000004,Wales,-8,Does not apply,2,Aged 16 to 24 years,0
W92000004,Wales,-8,Does not apply,3,Aged 25 to 34 years,0
W92000004,Wales,-8,Does not apply,4,Aged 35 to 49 years,0
W92000004,Wales,-8,Does not apply,5,Aged 50 to 64 years,0
W92000004,Wales,-8,Does not apply,6,Aged 65 years and over,0
W92000004,Wales,1,Lived at the same address one year ago,0,Aged under 1 year,0
W92000004,Wales,1,Lived at the same address one year ago,1,Aged 1 to 15 years,474504
W92000004,Wales,1,Lived at the same address one year ago,2,Aged 16 to 24 years,243596
W92000004,Wales,1,Lived at the same address one year ago,3,Aged 25 to 34 years,311748
W92000004,Wales,1,Lived at the same address one year ago,4,Aged 35 to 49 years,504131
W92000004,Wales,1,Lived at the same address one year ago,5,Aged 50 to 64 years,609356
W92000004,Wales,1,Lived at the same address one year ago,6,Aged 65 years and over,643393
W92000004,Wales,2,"Inflow: lived elsewhere one year ago, but within the same area",0,Aged under 1 year,0
W92000004,Wales,2,"Inflow: lived elsewhere one year ago, but within the same area",1,Aged 1 to 15 years,38827
W92000004,Wales,2,"Inflow: lived elsewhere one year ago, but within the same area",2,Aged 16 to 24 years,58636
W92000004,Wales,2,"Inflow: lived elsewhere one year ago, but within the same area",3,Aged 25 to 34 years,54081
W92000004,Wales,2,"Inflow: lived elsewhere one year ago, but within the same area",4,Aged 35 to 49 years,33649
W92000004,Wales,2,"Inflow: lived elsewhere one year ago, but within the same area",5,Aged 50 to 64 years,19941
W92000004,Wales,2,"Inflow: lived elsewhere one year ago, but within the same area",6,Aged 65 years and over,13723
W92000004,Wales,3,"Inflow: lived elsewhere one year ago outside the area, but within the associated area",0,Aged under 1 year,0
W92000004,Wales,3,"Inflow: lived elsewhere one year ago outside the area, but within the associated area",1,Aged 1 to 15 years,4489
W92000004,Wales,3,"Inflow: lived elsewhere one year ago outside the area, but within the associated area",2,Aged 16 to 24 years,22296
W92000004,Wales,3,"Inflow: lived elsewhere one year ago outside the area, but within the associated area",3,Aged 25 to 34 years,11917
W92000004,Wales,3,"Inflow: lived elsewhere one year ago outside the area, but within the associated area",4,Aged 35 to 49 years,7231
W92000004,Wales,3,"Inflow: lived elsewhere one year ago outside the area, but within the associated area",5,Aged 50 to 64 years,7236
W92000004,Wales,3,"Inflow: lived elsewhere one year ago outside the area, but within the associated area",6,Aged 65 years and over,4066
W92000004,Wales,4,Inflow: lived elsewhere one year ago outside the UK,0,Aged under 1 year,0
W92000004,Wales,4,Inflow: lived elsewhere one year ago outside the UK,1,Aged 1 to 15 years,1922
W92000004,Wales,4,Inflow: lived elsewhere one year ago outside the UK,2,Aged 16 to 24 years,4552
W92000004,Wales,4,Inflow: lived elsewhere one year ago outside the UK,3,Aged 25 to 34 years,4929
W92000004,Wales,4,Inflow: lived elsewhere one year ago outside the UK,4,Aged 35 to 49 years,2648
W92000004,Wales,4,Inflow: lived elsewhere one year ago outside the UK,5,Aged 50 to 64 years,1425
W92000004,Wales,4,Inflow: lived elsewhere one year ago outside the UK,6,Aged 65 years and over,859
