England and Wales code,England and Wales label,Migration National (inflow) (4 categories) code,Migration National (inflow) (4 categories) label,Age (F) (7 categories) code,Age (F) (7 categories) label,Count
K04000001,England and Wales,-8,Does not apply,0,Aged under 1 year,0
K04000001,England and Wales,-8,Does not apply,1,Aged 1 to 15 years,0
K04000001,England and Wales,-8,Does not apply,2,Aged 16 to 24 years,0
K04000001,England and Wales,-8,Does not apply,3,Aged 25 to 34 years,0
K04000001,England and Wales,-8,Does not apply,4,Aged 35 to 49 years,0
K04000001,England and Wales,-8,Does not apply,5,Aged 50 to 64 years,0
K04000001,England and Wales,-8,Does not apply,6,Aged 65 years and over,0
K04000001,England and Wales,1,Lived at the same address one year ago,0,Aged under 1 year,0
K04000001,England and Wales,1,Lived at the same address one year ago,1,Aged 1 to 15 years,9435436
K04000001,England and Wales,1,Lived at the same address one year ago,2,Aged 16 to 24 years,4662548
K04000001,England and Wales,1,Lived at the same address one year ago,3,Aged 25 to 34 years,6274277
K04000001,England and Wales,1,Lived at the same address one year ago,4,Aged 35 to 49 years,10391058
K04000001,England and Wales,1,Lived at the same address one year ago,5,Aged 50 to 64 years,11014812
K04000001,England and Wales,1,Lived at the same address one year ago,6,Aged 65 years and over,10718398
K04000001,England and Wales,2,"Inflow: lived elsewhere one year ago, but within the same area",0,Aged under 1 year,0
K04000001,England and Wales,2,"Inflow: lived elsewhere one year ago, but within the same area",1,Aged 1 to 15 years,910619
K04000001,England and Wales,2,"Inflow: lived elsewhere one year ago, but within the same area",2,Aged 16 to 24 years,1520569
K04000001,England and Wales,2,"Inflow: lived elsewhere one year ago, but within the same area",3,Aged 25 to 34 years,1613773
K04000001,England and Wales,2,"Inflow: lived elsewhere one year ago, but within the same area",4,Aged 35 to 49 years,1037285
K04000001,England and Wales,2,"Inflow: lived elsewhere one year ago, but within the same area",5,Aged 50 to 64 years,545551
K04000001,England and Wales,2,"Inflow: lived elsewhere one year ago, but within the same area",6,Aged 65 years and over,320795
K04000001,England and Wales,3,Inflow: lived elsewhere one year ago outside the UK,0,Aged under 1 year,0
K04000001,England and Wales,3,Inflow: lived elsewhere one year ago outside the UK,1,Aged 1 to 15 years,77790
K04000001,England and Wales,3,Inflow: lived elsewhere one year ago outside the UK,2,Aged 16 to 24 years,135196
K04000001,England and Wales,3,Inflow: lived elsewhere one year ago outside the UK,3,Aged 25 to 34 years,162489
K04000001,England and Wales,3,Inflow: lived elsewhere one year ago outside the UK,4,Aged 35 to 49 years,97754
K04000001,England and Wales,3,Inflow: lived elsewhere one year ago outside the UK,5,Aged 50 to 64 years,47715
K04000001,England and Wales,3,Inflow: lived elsewhere one year ago outside the UK,6,Aged 65 years and over,24152
